  0
SECTION
  2
HEADER
  9
$ACADVER
  1
AC1018
  9
$ACADMAINTVER
 70
0
  9
$DWGCODEPAGE
  3
ANSI_1252
  9
$LASTSAVEDBY
  1
ezdxf
  9
$INSBASE
 10
0.0
 20
0.0
 30
0.0
  9
$EXTMIN
 10
1e+20
 20
1e+20
 30
1e+20
  9
$EXTMAX
 10
-1e+20
 20
-1e+20
 30
-1e+20
  9
$LIMMIN
 10
0.0
 20
0.0
  9
$LIMMAX
 10
420.0
 20
297.0
  9
$ORTHOMODE
 70
0
  9
$REGENMODE
 70
1
  9
$FILLMODE
 70
1
  9
$QTEXTMODE
 70
0
  9
$MIRRTEXT
 70
1
  9
$LTSCALE
 40
1.0
  9
$ATTMODE
 70
1
  9
$TEXTSIZE
 40
2.5
  9
$TRACEWID
 40
1.0
  9
$TEXTSTYLE
  7
OpenSans
  9
$CLAYER
  8
0
  9
$CELTYPE
  6
ByLayer
  9
$CECOLOR
 62
256
  9
$CELTSCALE
 40
1.0
  9
$DISPSILH
 70
0
  9
$DIMSCALE
 40
1.0
  9
$DIMASZ
 40
0.175
  9
$DIMEXO
 40
0.125
  9
$DIMDLI
 40
3.75
  9
$DIMRND
 40
0.0
  9
$DIMDLE
 40
0.0
  9
$DIMEXE
 40
0.375
  9
$DIMTP
 40
0.0
  9
$DIMTM
 40
0.0
  9
$DIMTXT
 40
0.25
  9
$DIMCEN
 40
2.5
  9
$DIMTSZ
 40
0.0
  9
$DIMTOL
 70
0
  9
$DIMLIM
 70
0
  9
$DIMTIH
 70
0
  9
$DIMTOH
 70
0
  9
$DIMSE1
 70
0
  9
$DIMSE2
 70
0
  9
$DIMTAD
 70
1
  9
$DIMZIN
 70
12
  9
$DIMBLK
  1
ARCHTICK
  9
$DIMASO
 70
1
  9
$DIMSHO
 70
1
  9
$DIMPOST
  1

  9
$DIMAPOST
  1

  9
$DIMALT
 70
0
  9
$DIMALTD
 70
3
  9
$DIMALTF
 40
0.03937007874
  9
$DIMLFAC
 40
100.0
  9
$DIMTOFL
 70
1
  9
$DIMTVP
 40
0.0
  9
$DIMTIX
 70
0
  9
$DIMSOXD
 70
0
  9
$DIMSAH
 70
0
  9
$DIMBLK1
  1

  9
$DIMBLK2
  1

  9
$DIMSTYLE
  2
EZDXF
  9
$DIMCLRD
 70
0
  9
$DIMCLRE
 70
0
  9
$DIMCLRT
 70
0
  9
$DIMTFAC
 40
0.5
  9
$DIMGAP
 40
0.1
  9
$DIMJUST
 70
0
  9
$DIMSD1
 70
0
  9
$DIMSD2
 70
0
  9
$DIMTOLJ
 70
0
  9
$DIMTZIN
 70
8
  9
$DIMALTZ
 70
0
  9
$DIMALTTZ
 70
0
  9
$DIMUPT
 70
1
  9
$DIMDEC
 70
2
  9
$DIMTDEC
 70
2
  9
$DIMALTU
 70
2
  9
$DIMALTTD
 70
3
  9
$DIMTXSTY
  7
OpenSansCondensed-Light
  9
$DIMAUNIT
 70
0
  9
$DIMADEC
 70
2
  9
$DIMALTRND
 40
0.0
  9
$DIMAZIN
 70
3
  9
$DIMDSEP
 70
46
  9
$DIMATFIT
 70
3
  9
$DIMFRAC
 70
0
  9
$DIMLDRBLK
  1

  9
$DIMLUNIT
 70
2
  9
$DIMLWD
 70
-2
  9
$DIMLWE
 70
-2
  9
$DIMTMOVE
 70
2
  9
$LUNITS
 70
2
  9
$LUPREC
 70
4
  9
$SKETCHINC
 40
1.0
  9
$FILLETRAD
 40
10.0
  9
$AUNITS
 70
0
  9
$AUPREC
 70
2
  9
$MENU
  1
.
  9
$ELEVATION
 40
0.0
  9
$PELEVATION
 40
0.0
  9
$THICKNESS
 40
0.0
  9
$LIMCHECK
 70
0
  9
$CHAMFERA
 40
0.0
  9
$CHAMFERB
 40
0.0
  9
$CHAMFERC
 40
0.0
  9
$CHAMFERD
 40
0.0
  9
$SKPOLY
 70
0
  9
$TDCREATE
 40
2451545.0
  9
$TDUCREATE
 40
2451545.0
  9
$TDUPDATE
 40
2451545.0
  9
$TDUUPDATE
 40
2451545.0
  9
$TDINDWG
 40
0.0
  9
$TDUSRTIMER
 40
0.0
  9
$USRTIMER
 70
1
  9
$ANGBASE
 50
0.0
  9
$ANGDIR
 70
0
  9
$PDMODE
 70
0
  9
$PDSIZE
 40
0.0
  9
$PLINEWID
 40
0.0
  9
$SPLFRAME
 70
0
  9
$SPLINETYPE
 70
6
  9
$SPLINESEGS
 70
8
  9
$HANDSEED
  5
85E
  9
$SURFTAB1
 70
6
  9
$SURFTAB2
 70
6
  9
$SURFTYPE
 70
6
  9
$SURFU
 70
6
  9
$SURFV
 70
6
  9
$UCSBASE
  2

  9
$UCSNAME
  2

  9
$UCSORG
 10
0.0
 20
0.0
 30
0.0
  9
$UCSXDIR
 10
1.0
 20
0.0
 30
0.0
  9
$UCSYDIR
 10
0.0
 20
1.0
 30
0.0
  9
$UCSORTHOREF
  2

  9
$UCSORTHOVIEW
 70
0
  9
$UCSORGTOP
 10
0.0
 20
0.0
 30
0.0
  9
$UCSORGBOTTOM
 10
0.0
 20
0.0
 30
0.0
  9
$UCSORGLEFT
 10
0.0
 20
0.0
 30
0.0
  9
$UCSORGRIGHT
 10
0.0
 20
0.0
 30
0.0
  9
$UCSORGFRONT
 10
0.0
 20
0.0
 30
0.0
  9
$UCSORGBACK
 10
0.0
 20
0.0
 30
0.0
  9
$PUCSBASE
  2

  9
$PUCSNAME
  2

  9
$PUCSORG
 10
0.0
 20
0.0
 30
0.0
  9
$PUCSXDIR
 10
1.0
 20
0.0
 30
0.0
  9
$PUCSYDIR
 10
0.0
 20
1.0
 30
0.0
  9
$PUCSORTHOREF
  2

  9
$PUCSORTHOVIEW
 70
0
  9
$PUCSORGTOP
 10
0.0
 20
0.0
 30
0.0
  9
$PUCSORGBOTTOM
 10
0.0
 20
0.0
 30
0.0
  9
$PUCSORGLEFT
 10
0.0
 20
0.0
 30
0.0
  9
$PUCSORGRIGHT
 10
0.0
 20
0.0
 30
0.0
  9
$PUCSORGFRONT
 10
0.0
 20
0.0
 30
0.0
  9
$PUCSORGBACK
 10
0.0
 20
0.0
 30
0.0
  9
$USERI1
 70
0
  9
$USERI2
 70
0
  9
$USERI3
 70
0
  9
$USERI4
 70
0
  9
$USERI5
 70
0
  9
$USERR1
 40
0.0
  9
$USERR2
 40
0.0
  9
$USERR3
 40
0.0
  9
$USERR4
 40
0.0
  9
$USERR5
 40
0.0
  9
$WORLDVIEW
 70
1
  9
$SHADEDGE
 70
3
  9
$SHADEDIF
 70
70
  9
$TILEMODE
 70
1
  9
$MAXACTVP
 70
64
  9
$PINSBASE
 10
0.0
 20
0.0
 30
0.0
  9
$PLIMCHECK
 70
0
  9
$PEXTMIN
 10
1e+20
 20
1e+20
 30
1e+20
  9
$PEXTMAX
 10
-1e+20
 20
-1e+20
 30
-1e+20
  9
$PLIMMIN
 10
-0.0
 20
-0.0
  9
$PLIMMAX
 10
841.0
 20
594.0
  9
$UNITMODE
 70
0
  9
$VISRETAIN
 70
1
  9
$PLINEGEN
 70
0
  9
$PSLTSCALE
 70
1
  9
$TREEDEPTH
 70
3020
  9
$CMLSTYLE
  2
Standard
  9
$CMLJUST
 70
0
  9
$CMLSCALE
 40
20.0
  9
$PROXYGRAPHICS
 70
1
  9
$MEASUREMENT
 70
1
  9
$CELWEIGHT
370
-1
  9
$ENDCAPS
280
0
  9
$JOINSTYLE
280
0
  9
$LWDISPLAY
290
0
  9
$INSUNITS
 70
4
  9
$HYPERLINKBASE
  1

  9
$STYLESHEET
  1

  9
$XEDIT
290
1
  9
$CEPSNTYPE
380
0
  9
$PSTYLEMODE
290
1
  9
$FINGERPRINTGUID
  2
{00000000-0000-0000-0000-000000000000}
  9
$VERSIONGUID
  2
{00000000-0000-0000-0000-000000000000}
  9
$EXTNAMES
290
1
  9
$PSVPSCALE
 40
0.0
  9
$OLESTARTUP
290
0
  9
$SORTENTS
280
127
  9
$INDEXCTL
280
0
  9
$HIDETEXT
280
1
  9
$XCLIPFRAME
290
1
  9
$HALOGAP
280
0
  9
$OBSCOLOR
 70
257
  9
$OBSLTYPE
280
0
  9
$INTERSECTIONDISPLAY
280
0
  9
$INTERSECTIONCOLOR
 70
257
  9
$DIMASSOC
280
2
  9
$PROJECTNAME
  1

  0
ENDSEC
  0
SECTION
  2
CLASSES
  0
CLASS
  1
ACDBDICTIONARYWDFLT
  2
AcDbDictionaryWithDefault
  3
ObjectDBX Classes
 90
0
 91
0
280
0
281
0
  0
CLASS
  1
ACDBPLACEHOLDER
  2
AcDbPlaceHolder
  3
ObjectDBX Classes
 90
0
 91
0
280
0
281
0
  0
CLASS
  1
DICTIONARYVAR
  2
AcDbDictionaryVar
  3
ObjectDBX Classes
 90
0
 91
0
280
0
281
0
  0
CLASS
  1
LAYOUT
  2
AcDbLayout
  3
ObjectDBX Classes
 90
0
 91
0
280
0
281
0
  0
CLASS
  1
MATERIAL
  2
AcDbMaterial
  3
ObjectDBX Classes
 90
1153
 91
0
280
0
281
0
  0
CLASS
  1
MLEADERSTYLE
  2
AcDbMLeaderStyle
  3
ACDB_MLEADERSTYLE_CLASS
 90
4095
 91
0
280
0
281
0
  0
CLASS
  1
VISUALSTYLE
  2
AcDbVisualStyle
  3
ObjectDBX Classes
 90
4095
 91
0
280
0
281
0
  0
CLASS
  1
SUN
  2
AcDbSun
  3
SCENEOE
 90
1153
 91
0
280
0
281
0
  0
CLASS
  1
SCALE
  2
AcDbScale
  3
ObjectDBX Classes
 90
1153
 91
0
280
0
281
0
  0
CLASS
  1
TABLESTYLE
  2
AcDbTableStyle
  3
ObjectDBX Classes
 90
4095
 91
0
280
0
281
0
  0
CLASS
  1
CELLSTYLEMAP
  2
AcDbCellStyleMap
  3
ObjectDBX Classes
 90
1152
 91
0
280
0
281
0
  0
CLASS
  1
MENTALRAYRENDERSETTINGS
  2
AcDbMentalRayRenderSettings
  3
SCENEOE
 90
1024
 91
0
280
0
281
0
  0
CLASS
  1
ACDBDETAILVIEWSTYLE
  2
AcDbDetailViewStyle
  3
ObjectDBX Classes
 90
1025
 91
0
280
0
281
0
  0
CLASS
  1
ACDBSECTIONVIEWSTYLE
  2
AcDbSectionViewStyle
  3
ObjectDBX Classes
 90
1025
 91
0
280
0
281
0
  0
CLASS
  1
RASTERVARIABLES
  2
AcDbRasterVariables
  3
ISM
 90
0
 91
0
280
0
281
0
  0
ENDSEC
  0
SECTION
  2
TABLES
  0
TABLE
  2
VPORT
  5
8
330
0
100
AcDbSymbolTable
 70
1
  0
VPORT
  5
23
330
8
100
AcDbSymbolTableRecord
100
AcDbViewportTableRecord
  2
*Active
 70
0
 10
0.0
 20
0.0
 11
1.0
 21
1.0
 12
0.0
 22
0.0
 13
0.0
 23
0.0
 14
0.5
 24
0.5
 15
0.5
 25
0.5
 16
0.0
 26
0.0
 36
1.0
 17
0.0
 27
0.0
 37
0.0
 40
1000.0
 41
1.34
 42
50.0
 43
0.0
 44
0.0
 50
0.0
 51
0.0
 71
0
 72
1000
 73
1
 74
3
 75
0
 76
0
 77
0
 78
0
281
0
 65
0
146
0.0
  0
ENDTAB
  0
TABLE
  2
LTYPE
  5
2
330
0
100
AcDbSymbolTable
 70
21
  0
LTYPE
  5
24
330
2
100
AcDbSymbolTableRecord
100
AcDbLinetypeTableRecord
  2
ByBlock
 70
0
  3

 72
65
 73
0
 40
0.0
  0
LTYPE
  5
25
330
2
100
AcDbSymbolTableRecord
100
AcDbLinetypeTableRecord
  2
ByLayer
 70
0
  3

 72
65
 73
0
 40
0.0
  0
LTYPE
  5
26
330
2
100
AcDbSymbolTableRecord
100
AcDbLinetypeTableRecord
  2
Continuous
 70
0
  3

 72
65
 73
0
 40
0.0
  0
LTYPE
  5
2F
330
2
100
AcDbSymbolTableRecord
100
AcDbLinetypeTableRecord
  2
CENTER
 70
0
  3
Center ____ _ ____ _ ____ _ ____ _ ____ _ ____
 72
65
 73
4
 40
5.08
 49
3.175
 74
0
 49
-0.635
 74
0
 49
0.635
 74
0
 49
-0.635
 74
0
  0
LTYPE
  5
30
330
2
100
AcDbSymbolTableRecord
100
AcDbLinetypeTableRecord
  2
CENTERX2
 70
0
  3
Center (2x) ________  __  ________  __  ________
 72
65
 73
4
 40
8.89
 49
6.35
 74
0
 49
-0.635
 74
0
 49
1.27
 74
0
 49
-0.635
 74
0
  0
LTYPE
  5
31
330
2
100
AcDbSymbolTableRecord
100
AcDbLinetypeTableRecord
  2
CENTER2
 70
0
  3
Center (.5x) ____ _ ____ _ ____ _ ____ _ ____
 72
65
 73
4
 40
2.54
 49
1.587
 74
0
 49
-0.318
 74
0
 49
0.318
 74
0
 49
-0.318
 74
0
  0
LTYPE
  5
32
330
2
100
AcDbSymbolTableRecord
100
AcDbLinetypeTableRecord
  2
DASHED
 70
0
  3
Dashed __ __ __ __ __ __ __ __ __ __ __ __ __ _
 72
65
 73
2
 40
1.524
 49
1.27
 74
0
 49
-0.254
 74
0
  0
LTYPE
  5
33
330
2
100
AcDbSymbolTableRecord
100
AcDbLinetypeTableRecord
  2
DASHEDX2
 70
0
  3
Dashed (2x) ____  ____  ____  ____  ____  ____
 72
65
 73
2
 40
3.048
 49
2.54
 74
0
 49
-0.508
 74
0
  0
LTYPE
  5
34
330
2
100
AcDbSymbolTableRecord
100
AcDbLinetypeTableRecord
  2
DASHED2
 70
0
  3
Dashed (.5x) _ _ _ _ _ _ _ _ _ _ _ _ _ _
 72
65
 73
2
 40
0.762
 49
0.635
 74
0
 49
-0.127
 74
0
  0
LTYPE
  5
35
330
2
100
AcDbSymbolTableRecord
100
AcDbLinetypeTableRecord
  2
PHANTOM
 70
0
  3
Phantom ______  __  __  ______  __  __  ______
 72
65
 73
6
 40
6.35
 49
3.175
 74
0
 49
-0.635
 74
0
 49
0.635
 74
0
 49
-0.635
 74
0
 49
0.635
 74
0
 49
-0.635
 74
0
  0
LTYPE
  5
36
330
2
100
AcDbSymbolTableRecord
100
AcDbLinetypeTableRecord
  2
PHANTOMX2
 70
0
  3
Phantom (2x)____________    ____    ____    ____________
 72
65
 73
6
 40
10.795
 49
6.35
 74
0
 49
-0.635
 74
0
 49
1.27
 74
0
 49
-0.635
 74
0
 49
1.27
 74
0
 49
-0.635
 74
0
  0
LTYPE
  5
37
330
2
100
AcDbSymbolTableRecord
100
AcDbLinetypeTableRecord
  2
PHANTOM2
 70
0
  3
Phantom (.5x) ___ _ _ ___ _ _ ___ _ _ ___ _ _ ___
 72
65
 73
6
 40
3.175
 49
1.587
 74
0
 49
-0.318
 74
0
 49
0.318
 74
0
 49
-0.318
 74
0
 49
0.318
 74
0
 49
-0.318
 74
0
  0
LTYPE
  5
38
330
2
100
AcDbSymbolTableRecord
100
AcDbLinetypeTableRecord
  2
DASHDOT
 70
0
  3
Dash dot __ . __ . __ . __ . __ . __ . __ . __
 72
65
 73
4
 40
3.556
 49
2.54
 74
0
 49
-0.508
 74
0
 49
0.0
 74
0
 49
-0.508
 74
0
  0
LTYPE
  5
39
330
2
100
AcDbSymbolTableRecord
100
AcDbLinetypeTableRecord
  2
DASHDOTX2
 70
0
  3
Dash dot (2x) ____  .  ____  .  ____  .  ____
 72
65
 73
4
 40
6.096
 49
5.08
 74
0
 49
-0.508
 74
0
 49
0.0
 74
0
 49
-0.508
 74
0
  0
LTYPE
  5
3A
330
2
100
AcDbSymbolTableRecord
100
AcDbLinetypeTableRecord
  2
DASHDOT2
 70
0
  3
Dash dot (.5x) _ . _ . _ . _ . _ . _ . _ . _
 72
65
 73
4
 40
1.778
 49
1.27
 74
0
 49
-0.254
 74
0
 49
0.0
 74
0
 49
-0.254
 74
0
  0
LTYPE
  5
3B
330
2
100
AcDbSymbolTableRecord
100
AcDbLinetypeTableRecord
  2
DOT
 70
0
  3
Dot .  .  .  .  .  .  .  .  .  .  .  .  .  .  .  .
 72
65
 73
2
 40
0.508
 49
0.0
 74
0
 49
-0.508
 74
0
  0
LTYPE
  5
3C
330
2
100
AcDbSymbolTableRecord
100
AcDbLinetypeTableRecord
  2
DOTX2
 70
0
  3
Dot (2x) .    .    .    .    .    .    .    . 
 72
65
 73
2
 40
1.016
 49
0.0
 74
0
 49
-1.016
 74
0
  0
LTYPE
  5
3D
330
2
100
AcDbSymbolTableRecord
100
AcDbLinetypeTableRecord
  2
DOT2
 70
0
  3
Dot (.5) . . . . . . . . . . . . . . . . . . . 
 72
65
 73
2
 40
0.254
 49
0.0
 74
0
 49
-0.254
 74
0
  0
LTYPE
  5
3E
330
2
100
AcDbSymbolTableRecord
100
AcDbLinetypeTableRecord
  2
DIVIDE
 70
0
  3
Divide __ . . __ . . __ . . __ . . __ . . __
 72
65
 73
6
 40
4.064
 49
2.54
 74
0
 49
-0.508
 74
0
 49
0.0
 74
0
 49
-0.508
 74
0
 49
0.0
 74
0
 49
-0.508
 74
0
  0
LTYPE
  5
3F
330
2
100
AcDbSymbolTableRecord
100
AcDbLinetypeTableRecord
  2
DIVIDEX2
 70
0
  3
Divide (2x) ____  . .  ____  . .  ____  . .  ____
 72
65
 73
6
 40
6.604
 49
5.08
 74
0
 49
-0.508
 74
0
 49
0.0
 74
0
 49
-0.508
 74
0
 49
0.0
 74
0
 49
-0.508
 74
0
  0
LTYPE
  5
40
330
2
100
AcDbSymbolTableRecord
100
AcDbLinetypeTableRecord
  2
DIVIDE2
 70
0
  3
Divide(.5x) _ . _ . _ . _ . _ . _ . _ . _
 72
65
 73
6
 40
2.032
 49
1.27
 74
0
 49
-0.254
 74
0
 49
0.0
 74
0
 49
-0.254
 74
0
 49
0.0
 74
0
 49
-0.254
 74
0
  0
ENDTAB
  0
TABLE
  2
LAYER
  5
1
330
0
100
AcDbSymbolTable
 70
28
  0
LAYER
  5
27
330
1
100
AcDbSymbolTableRecord
100
AcDbLayerTableRecord
  2
0
 70
0
 62
7
  6
Continuous
370
-3
390
13
  0
LAYER
  5
28
330
1
100
AcDbSymbolTableRecord
100
AcDbLayerTableRecord
  2
Defpoints
 70
0
 62
7
  6
Continuous
290
0
370
-3
390
13
  0
LAYER
  5
8A
330
1
100
AcDbSymbolTableRecord
100
AcDbLayerTableRecord
  2
A-COLS
 70
0
 62
1
  6
Continuous
370
-3
390
13
  0
LAYER
  5
8B
330
1
100
AcDbSymbolTableRecord
100
AcDbLayerTableRecord
  2
A-COLS-HATCH
 70
0
 62
1
  6
Continuous
370
-3
390
13
  0
LAYER
  5
8C
330
1
100
AcDbSymbolTableRecord
100
AcDbLayerTableRecord
  2
A-DOOR
 70
0
 62
3
  6
Continuous
370
-3
390
13
  0
LAYER
  5
8D
330
1
100
AcDbSymbolTableRecord
100
AcDbLayerTableRecord
  2
A-FURN
 70
0
 62
6
  6
Continuous
370
-3
390
13
  0
LAYER
  5
8E
330
1
100
AcDbSymbolTableRecord
100
AcDbLayerTableRecord
  2
A-GLAZ
 70
0
 62
4
  6
Continuous
370
-3
390
13
  0
LAYER
  5
8F
330
1
100
AcDbSymbolTableRecord
100
AcDbLayerTableRecord
  2
A-GRID
 70
0
 62
8
  6
Continuous
370
-3
390
13
  0
LAYER
  5
90
330
1
100
AcDbSymbolTableRecord
100
AcDbLayerTableRecord
  2
A-GRID-TEXT
 70
0
 62
2
  6
Continuous
370
-3
390
13
  0
LAYER
  5
91
330
1
100
AcDbSymbolTableRecord
100
AcDbLayerTableRecord
  2
A-HIDDEN
 70
0
 62
8
  6
Continuous
370
-3
390
13
  0
LAYER
  5
92
330
1
100
AcDbSymbolTableRecord
100
AcDbLayerTableRecord
  2
A-LEVEL
 70
0
 62
2
  6
Continuous
370
-3
390
13
  0
LAYER
  5
93
330
1
100
AcDbSymbolTableRecord
100
AcDbLayerTableRecord
  2
A-LOW-WALL
 70
0
 62
8
  6
Continuous
370
-3
390
13
  0
LAYER
  5
94
330
1
100
AcDbSymbolTableRecord
100
AcDbLayerTableRecord
  2
A-RCC
 70
0
 62
9
  6
Continuous
370
-3
390
13
  0
LAYER
  5
95
330
1
100
AcDbSymbolTableRecord
100
AcDbLayerTableRecord
  2
A-RCC-HATCH
 70
0
 62
9
  6
Continuous
370
-3
390
13
  0
LAYER
  5
96
330
1
100
AcDbSymbolTableRecord
100
AcDbLayerTableRecord
  2
A-ROOM-NAME
 70
0
 62
2
  6
Continuous
370
-3
390
13
  0
LAYER
  5
97
330
1
100
AcDbSymbolTableRecord
100
AcDbLayerTableRecord
  2
A-SCHED
 70
0
 62
7
  6
Continuous
370
-3
390
13
  0
LAYER
  5
98
330
1
100
AcDbSymbolTableRecord
100
AcDbLayerTableRecord
  2
A-SCHED-TEXT
 70
0
 62
2
  6
Continuous
370
-3
390
13
  0
LAYER
  5
99
330
1
100
AcDbSymbolTableRecord
100
AcDbLayerTableRecord
  2
A-SECT
 70
0
 62
7
  6
Continuous
370
-3
390
13
  0
LAYER
  5
9A
330
1
100
AcDbSymbolTableRecord
100
AcDbLayerTableRecord
  2
A-STAIR
 70
0
 62
5
  6
Continuous
370
-3
390
13
  0
LAYER
  5
9B
330
1
100
AcDbSymbolTableRecord
100
AcDbLayerTableRecord
  2
A-TAG
 70
0
 62
2
  6
Continuous
370
-3
390
13
  0
LAYER
  5
9C
330
1
100
AcDbSymbolTableRecord
100
AcDbLayerTableRecord
  2
A-TEXT
 70
0
 62
7
  6
Continuous
370
-3
390
13
  0
LAYER
  5
9D
330
1
100
AcDbSymbolTableRecord
100
AcDbLayerTableRecord
  2
A-TITLE
 70
0
 62
7
  6
Continuous
370
-3
390
13
  0
LAYER
  5
9E
330
1
100
AcDbSymbolTableRecord
100
AcDbLayerTableRecord
  2
A-WALL
 70
0
 62
7
  6
Continuous
370
-3
390
13
  0
LAYER
  5
9F
330
1
100
AcDbSymbolTableRecord
100
AcDbLayerTableRecord
  2
DIMENSION
 70
0
 62
3
  6
Continuous
370
-3
390
13
  0
LAYER
  5
A0
330
1
100
AcDbSymbolTableRecord
100
AcDbLayerTableRecord
  2
DIMENTION
 70
0
 62
3
  6
Continuous
370
-3
390
13
  0
LAYER
  5
A1
330
1
100
AcDbSymbolTableRecord
100
AcDbLayerTableRecord
  2
SK
 70
0
 62
7
  6
Continuous
370
-3
390
13
  0
LAYER
  5
A2
330
1
100
AcDbSymbolTableRecord
100
AcDbLayerTableRecord
  2
WALL 10in
 70
0
 62
7
  6
Continuous
370
-3
390
13
  0
LAYER
  5
A3
330
1
100
AcDbSymbolTableRecord
100
AcDbLayerTableRecord
  2
wall-5
 70
0
 62
7
  6
Continuous
370
-3
390
13
  0
ENDTAB
  0
TABLE
  2
STYLE
  5
5
330
0
100
AcDbSymbolTable
 70
26
  0
STYLE
  5
29
330
5
100
AcDbSymbolTableRecord
100
AcDbTextStyleTableRecord
  2
Standard
 70
0
 40
0.0
 41
1.0
 50
0.0
 71
0
 42
2.5
  3
txt
  4

  0
STYLE
  5
41
330
5
100
AcDbSymbolTableRecord
100
AcDbTextStyleTableRecord
  2
OpenSans-Light
 70
0
 40
0.0
 41
1.0
 50
0.0
 71
0
 42
2.5
  3
OpenSans-Light.ttf
  4

  0
STYLE
  5
42
330
5
100
AcDbSymbolTableRecord
100
AcDbTextStyleTableRecord
  2
OpenSans-Light-Italic
 70
0
 40
0.0
 41
1.0
 50
0.0
 71
0
 42
2.5
  3
OpenSans-LightItalic.ttf
  4

  0
STYLE
  5
43
330
5
100
AcDbSymbolTableRecord
100
AcDbTextStyleTableRecord
  2
OpenSans
 70
0
 40
0.0
 41
1.0
 50
0.0
 71
0
 42
2.5
  3
OpenSans-Regular.ttf
  4

  0
STYLE
  5
44
330
5
100
AcDbSymbolTableRecord
100
AcDbTextStyleTableRecord
  2
OpenSans-Italic
 70
0
 40
0.0
 41
1.0
 50
0.0
 71
0
 42
2.5
  3
OpenSans-Italic.ttf
  4

  0
STYLE
  5
45
330
5
100
AcDbSymbolTableRecord
100
AcDbTextStyleTableRecord
  2
OpenSans-SemiBold
 70
0
 40
0.0
 41
1.0
 50
0.0
 71
0
 42
2.5
  3
OpenSans-SemiBold.ttf
  4

  0
STYLE
  5
46
330
5
100
AcDbSymbolTableRecord
100
AcDbTextStyleTableRecord
  2
OpenSans-SemiBoldItalic
 70
0
 40
0.0
 41
1.0
 50
0.0
 71
0
 42
2.5
  3
OpenSans-SemiBoldItalic.ttf
  4

  0
STYLE
  5
47
330
5
100
AcDbSymbolTableRecord
100
AcDbTextStyleTableRecord
  2
OpenSans-Bold
 70
0
 40
0.0
 41
1.0
 50
0.0
 71
0
 42
2.5
  3
OpenSans-Bold.ttf
  4

  0
STYLE
  5
48
330
5
100
AcDbSymbolTableRecord
100
AcDbTextStyleTableRecord
  2
OpenSans-BoldItalic
 70
0
 40
0.0
 41
1.0
 50
0.0
 71
0
 42
2.5
  3
OpenSans-BoldItalic.ttf
  4

  0
STYLE
  5
49
330
5
100
AcDbSymbolTableRecord
100
AcDbTextStyleTableRecord
  2
OpenSans-ExtraBold
 70
0
 40
0.0
 41
1.0
 50
0.0
 71
0
 42
2.5
  3
OpenSans-ExtraBold.ttf
  4

  0
STYLE
  5
4A
330
5
100
AcDbSymbolTableRecord
100
AcDbTextStyleTableRecord
  2
OpenSans-ExtraBoldItalic
 70
0
 40
0.0
 41
1.0
 50
0.0
 71
0
 42
2.5
  3
OpenSans-ExtraBoldItalic.ttf
  4

  0
STYLE
  5
4B
330
5
100
AcDbSymbolTableRecord
100
AcDbTextStyleTableRecord
  2
OpenSansCondensed-Bold
 70
0
 40
0.0
 41
1.0
 50
0.0
 71
0
 42
2.5
  3
OpenSansCondensed-Bold.ttf
  4

  0
STYLE
  5
4C
330
5
100
AcDbSymbolTableRecord
100
AcDbTextStyleTableRecord
  2
OpenSansCondensed-Light
 70
0
 40
0.0
 41
1.0
 50
0.0
 71
0
 42
2.5
  3
OpenSansCondensed-Light.ttf
  4

  0
STYLE
  5
4D
330
5
100
AcDbSymbolTableRecord
100
AcDbTextStyleTableRecord
  2
OpenSansCondensed-Italic
 70
0
 40
0.0
 41
1.0
 50
0.0
 71
0
 42
2.5
  3
OpenSansCondensed-LightItalic.ttf
  4

  0
STYLE
  5
4E
330
5
100
AcDbSymbolTableRecord
100
AcDbTextStyleTableRecord
  2
LiberationSans
 70
0
 40
0.0
 41
1.0
 50
0.0
 71
0
 42
2.5
  3
LiberationSans-Regular.ttf
  4

  0
STYLE
  5
4F
330
5
100
AcDbSymbolTableRecord
100
AcDbTextStyleTableRecord
  2
LiberationSans-Bold
 70
0
 40
0.0
 41
1.0
 50
0.0
 71
0
 42
2.5
  3
LiberationSans-Bold.ttf
  4

  0
STYLE
  5
50
330
5
100
AcDbSymbolTableRecord
100
AcDbTextStyleTableRecord
  2
LiberationSans-BoldItalic
 70
0
 40
0.0
 41
1.0
 50
0.0
 71
0
 42
2.5
  3
LiberationSans-BoldItalic.ttf
  4

  0
STYLE
  5
51
330
5
100
AcDbSymbolTableRecord
100
AcDbTextStyleTableRecord
  2
LiberationSans-Italic
 70
0
 40
0.0
 41
1.0
 50
0.0
 71
0
 42
2.5
  3
LiberationSans-Italic.ttf
  4

  0
STYLE
  5
52
330
5
100
AcDbSymbolTableRecord
100
AcDbTextStyleTableRecord
  2
LiberationSerif
 70
0
 40
0.0
 41
1.0
 50
0.0
 71
0
 42
2.5
  3
LiberationSerif-Regular.ttf
  4

  0
STYLE
  5
53
330
5
100
AcDbSymbolTableRecord
100
AcDbTextStyleTableRecord
  2
LiberationSerif-Bold
 70
0
 40
0.0
 41
1.0
 50
0.0
 71
0
 42
2.5
  3
LiberationSerif-Bold.ttf
  4

  0
STYLE
  5
54
330
5
100
AcDbSymbolTableRecord
100
AcDbTextStyleTableRecord
  2
LiberationSerif-BoldItalic
 70
0
 40
0.0
 41
1.0
 50
0.0
 71
0
 42
2.5
  3
LiberationSerif-BoldItalic.ttf
  4

  0
STYLE
  5
55
330
5
100
AcDbSymbolTableRecord
100
AcDbTextStyleTableRecord
  2
LiberationSerif-Italic
 70
0
 40
0.0
 41
1.0
 50
0.0
 71
0
 42
2.5
  3
LiberationSerif-Italic.ttf
  4

  0
STYLE
  5
56
330
5
100
AcDbSymbolTableRecord
100
AcDbTextStyleTableRecord
  2
LiberationMono
 70
0
 40
0.0
 41
1.0
 50
0.0
 71
0
 42
2.5
  3
LiberationMono-Regular.ttf
  4

  0
STYLE
  5
57
330
5
100
AcDbSymbolTableRecord
100
AcDbTextStyleTableRecord
  2
LiberationMono-Bold
 70
0
 40
0.0
 41
1.0
 50
0.0
 71
0
 42
2.5
  3
LiberationMono-Bold.ttf
  4

  0
STYLE
  5
58
330
5
100
AcDbSymbolTableRecord
100
AcDbTextStyleTableRecord
  2
LiberationMono-BoldItalic
 70
0
 40
0.0
 41
1.0
 50
0.0
 71
0
 42
2.5
  3
LiberationMono-BoldItalic.ttf
  4

  0
STYLE
  5
59
330
5
100
AcDbSymbolTableRecord
100
AcDbTextStyleTableRecord
  2
LiberationMono-Italic
 70
0
 40
0.0
 41
1.0
 50
0.0
 71
0
 42
2.5
  3
LiberationMono-Italic.ttf
  4

  0
ENDTAB
  0
TABLE
  2
VIEW
  5
7
330
0
100
AcDbSymbolTable
 70
0
  0
ENDTAB
  0
TABLE
  2
UCS
  5
6
330
0
100
AcDbSymbolTable
 70
0
  0
ENDTAB
  0
TABLE
  2
APPID
  5
3
330
0
100
AcDbSymbolTable
 70
3
  0
APPID
  5
2A
330
3
100
AcDbSymbolTableRecord
100
AcDbRegAppTableRecord
  2
ACAD
 70
0
  0
APPID
  5
85B
330
3
100
AcDbSymbolTableRecord
100
AcDbRegAppTableRecord
  2
HATCHBACKGROUNDCOLOR
 70
0
  0
APPID
  5
85C
330
3
100
AcDbSymbolTableRecord
100
AcDbRegAppTableRecord
  2
EZDXF
 70
0
  0
ENDTAB
  0
TABLE
  2
DIMSTYLE
  5
4
330
0
100
AcDbSymbolTable
 70
12
100
AcDbDimStyleTable
  0
DIMSTYLE
105
2B
330
4
100
AcDbSymbolTableRecord
100
AcDbDimStyleTableRecord
  2
Standard
 70
0
  3

  4

 40
1.0
 41
2.5
 42
0.625
 43
3.75
 44
1.25
 45
0.0
 46
0.0
 47
0.0
 48
0.0
140
2.5
141
2.5
142
0.0
143
0.03937007874
144
1.0
145
0.0
146
1.0
147
0.625
148
0.0
 71
0
 72
0
 73
0
 74
0
 75
0
 76
0
 77
1
 78
8
 79
3
170
0
171
3
172
1
173
0
174
0
175
0
176
0
177
0
178
0
179
2
271
2
272
2
273
2
274
3
275
0
276
0
277
2
278
44
279
0
280
0
281
0
282
0
283
0
284
8
285
0
286
0
288
0
289
3
371
-2
372
-2
  0
DIMSTYLE
105
73
330
4
100
AcDbSymbolTableRecord
100
AcDbDimStyleTableRecord
  2
EZDXF
 70
0
  3

  4

 40
1.0
 41
0.175
 42
0.125
 43
3.75
 44
0.375
 45
0.0
 46
0.0
 47
0.0
 48
0.0
140
0.25
141
2.5
142
0.0
143
0.03937007874
144
100.0
145
0.0
146
0.5
147
0.1
148
0.0
 71
0
 72
0
 73
0
 74
0
 75
0
 76
0
 77
1
 78
12
 79
3
170
0
171
3
172
1
173
0
174
0
175
0
176
0
177
0
178
0
179
2
271
2
272
2
273
2
274
3
275
0
276
0
277
2
278
46
279
2
280
0
281
0
282
0
283
0
284
8
285
0
286
0
288
1
289
3
340
4C
342
74
371
-2
372
-2
  0
DIMSTYLE
105
7C
330
4
100
AcDbSymbolTableRecord
100
AcDbDimStyleTableRecord
  2
EZ_M_100_H25_CM
 70
0
  3

  4

 40
1.0
 41
0.25
 42
0.125
 43
3.75
 44
0.375
 45
0.0
 46
0.0
 47
0.0
 48
0.0
140
0.25
141
2.5
142
0.125
143
0.03937007874
144
100.0
145
0.0
146
0.5
147
0.1
148
0.0
 71
0
 72
0
 73
0
 74
0
 75
0
 76
0
 77
1
 78
12
 79
3
170
0
171
3
172
1
173
0
174
0
175
0
176
0
177
0
178
0
179
2
271
2
272
2
273
2
274
3
275
0
276
0
277
2
278
46
279
2
280
0
281
0
282
0
283
0
284
8
285
0
286
0
288
1
289
3
340
4C
371
-2
372
-2
  0
DIMSTYLE
105
7D
330
4
100
AcDbSymbolTableRecord
100
AcDbDimStyleTableRecord
  2
EZ_M_50_H25_CM
 70
0
  3

  4

 40
1.0
 41
0.125
 42
0.0625
 43
3.75
 44
0.1875
 45
0.0
 46
0.0
 47
0.0
 48
0.0
140
0.125
141
2.5
142
0.0625
143
0.03937007874
144
100.0
145
0.0
146
0.5
147
0.05
148
0.0
 71
0
 72
0
 73
0
 74
0
 75
0
 76
0
 77
1
 78
12
 79
3
170
0
171
3
172
1
173
0
174
0
175
0
176
0
177
0
178
0
179
2
271
2
272
2
273
2
274
3
275
0
276
0
277
2
278
46
279
2
280
0
281
0
282
0
283
0
284
8
285
0
286
0
288
1
289
3
340
4C
371
-2
372
-2
  0
DIMSTYLE
105
7E
330
4
100
AcDbSymbolTableRecord
100
AcDbDimStyleTableRecord
  2
EZ_M_25_H25_CM
 70
0
  3

  4

 40
1.0
 41
0.0625
 42
0.03125
 43
3.75
 44
0.09375
 45
0.0
 46
0.0
 47
0.0
 48
0.0
140
0.0625
141
2.5
142
0.03125
143
0.03937007874
144
100.0
145
0.0
146
0.5
147
0.025
148
0.0
 71
0
 72
0
 73
0
 74
0
 75
0
 76
0
 77
1
 78
12
 79
3
170
0
171
3
172
1
173
0
174
0
175
0
176
0
177
0
178
0
179
2
271
2
272
2
273
2
274
3
275
0
276
0
277
2
278
46
279
2
280
0
281
0
282
0
283
0
284
8
285
0
286
0
288
1
289
3
340
4C
371
-2
372
-2
  0
DIMSTYLE
105
7F
330
4
100
AcDbSymbolTableRecord
100
AcDbDimStyleTableRecord
  2
EZ_M_20_H25_CM
 70
0
  3

  4

 40
1.0
 41
0.05
 42
0.025
 43
3.75
 44
0.07500000000000001
 45
0.0
 46
0.0
 47
0.0
 48
0.0
140
0.05
141
2.5
142
0.025
143
0.03937007874
144
100.0
145
0.0
146
0.5
147
0.020000000000000004
148
0.0
 71
0
 72
0
 73
0
 74
0
 75
0
 76
0
 77
1
 78
12
 79
3
170
0
171
3
172
1
173
0
174
0
175
0
176
0
177
0
178
0
179
2
271
2
272
2
273
2
274
3
275
0
276
0
277
2
278
46
279
2
280
0
281
0
282
0
283
0
284
8
285
0
286
0
288
1
289
3
340
4C
371
-2
372
-2
  0
DIMSTYLE
105
80
330
4
100
AcDbSymbolTableRecord
100
AcDbDimStyleTableRecord
  2
EZ_M_10_H25_CM
 70
0
  3

  4

 40
1.0
 41
0.025
 42
0.0125
 43
3.75
 44
0.037500000000000006
 45
0.0
 46
0.0
 47
0.0
 48
0.0
140
0.025
141
2.5
142
0.0125
143
0.03937007874
144
100.0
145
0.0
146
0.5
147
0.010000000000000002
148
0.0
 71
0
 72
0
 73
0
 74
0
 75
0
 76
0
 77
1
 78
12
 79
3
170
0
171
3
172
1
173
0
174
0
175
0
176
0
177
0
178
0
179
2
271
2
272
2
273
2
274
3
275
0
276
0
277
2
278
46
279
2
280
0
281
0
282
0
283
0
284
8
285
0
286
0
288
1
289
3
340
4C
371
-2
372
-2
  0
DIMSTYLE
105
81
330
4
100
AcDbSymbolTableRecord
100
AcDbDimStyleTableRecord
  2
EZ_M_5_H25_CM
 70
0
  3

  4

 40
1.0
 41
0.0125
 42
0.00625
 43
3.75
 44
0.018750000000000003
 45
0.0
 46
0.0
 47
0.0
 48
0.0
140
0.0125
141
2.5
142
0.00625
143
0.03937007874
144
100.0
145
0.0
146
0.5
147
0.005000000000000001
148
0.0
 71
0
 72
0
 73
0
 74
0
 75
0
 76
0
 77
1
 78
12
 79
3
170
0
171
3
172
1
173
0
174
0
175
0
176
0
177
0
178
0
179
2
271
2
272
2
273
2
274
3
275
0
276
0
277
2
278
46
279
2
280
0
281
0
282
0
283
0
284
8
285
0
286
0
288
1
289
3
340
4C
371
-2
372
-2
  0
DIMSTYLE
105
82
330
4
100
AcDbSymbolTableRecord
100
AcDbDimStyleTableRecord
  2
EZ_M_1_H25_CM
 70
0
  3

  4

 40
1.0
 41
0.0025
 42
0.00125
 43
3.75
 44
0.00375
 45
0.0
 46
0.0
 47
0.0
 48
0.0
140
0.0025
141
2.5
142
0.00125
143
0.03937007874
144
100.0
145
0.0
146
0.5
147
0.001
148
0.0
 71
0
 72
0
 73
0
 74
0
 75
0
 76
0
 77
1
 78
12
 79
3
170
0
171
3
172
1
173
0
174
0
175
0
176
0
177
0
178
0
179
2
271
2
272
2
273
2
274
3
275
0
276
0
277
2
278
46
279
2
280
0
281
0
282
0
283
0
284
8
285
0
286
0
288
1
289
3
340
4C
371
-2
372
-2
  0
DIMSTYLE
105
83
330
4
100
AcDbSymbolTableRecord
100
AcDbDimStyleTableRecord
  2
EZ_RADIUS
 70
0
  3

  4

 40
1.0
 41
0.25
 42
0.125
 43
3.75
 44
0.375
 45
0.0
 46
0.0
 47
0.0
 48
0.0
140
0.25
141
0.0
142
0.0
143
0.03937007874
144
100.0
145
0.0
146
0.5
147
0.1
148
0.0
 71
0
 72
0
 73
0
 74
0
 75
0
 76
0
 77
1
 78
12
 79
3
170
0
171
3
172
0
173
0
174
0
175
0
176
0
177
0
178
0
179
2
271
2
272
2
273
2
274
3
275
0
276
0
277
2
278
46
279
1
280
0
281
0
282
0
283
0
284
8
285
0
286
0
288
1
289
3
340
4C
342
84
371
-2
372
-2
  0
DIMSTYLE
105
88
330
4
100
AcDbSymbolTableRecord
100
AcDbDimStyleTableRecord
  2
EZ_RADIUS_INSIDE
 70
0
  3

  4

 40
1.0
 41
0.25
 42
0.125
 43
3.75
 44
0.375
 45
0.0
 46
0.0
 47
0.0
 48
0.0
140
0.25
141
0.0
142
0.0
143
0.03937007874
144
100.0
145
0.0
146
0.5
147
0.1
148
0.0
 71
0
 72
0
 73
0
 74
0
 75
0
 76
0
 77
0
 78
12
 79
3
170
0
171
3
172
0
173
0
174
1
175
0
176
0
177
0
178
0
179
2
271
2
272
2
273
2
274
3
275
0
276
0
277
2
278
46
279
0
280
0
281
0
282
0
283
0
284
8
285
0
286
0
288
1
289
0
340
4C
342
84
371
-2
372
-2
  0
DIMSTYLE
105
89
330
4
100
AcDbSymbolTableRecord
100
AcDbDimStyleTableRecord
  2
EZ_CURVED
 70
0
  3

  4

 40
1.0
 41
0.25
 42
0.125
 43
3.75
 44
0.375
 45
0.0
 46
0.0
 47
0.0
 48
0.0
140
0.25
141
2.5
142
0.0
143
0.03937007874
144
100.0
145
0.0
146
0.5
147
0.1
148
0.0
 71
0
 72
0
 73
0
 74
0
 75
0
 76
0
 77
1
 78
12
 79
2
 90
2
170
0
171
3
172
1
173
0
174
0
175
0
176
0
177
0
178
0
179
2
271
2
272
2
273
2
274
3
275
0
276
0
277
2
278
46
279
2
280
0
281
0
282
0
283
0
284
8
285
0
286
0
288
1
289
3
340
4C
371
-2
372
-2
  0
ENDTAB
  0
TABLE
  2
BLOCK_RECORD
  5
9
330
0
100
AcDbSymbolTable
 70
33
  0
BLOCK_RECORD
  5
17
330
9
100
AcDbSymbolTableRecord
100
AcDbBlockTableRecord
  2
*Model_Space
340
1A
  0
BLOCK_RECORD
  5
74
330
9
100
AcDbSymbolTableRecord
100
AcDbBlockTableRecord
  2
_ARCHTICK
340
0
  0
BLOCK_RECORD
  5
78
330
9
100
AcDbSymbolTableRecord
100
AcDbBlockTableRecord
  2
_CLOSEDFILLED
340
0
  0
BLOCK_RECORD
  5
84
330
9
100
AcDbSymbolTableRecord
100
AcDbBlockTableRecord
  2
_CLOSEDBLANK
340
0
  0
BLOCK_RECORD
  5
A4
330
9
100
AcDbSymbolTableRecord
100
AcDbBlockTableRecord
  2
DR-206
340
0
  0
BLOCK_RECORD
  5
A9
330
9
100
AcDbSymbolTableRecord
100
AcDbBlockTableRecord
  2
DR-300
340
0
  0
BLOCK_RECORD
  5
AE
330
9
100
AcDbSymbolTableRecord
100
AcDbBlockTableRecord
  2
DR-400
340
0
  0
BLOCK_RECORD
  5
B3
330
9
100
AcDbSymbolTableRecord
100
AcDbBlockTableRecord
  2
FURN-BED
340
0
  0
BLOCK_RECORD
  5
BA
330
9
100
AcDbSymbolTableRecord
100
AcDbBlockTableRecord
  2
FURN-SOFA
340
0
  0
BLOCK_RECORD
  5
C1
330
9
100
AcDbSymbolTableRecord
100
AcDbBlockTableRecord
  2
FURN-DINING
340
0
  0
BLOCK_RECORD
  5
CB
330
9
100
AcDbSymbolTableRecord
100
AcDbBlockTableRecord
  2
NORTH
340
0
  0
BLOCK_RECORD
  5
109
330
9
100
AcDbSymbolTableRecord
100
AcDbBlockTableRecord
  2
*D1
340
0
  0
BLOCK_RECORD
  5
118
330
9
100
AcDbSymbolTableRecord
100
AcDbBlockTableRecord
  2
*D2
340
0
  0
BLOCK_RECORD
  5
127
330
9
100
AcDbSymbolTableRecord
100
AcDbBlockTableRecord
  2
*D3
340
0
  0
BLOCK_RECORD
  5
136
330
9
100
AcDbSymbolTableRecord
100
AcDbBlockTableRecord
  2
*D4
340
0
  0
BLOCK_RECORD
  5
145
330
9
100
AcDbSymbolTableRecord
100
AcDbBlockTableRecord
  2
*D5
340
0
  0
BLOCK_RECORD
  5
154
330
9
100
AcDbSymbolTableRecord
100
AcDbBlockTableRecord
  2
*D6
340
0
  0
BLOCK_RECORD
  5
164
330
9
100
AcDbSymbolTableRecord
100
AcDbBlockTableRecord
  2
*D7
340
0
  0
BLOCK_RECORD
  5
174
330
9
100
AcDbSymbolTableRecord
100
AcDbBlockTableRecord
  2
*D8
340
0
  0
BLOCK_RECORD
  5
184
330
9
100
AcDbSymbolTableRecord
100
AcDbBlockTableRecord
  2
*D9
340
0
  0
BLOCK_RECORD
  5
336
330
9
100
AcDbSymbolTableRecord
100
AcDbBlockTableRecord
  2
*D10
340
0
  0
BLOCK_RECORD
  5
345
330
9
100
AcDbSymbolTableRecord
100
AcDbBlockTableRecord
  2
*D11
340
0
  0
BLOCK_RECORD
  5
354
330
9
100
AcDbSymbolTableRecord
100
AcDbBlockTableRecord
  2
*D12
340
0
  0
BLOCK_RECORD
  5
363
330
9
100
AcDbSymbolTableRecord
100
AcDbBlockTableRecord
  2
*D13
340
0
  0
BLOCK_RECORD
  5
372
330
9
100
AcDbSymbolTableRecord
100
AcDbBlockTableRecord
  2
*D14
340
0
  0
BLOCK_RECORD
  5
381
330
9
100
AcDbSymbolTableRecord
100
AcDbBlockTableRecord
  2
*D15
340
0
  0
BLOCK_RECORD
  5
391
330
9
100
AcDbSymbolTableRecord
100
AcDbBlockTableRecord
  2
*D16
340
0
  0
BLOCK_RECORD
  5
3A1
330
9
100
AcDbSymbolTableRecord
100
AcDbBlockTableRecord
  2
*D17
340
0
  0
BLOCK_RECORD
  5
3B1
330
9
100
AcDbSymbolTableRecord
100
AcDbBlockTableRecord
  2
*D18
340
0
  0
BLOCK_RECORD
  5
802
330
9
100
AcDbSymbolTableRecord
100
AcDbBlockTableRecord
  2
*Paper_Space1
340
805
  0
BLOCK_RECORD
  5
821
330
9
100
AcDbSymbolTableRecord
100
AcDbBlockTableRecord
  2
*Paper_Space2
340
824
  0
BLOCK_RECORD
  5
840
330
9
100
AcDbSymbolTableRecord
100
AcDbBlockTableRecord
  2
*Paper_Space3
340
843
  0
BLOCK_RECORD
  5
7E3
330
9
100
AcDbSymbolTableRecord
100
AcDbBlockTableRecord
  2
*Paper_Space
340
7E6
  0
ENDTAB
  0
ENDSEC
  0
SECTION
  2
BLOCKS
  0
BLOCK
  5
18
330
17
100
AcDbEntity
  8
0
100
AcDbBlockBegin
  2
*Model_Space
 70
0
 10
0.0
 20
0.0
 30
0.0
  3
*Model_Space
  1

  0
ENDBLK
  5
19
330
17
100
AcDbEntity
  8
0
100
AcDbBlockEnd
  0
BLOCK
  5
75
330
74
100
AcDbEntity
  8
0
100
AcDbBlockBegin
  2
_ARCHTICK
 70
0
 10
0.0
 20
0.0
 30
0.0
  3
_ARCHTICK
  1

  0
LWPOLYLINE
  5
77
330
74
100
AcDbEntity
  8
0
  6
BYBLOCK
 62
0
100
AcDbPolyline
 90
2
 70
0
 43
0.15
 10
-0.5
 20
-0.5
 10
0.5
 20
0.5
  0
ENDBLK
  5
76
330
74
100
AcDbEntity
  8
0
100
AcDbBlockEnd
  0
BLOCK
  5
79
330
78
100
AcDbEntity
  8
0
100
AcDbBlockBegin
  2
_CLOSEDFILLED
 70
0
 10
0.0
 20
0.0
 30
0.0
  3
_CLOSEDFILLED
  1

  0
SOLID
  5
7B
330
78
100
AcDbEntity
  8
0
  6
BYBLOCK
 62
0
100
AcDbTrace
 10
-1.0
 20
0.16439898372402537
 30
0.0
 11
0.0
 21
0.0
 31
0.0
 12
-1.0
 22
-0.16439898372402537
 32
0.0
 13
-1.0
 23
-0.16439898372402537
 33
0.0
  0
ENDBLK
  5
7A
330
78
100
AcDbEntity
  8
0
100
AcDbBlockEnd
  0
BLOCK
  5
85
330
84
100
AcDbEntity
  8
0
100
AcDbBlockBegin
  2
_CLOSEDBLANK
 70
0
 10
0.0
 20
0.0
 30
0.0
  3
_CLOSEDBLANK
  1

  0
LWPOLYLINE
  5
87
330
84
100
AcDbEntity
  8
0
  6
BYBLOCK
 62
0
100
AcDbPolyline
 90
3
 70
1
 10
-1.0
 20
0.16439898372402537
 10
0.0
 20
0.0
 10
-1.0
 20
-0.16439898372402537
  0
ENDBLK
  5
86
330
84
100
AcDbEntity
  8
0
100
AcDbBlockEnd
  0
BLOCK
  5
A5
330
A4
100
AcDbEntity
  8
0
100
AcDbBlockBegin
  2
DR-206
 70
0
 10
0.0
 20
0.0
 30
0.0
  3
DR-206
  1

  0
LINE
  5
A7
330
A4
100
AcDbEntity
  8
0
100
AcDbLine
 10
0.0
 20
0.0
 30
0.0
 11
0.0
 21
762.0
 31
0.0
  0
ARC
  5
A8
330
A4
100
AcDbEntity
  8
0
100
AcDbCircle
 10
0.0
 20
0.0
 30
0.0
 40
762.0
100
AcDbArc
 50
0.0
 51
90.0
  0
ENDBLK
  5
A6
330
A4
100
AcDbEntity
  8
0
100
AcDbBlockEnd
  0
BLOCK
  5
AA
330
A9
100
AcDbEntity
  8
0
100
AcDbBlockBegin
  2
DR-300
 70
0
 10
0.0
 20
0.0
 30
0.0
  3
DR-300
  1

  0
LINE
  5
AC
330
A9
100
AcDbEntity
  8
0
100
AcDbLine
 10
0.0
 20
0.0
 30
0.0
 11
0.0
 21
914.4
 31
0.0
  0
ARC
  5
AD
330
A9
100
AcDbEntity
  8
0
100
AcDbCircle
 10
0.0
 20
0.0
 30
0.0
 40
914.4
100
AcDbArc
 50
0.0
 51
90.0
  0
ENDBLK
  5
AB
330
A9
100
AcDbEntity
  8
0
100
AcDbBlockEnd
  0
BLOCK
  5
AF
330
AE
100
AcDbEntity
  8
0
100
AcDbBlockBegin
  2
DR-400
 70
0
 10
0.0
 20
0.0
 30
0.0
  3
DR-400
  1

  0
LINE
  5
B1
330
AE
100
AcDbEntity
  8
0
100
AcDbLine
 10
0.0
 20
0.0
 30
0.0
 11
0.0
 21
1219.2
 31
0.0
  0
ARC
  5
B2
330
AE
100
AcDbEntity
  8
0
100
AcDbCircle
 10
0.0
 20
0.0
 30
0.0
 40
1219.2
100
AcDbArc
 50
0.0
 51
90.0
  0
ENDBLK
  5
B0
330
AE
100
AcDbEntity
  8
0
100
AcDbBlockEnd
  0
BLOCK
  5
B4
330
B3
100
AcDbEntity
  8
0
100
AcDbBlockBegin
  2
FURN-BED
 70
0
 10
0.0
 20
0.0
 30
0.0
  3
FURN-BED
  1

  0
LWPOLYLINE
  5
B6
330
B3
100
AcDbEntity
  8
0
100
AcDbPolyline
 90
4
 70
1
 10
-750.0
 20
-1000.0
 10
750.0
 20
-1000.0
 10
750.0
 20
1000.0
 10
-750.0
 20
1000.0
  0
LWPOLYLINE
  5
B7
330
B3
100
AcDbEntity
  8
0
100
AcDbPolyline
 90
4
 70
1
 10
-650.0
 20
600.0
 10
-80.0
 20
600.0
 10
-80.0
 20
900.0
 10
-650.0
 20
900.0
  0
LWPOLYLINE
  5
B8
330
B3
100
AcDbEntity
  8
0
100
AcDbPolyline
 90
4
 70
1
 10
80.0
 20
600.0
 10
650.0
 20
600.0
 10
650.0
 20
900.0
 10
80.0
 20
900.0
  0
LINE
  5
B9
330
B3
100
AcDbEntity
  8
0
100
AcDbLine
 10
-750.0
 20
450.0
 30
0.0
 11
750.0
 21
450.0
 31
0.0
  0
ENDBLK
  5
B5
330
B3
100
AcDbEntity
  8
0
100
AcDbBlockEnd
  0
BLOCK
  5
BB
330
BA
100
AcDbEntity
  8
0
100
AcDbBlockBegin
  2
FURN-SOFA
 70
0
 10
0.0
 20
0.0
 30
0.0
  3
FURN-SOFA
  1

  0
LWPOLYLINE
  5
BD
330
BA
100
AcDbEntity
  8
0
100
AcDbPolyline
 90
4
 70
1
 10
-1100.0
 20
-450.0
 10
1100.0
 20
-450.0
 10
1100.0
 20
450.0
 10
-1100.0
 20
450.0
  0
LWPOLYLINE
  5
BE
330
BA
100
AcDbEntity
  8
0
100
AcDbPolyline
 90
4
 70
1
 10
-1100.0
 20
250.0
 10
1100.0
 20
250.0
 10
1100.0
 20
450.0
 10
-1100.0
 20
450.0
  0
LINE
  5
BF
330
BA
100
AcDbEntity
  8
0
100
AcDbLine
 10
-367.0
 20
-450.0
 30
0.0
 11
-367.0
 21
250.0
 31
0.0
  0
LINE
  5
C0
330
BA
100
AcDbEntity
  8
0
100
AcDbLine
 10
367.0
 20
-450.0
 30
0.0
 11
367.0
 21
250.0
 31
0.0
  0
ENDBLK
  5
BC
330
BA
100
AcDbEntity
  8
0
100
AcDbBlockEnd
  0
BLOCK
  5
C2
330
C1
100
AcDbEntity
  8
0
100
AcDbBlockBegin
  2
FURN-DINING
 70
0
 10
0.0
 20
0.0
 30
0.0
  3
FURN-DINING
  1

  0
LWPOLYLINE
  5
C4
330
C1
100
AcDbEntity
  8
0
100
AcDbPolyline
 90
4
 70
1
 10
-900.0
 20
-450.0
 10
900.0
 20
-450.0
 10
900.0
 20
450.0
 10
-900.0
 20
450.0
  0
LWPOLYLINE
  5
C5
330
C1
100
AcDbEntity
  8
0
100
AcDbPolyline
 90
4
 70
1
 10
-820.0
 20
520.0
 10
-380.0
 20
520.0
 10
-380.0
 20
900.0
 10
-820.0
 20
900.0
  0
LWPOLYLINE
  5
C6
330
C1
100
AcDbEntity
  8
0
100
AcDbPolyline
 90
4
 70
1
 10
-820.0
 20
-900.0
 10
-380.0
 20
-900.0
 10
-380.0
 20
-520.0
 10
-820.0
 20
-520.0
  0
LWPOLYLINE
  5
C7
330
C1
100
AcDbEntity
  8
0
100
AcDbPolyline
 90
4
 70
1
 10
-220.0
 20
520.0
 10
220.0
 20
520.0
 10
220.0
 20
900.0
 10
-220.0
 20
900.0
  0
LWPOLYLINE
  5
C8
330
C1
100
AcDbEntity
  8
0
100
AcDbPolyline
 90
4
 70
1
 10
-220.0
 20
-900.0
 10
220.0
 20
-900.0
 10
220.0
 20
-520.0
 10
-220.0
 20
-520.0
  0
LWPOLYLINE
  5
C9
330
C1
100
AcDbEntity
  8
0
100
AcDbPolyline
 90
4
 70
1
 10
380.0
 20
520.0
 10
820.0
 20
520.0
 10
820.0
 20
900.0
 10
380.0
 20
900.0
  0
LWPOLYLINE
  5
CA
330
C1
100
AcDbEntity
  8
0
100
AcDbPolyline
 90
4
 70
1
 10
380.0
 20
-900.0
 10
820.0
 20
-900.0
 10
820.0
 20
-520.0
 10
380.0
 20
-520.0
  0
ENDBLK
  5
C3
330
C1
100
AcDbEntity
  8
0
100
AcDbBlockEnd
  0
BLOCK
  5
CC
330
CB
100
AcDbEntity
  8
0
100
AcDbBlockBegin
  2
NORTH
 70
0
 10
0.0
 20
0.0
 30
0.0
  3
NORTH
  1

  0
CIRCLE
  5
CE
330
CB
100
AcDbEntity
  8
0
100
AcDbCircle
 10
0.0
 20
0.0
 30
0.0
 40
8.0
  0
LWPOLYLINE
  5
CF
330
CB
100
AcDbEntity
  8
0
100
AcDbPolyline
 90
4
 70
1
 10
0.0
 20
10.0
 10
-4.0
 20
-6.0
 10
0.0
 20
-3.0
 10
4.0
 20
-6.0
  0
TEXT
  5
D0
330
CB
100
AcDbEntity
  8
0
100
AcDbText
 10
0.0
 20
12.0
 30
0.0
 40
3.0
  1
N
 72
1
 11
0.0
 21
12.0
 31
0.0
100
AcDbText
 73
1
  0
ENDBLK
  5
CD
330
CB
100
AcDbEntity
  8
0
100
AcDbBlockEnd
  0
BLOCK
  5
10A
330
109
100
AcDbEntity
  8
0
100
AcDbBlockBegin
  2
*D1
 70
1
 10
0.0
 20
0.0
 30
0.0
  3
*D1
  1

  0
LINE
  5
10C
330
109
100
AcDbEntity
  8
0
100
AcDbLine
 10
0.0
 20
18315.6
 30
0.0
 11
0.0
 21
19759.6
 31
0.0
  0
LINE
  5
10D
330
109
100
AcDbEntity
  8
0
100
AcDbLine
 10
4572.0
 20
18315.6
 30
0.0
 11
4572.0
 21
19759.6
 31
0.0
  0
INSERT
  5
10E
330
109
100
AcDbEntity
  8
DIMENSION
100
AcDbBlockReference
  2
_ARCHTICK
 10
0.0
 20
19649.6
 30
0.0
 41
132.0
 42
132.0
 50
180.0
  0
INSERT
  5
110
330
109
100
AcDbEntity
  8
DIMENSION
100
AcDbBlockReference
  2
_ARCHTICK
 10
4572.0
 20
19649.6
 30
0.0
 41
132.0
 42
132.0
  0
LINE
  5
112
330
109
100
AcDbEntity
  8
0
100
AcDbLine
 10
0.0
 20
19649.6
 30
0.0
 11
4572.0
 21
19649.6
 31
0.0
  0
MTEXT
  5
113
330
109
100
AcDbEntity
  8
DIMENSION
100
AcDbMText
 10
2286.0
 20
19803.6
 30
0.0
 40
220.0
 71
5
  1
15'-0"
  7
OpenSansCondensed-Light
  0
POINT
  5
114
330
109
100
AcDbEntity
  8
Defpoints
100
AcDbPoint
 10
0.0
 20
19649.6
 30
0.0
  0
POINT
  5
115
330
109
100
AcDbEntity
  8
Defpoints
100
AcDbPoint
 10
0.0
 20
18249.6
 30
0.0
  0
POINT
  5
116
330
109
100
AcDbEntity
  8
Defpoints
100
AcDbPoint
 10
4572.0
 20
18249.6
 30
0.0
  0
ENDBLK
  5
10B
330
109
100
AcDbEntity
  8
0
100
AcDbBlockEnd
  0
BLOCK
  5
119
330
118
100
AcDbEntity
  8
0
100
AcDbBlockBegin
  2
*D2
 70
1
 10
0.0
 20
0.0
 30
0.0
  3
*D2
  1

  0
LINE
  5
11B
330
118
100
AcDbEntity
  8
0
100
AcDbLine
 10
4572.0
 20
18315.6
 30
0.0
 11
4572.0
 21
19759.6
 31
0.0
  0
LINE
  5
11C
330
118
100
AcDbEntity
  8
0
100
AcDbLine
 10
8839.2
 20
18315.6
 30
0.0
 11
8839.2
 21
19759.6
 31
0.0
  0
INSERT
  5
11D
330
118
100
AcDbEntity
  8
DIMENSION
100
AcDbBlockReference
  2
_ARCHTICK
 10
4572.0
 20
19649.6
 30
0.0
 41
132.0
 42
132.0
 50
180.0
  0
INSERT
  5
11F
330
118
100
AcDbEntity
  8
DIMENSION
100
AcDbBlockReference
  2
_ARCHTICK
 10
8839.2
 20
19649.6
 30
0.0
 41
132.0
 42
132.0
  0
LINE
  5
121
330
118
100
AcDbEntity
  8
0
100
AcDbLine
 10
4572.0
 20
19649.6
 30
0.0
 11
8839.2
 21
19649.6
 31
0.0
  0
MTEXT
  5
122
330
118
100
AcDbEntity
  8
DIMENSION
100
AcDbMText
 10
6705.6
 20
19803.6
 30
0.0
 40
220.0
 71
5
  1
14'-0"
  7
OpenSansCondensed-Light
  0
POINT
  5
123
330
118
100
AcDbEntity
  8
Defpoints
100
AcDbPoint
 10
4572.0
 20
19649.6
 30
0.0
  0
POINT
  5
124
330
118
100
AcDbEntity
  8
Defpoints
100
AcDbPoint
 10
4572.0
 20
18249.6
 30
0.0
  0
POINT
  5
125
330
118
100
AcDbEntity
  8
Defpoints
100
AcDbPoint
 10
8839.2
 20
18249.6
 30
0.0
  0
ENDBLK
  5
11A
330
118
100
AcDbEntity
  8
0
100
AcDbBlockEnd
  0
BLOCK
  5
128
330
127
100
AcDbEntity
  8
0
100
AcDbBlockBegin
  2
*D3
 70
1
 10
0.0
 20
0.0
 30
0.0
  3
*D3
  1

  0
LINE
  5
12A
330
127
100
AcDbEntity
  8
0
100
AcDbLine
 10
8839.2
 20
18315.6
 30
0.0
 11
8839.2
 21
19759.6
 31
0.0
  0
LINE
  5
12B
330
127
100
AcDbEntity
  8
0
100
AcDbLine
 10
11582.4
 20
18315.6
 30
0.0
 11
11582.4
 21
19759.6
 31
0.0
  0
INSERT
  5
12C
330
127
100
AcDbEntity
  8
DIMENSION
100
AcDbBlockReference
  2
_ARCHTICK
 10
8839.2
 20
19649.6
 30
0.0
 41
132.0
 42
132.0
 50
180.0
  0
INSERT
  5
12E
330
127
100
AcDbEntity
  8
DIMENSION
100
AcDbBlockReference
  2
_ARCHTICK
 10
11582.4
 20
19649.6
 30
0.0
 41
132.0
 42
132.0
  0
LINE
  5
130
330
127
100
AcDbEntity
  8
0
100
AcDbLine
 10
8839.2
 20
19649.6
 30
0.0
 11
11582.4
 21
19649.6
 31
0.0
  0
MTEXT
  5
131
330
127
100
AcDbEntity
  8
DIMENSION
100
AcDbMText
 10
10210.8
 20
19803.6
 30
0.0
 40
220.0
 71
5
  1
9'-0"
  7
OpenSansCondensed-Light
  0
POINT
  5
132
330
127
100
AcDbEntity
  8
Defpoints
100
AcDbPoint
 10
8839.2
 20
19649.6
 30
0.0
  0
POINT
  5
133
330
127
100
AcDbEntity
  8
Defpoints
100
AcDbPoint
 10
8839.2
 20
18249.6
 30
0.0
  0
POINT
  5
134
330
127
100
AcDbEntity
  8
Defpoints
100
AcDbPoint
 10
11582.4
 20
18249.6
 30
0.0
  0
ENDBLK
  5
129
330
127
100
AcDbEntity
  8
0
100
AcDbBlockEnd
  0
BLOCK
  5
137
330
136
100
AcDbEntity
  8
0
100
AcDbBlockBegin
  2
*D4
 70
1
 10
0.0
 20
0.0
 30
0.0
  3
*D4
  1

  0
LINE
  5
139
330
136
100
AcDbEntity
  8
0
100
AcDbLine
 10
11582.4
 20
18315.6
 30
0.0
 11
11582.4
 21
19759.6
 31
0.0
  0
LINE
  5
13A
330
136
100
AcDbEntity
  8
0
100
AcDbLine
 10
15849.6
 20
18315.6
 30
0.0
 11
15849.6
 21
19759.6
 31
0.0
  0
INSERT
  5
13B
330
136
100
AcDbEntity
  8
DIMENSION
100
AcDbBlockReference
  2
_ARCHTICK
 10
11582.4
 20
19649.6
 30
0.0
 41
132.0
 42
132.0
 50
180.0
  0
INSERT
  5
13D
330
136
100
AcDbEntity
  8
DIMENSION
100
AcDbBlockReference
  2
_ARCHTICK
 10
15849.6
 20
19649.6
 30
0.0
 41
132.0
 42
132.0
  0
LINE
  5
13F
330
136
100
AcDbEntity
  8
0
100
AcDbLine
 10
11582.4
 20
19649.6
 30
0.0
 11
15849.6
 21
19649.6
 31
0.0
  0
MTEXT
  5
140
330
136
100
AcDbEntity
  8
DIMENSION
100
AcDbMText
 10
13716.0
 20
19803.6
 30
0.0
 40
220.0
 71
5
  1
14'-0"
  7
OpenSansCondensed-Light
  0
POINT
  5
141
330
136
100
AcDbEntity
  8
Defpoints
100
AcDbPoint
 10
11582.4
 20
19649.6
 30
0.0
  0
POINT
  5
142
330
136
100
AcDbEntity
  8
Defpoints
100
AcDbPoint
 10
11582.4
 20
18249.6
 30
0.0
  0
POINT
  5
143
330
136
100
AcDbEntity
  8
Defpoints
100
AcDbPoint
 10
15849.6
 20
18249.6
 30
0.0
  0
ENDBLK
  5
138
330
136
100
AcDbEntity
  8
0
100
AcDbBlockEnd
  0
BLOCK
  5
146
330
145
100
AcDbEntity
  8
0
100
AcDbBlockBegin
  2
*D5
 70
1
 10
0.0
 20
0.0
 30
0.0
  3
*D5
  1

  0
LINE
  5
148
330
145
100
AcDbEntity
  8
0
100
AcDbLine
 10
15849.6
 20
18315.6
 30
0.0
 11
15849.6
 21
19759.6
 31
0.0
  0
LINE
  5
149
330
145
100
AcDbEntity
  8
0
100
AcDbLine
 10
20421.6
 20
18315.6
 30
0.0
 11
20421.6
 21
19759.6
 31
0.0
  0
INSERT
  5
14A
330
145
100
AcDbEntity
  8
DIMENSION
100
AcDbBlockReference
  2
_ARCHTICK
 10
15849.6
 20
19649.6
 30
0.0
 41
132.0
 42
132.0
 50
180.0
  0
INSERT
  5
14C
330
145
100
AcDbEntity
  8
DIMENSION
100
AcDbBlockReference
  2
_ARCHTICK
 10
20421.6
 20
19649.6
 30
0.0
 41
132.0
 42
132.0
  0
LINE
  5
14E
330
145
100
AcDbEntity
  8
0
100
AcDbLine
 10
15849.6
 20
19649.6
 30
0.0
 11
20421.6
 21
19649.6
 31
0.0
  0
MTEXT
  5
14F
330
145
100
AcDbEntity
  8
DIMENSION
100
AcDbMText
 10
18135.6
 20
19803.6
 30
0.0
 40
220.0
 71
5
  1
15'-0"
  7
OpenSansCondensed-Light
  0
POINT
  5
150
330
145
100
AcDbEntity
  8
Defpoints
100
AcDbPoint
 10
15849.6
 20
19649.6
 30
0.0
  0
POINT
  5
151
330
145
100
AcDbEntity
  8
Defpoints
100
AcDbPoint
 10
15849.6
 20
18249.6
 30
0.0
  0
POINT
  5
152
330
145
100
AcDbEntity
  8
Defpoints
100
AcDbPoint
 10
20421.6
 20
18249.6
 30
0.0
  0
ENDBLK
  5
147
330
145
100
AcDbEntity
  8
0
100
AcDbBlockEnd
  0
BLOCK
  5
155
330
154
100
AcDbEntity
  8
0
100
AcDbBlockBegin
  2
*D6
 70
1
 10
0.0
 20
0.0
 30
0.0
  3
*D6
  1

  0
LINE
  5
157
330
154
100
AcDbEntity
  8
0
100
AcDbLine
 10
-2466.0
 20
0.0
 30
0.0
 11
-3910.0
 21
0.0
 31
0.0
  0
LINE
  5
158
330
154
100
AcDbEntity
  8
0
100
AcDbLine
 10
-2466.0
 20
4876.8
 30
0.0
 11
-3910.0
 21
4876.8
 31
0.0
  0
INSERT
  5
159
330
154
100
AcDbEntity
  8
DIMENTION
100
AcDbBlockReference
  2
_ARCHTICK
 10
-3800.0
 20
0.0
 30
0.0
 41
132.0
 42
132.0
 50
270.0
  0
INSERT
  5
15B
330
154
100
AcDbEntity
  8
DIMENTION
100
AcDbBlockReference
  2
_ARCHTICK
 10
-3800.0
 20
4876.8
 30
0.0
 41
132.0
 42
132.0
 50
90.0
  0
LINE
  5
15D
330
154
100
AcDbEntity
  8
0
100
AcDbLine
 10
-3800.0
 20
0.0
 30
0.0
 11
-3800.0
 21
2295.4
 31
0.0
  0
LINE
  5
15E
330
154
100
AcDbEntity
  8
0
100
AcDbLine
 10
-3800.0
 20
2581.4
 30
0.0
 11
-3800.0
 21
4876.8
 31
0.0
  0
MTEXT
  5
15F
330
154
100
AcDbEntity
  8
DIMENTION
100
AcDbMText
 10
-3954.0
 20
2438.4
 30
0.0
 40
220.0
 71
5
  1
16'-0"
  7
OpenSansCondensed-Light
  0
POINT
  5
160
330
154
100
AcDbEntity
  8
Defpoints
100
AcDbPoint
 10
-3800.0
 20
0.0
 30
0.0
  0
POINT
  5
161
330
154
100
AcDbEntity
  8
Defpoints
100
AcDbPoint
 10
-2400.0
 20
0.0
 30
0.0
  0
POINT
  5
162
330
154
100
AcDbEntity
  8
Defpoints
100
AcDbPoint
 10
-2400.0
 20
4876.8
 30
0.0
  0
ENDBLK
  5
156
330
154
100
AcDbEntity
  8
0
100
AcDbBlockEnd
  0
BLOCK
  5
165
330
164
100
AcDbEntity
  8
0
100
AcDbBlockBegin
  2
*D7
 70
1
 10
0.0
 20
0.0
 30
0.0
  3
*D7
  1

  0
LINE
  5
167
330
164
100
AcDbEntity
  8
0
100
AcDbLine
 10
-2466.0
 20
4876.8
 30
0.0
 11
-3910.0
 21
4876.8
 31
0.0
  0
LINE
  5
168
330
164
100
AcDbEntity
  8
0
100
AcDbLine
 10
-2466.0
 20
8839.2
 30
0.0
 11
-3910.0
 21
8839.2
 31
0.0
  0
INSERT
  5
169
330
164
100
AcDbEntity
  8
DIMENTION
100
AcDbBlockReference
  2
_ARCHTICK
 10
-3800.0
 20
4876.8
 30
0.0
 41
132.0
 42
132.0
 50
270.0
  0
INSERT
  5
16B
330
164
100
AcDbEntity
  8
DIMENTION
100
AcDbBlockReference
  2
_ARCHTICK
 10
-3800.0
 20
8839.2
 30
0.0
 41
132.0
 42
132.0
 50
90.0
  0
LINE
  5
16D
330
164
100
AcDbEntity
  8
0
100
AcDbLine
 10
-3800.0
 20
4876.8
 30
0.0
 11
-3800.0
 21
6715.0
 31
0.0
  0
LINE
  5
16E
330
164
100
AcDbEntity
  8
0
100
AcDbLine
 10
-3800.0
 20
7001.0
 30
0.0
 11
-3800.0
 21
8839.2
 31
0.0
  0
MTEXT
  5
16F
330
164
100
AcDbEntity
  8
DIMENTION
100
AcDbMText
 10
-3954.0
 20
6858.0
 30
0.0
 40
220.0
 71
5
  1
13'-0"
  7
OpenSansCondensed-Light
  0
POINT
  5
170
330
164
100
AcDbEntity
  8
Defpoints
100
AcDbPoint
 10
-3800.0
 20
4876.8
 30
0.0
  0
POINT
  5
171
330
164
100
AcDbEntity
  8
Defpoints
100
AcDbPoint
 10
-2400.0
 20
4876.8
 30
0.0
  0
POINT
  5
172
330
164
100
AcDbEntity
  8
Defpoints
100
AcDbPoint
 10
-2400.0
 20
8839.2
 30
0.0
  0
ENDBLK
  5
166
330
164
100
AcDbEntity
  8
0
100
AcDbBlockEnd
  0
BLOCK
  5
175
330
174
100
AcDbEntity
  8
0
100
AcDbBlockBegin
  2
*D8
 70
1
 10
0.0
 20
0.0
 30
0.0
  3
*D8
  1

  0
LINE
  5
177
330
174
100
AcDbEntity
  8
0
100
AcDbLine
 10
-2466.0
 20
8839.2
 30
0.0
 11
-3910.0
 21
8839.2
 31
0.0
  0
LINE
  5
178
330
174
100
AcDbEntity
  8
0
100
AcDbLine
 10
-2466.0
 20
11277.6
 30
0.0
 11
-3910.0
 21
11277.6
 31
0.0
  0
INSERT
  5
179
330
174
100
AcDbEntity
  8
DIMENTION
100
AcDbBlockReference
  2
_ARCHTICK
 10
-3800.0
 20
8839.2
 30
0.0
 41
132.0
 42
132.0
 50
270.0
  0
INSERT
  5
17B
330
174
100
AcDbEntity
  8
DIMENTION
100
AcDbBlockReference
  2
_ARCHTICK
 10
-3800.0
 20
11277.6
 30
0.0
 41
132.0
 42
132.0
 50
90.0
  0
LINE
  5
17D
330
174
100
AcDbEntity
  8
0
100
AcDbLine
 10
-3800.0
 20
8839.2
 30
0.0
 11
-3800.0
 21
9915.400000000001
 31
0.0
  0
LINE
  5
17E
330
174
100
AcDbEntity
  8
0
100
AcDbLine
 10
-3800.0
 20
10201.400000000001
 30
0.0
 11
-3800.0
 21
11277.6
 31
0.0
  0
MTEXT
  5
17F
330
174
100
AcDbEntity
  8
DIMENTION
100
AcDbMText
 10
-3954.0
 20
10058.400000000001
 30
0.0
 40
220.0
 71
5
  1
8'-0"
  7
OpenSansCondensed-Light
  0
POINT
  5
180
330
174
100
AcDbEntity
  8
Defpoints
100
AcDbPoint
 10
-3800.0
 20
8839.2
 30
0.0
  0
POINT
  5
181
330
174
100
AcDbEntity
  8
Defpoints
100
AcDbPoint
 10
-2400.0
 20
8839.2
 30
0.0
  0
POINT
  5
182
330
174
100
AcDbEntity
  8
Defpoints
100
AcDbPoint
 10
-2400.0
 20
11277.6
 30
0.0
  0
ENDBLK
  5
176
330
174
100
AcDbEntity
  8
0
100
AcDbBlockEnd
  0
BLOCK
  5
185
330
184
100
AcDbEntity
  8
0
100
AcDbBlockBegin
  2
*D9
 70
1
 10
0.0
 20
0.0
 30
0.0
  3
*D9
  1

  0
LINE
  5
187
330
184
100
AcDbEntity
  8
0
100
AcDbLine
 10
-2466.0
 20
11277.6
 30
0.0
 11
-3910.0
 21
11277.6
 31
0.0
  0
LINE
  5
188
330
184
100
AcDbEntity
  8
0
100
AcDbLine
 10
-2466.0
 20
15849.6
 30
0.0
 11
-3910.0
 21
15849.6
 31
0.0
  0
INSERT
  5
189
330
184
100
AcDbEntity
  8
DIMENTION
100
AcDbBlockReference
  2
_ARCHTICK
 10
-3800.0
 20
11277.6
 30
0.0
 41
132.0
 42
132.0
 50
270.0
  0
INSERT
  5
18B
330
184
100
AcDbEntity
  8
DIMENTION
100
AcDbBlockReference
  2
_ARCHTICK
 10
-3800.0
 20
15849.6
 30
0.0
 41
132.0
 42
132.0
 50
90.0
  0
LINE
  5
18D
330
184
100
AcDbEntity
  8
0
100
AcDbLine
 10
-3800.0
 20
11277.6
 30
0.0
 11
-3800.0
 21
13420.6
 31
0.0
  0
LINE
  5
18E
330
184
100
AcDbEntity
  8
0
100
AcDbLine
 10
-3800.0
 20
13706.6
 30
0.0
 11
-3800.0
 21
15849.6
 31
0.0
  0
MTEXT
  5
18F
330
184
100
AcDbEntity
  8
DIMENTION
100
AcDbMText
 10
-3954.0
 20
13563.6
 30
0.0
 40
220.0
 71
5
  1
15'-0"
  7
OpenSansCondensed-Light
  0
POINT
  5
190
330
184
100
AcDbEntity
  8
Defpoints
100
AcDbPoint
 10
-3800.0
 20
11277.6
 30
0.0
  0
POINT
  5
191
330
184
100
AcDbEntity
  8
Defpoints
100
AcDbPoint
 10
-2400.0
 20
11277.6
 30
0.0
  0
POINT
  5
192
330
184
100
AcDbEntity
  8
Defpoints
100
AcDbPoint
 10
-2400.0
 20
15849.6
 30
0.0
  0
ENDBLK
  5
186
330
184
100
AcDbEntity
  8
0
100
AcDbBlockEnd
  0
BLOCK
  5
337
330
336
100
AcDbEntity
  8
0
100
AcDbBlockBegin
  2
*D10
 70
1
 10
0.0
 20
0.0
 30
0.0
  3
*D10
  1

  0
LINE
  5
339
330
336
100
AcDbEntity
  8
0
100
AcDbLine
 10
200000.0
 20
18315.6
 30
0.0
 11
200000.0
 21
19759.6
 31
0.0
  0
LINE
  5
33A
330
336
100
AcDbEntity
  8
0
100
AcDbLine
 10
204572.0
 20
18315.6
 30
0.0
 11
204572.0
 21
19759.6
 31
0.0
  0
INSERT
  5
33B
330
336
100
AcDbEntity
  8
DIMENSION
100
AcDbBlockReference
  2
_ARCHTICK
 10
200000.0
 20
19649.6
 30
0.0
 41
132.0
 42
132.0
 50
180.0
  0
INSERT
  5
33D
330
336
100
AcDbEntity
  8
DIMENSION
100
AcDbBlockReference
  2
_ARCHTICK
 10
204572.0
 20
19649.6
 30
0.0
 41
132.0
 42
132.0
  0
LINE
  5
33F
330
336
100
AcDbEntity
  8
0
100
AcDbLine
 10
200000.0
 20
19649.6
 30
0.0
 11
204572.0
 21
19649.6
 31
0.0
  0
MTEXT
  5
340
330
336
100
AcDbEntity
  8
DIMENSION
100
AcDbMText
 10
202286.0
 20
19803.6
 30
0.0
 40
220.0
 71
5
  1
15'-0"
  7
OpenSansCondensed-Light
  0
POINT
  5
341
330
336
100
AcDbEntity
  8
Defpoints
100
AcDbPoint
 10
200000.0
 20
19649.6
 30
0.0
  0
POINT
  5
342
330
336
100
AcDbEntity
  8
Defpoints
100
AcDbPoint
 10
200000.0
 20
18249.6
 30
0.0
  0
POINT
  5
343
330
336
100
AcDbEntity
  8
Defpoints
100
AcDbPoint
 10
204572.0
 20
18249.6
 30
0.0
  0
ENDBLK
  5
338
330
336
100
AcDbEntity
  8
0
100
AcDbBlockEnd
  0
BLOCK
  5
346
330
345
100
AcDbEntity
  8
0
100
AcDbBlockBegin
  2
*D11
 70
1
 10
0.0
 20
0.0
 30
0.0
  3
*D11
  1

  0
LINE
  5
348
330
345
100
AcDbEntity
  8
0
100
AcDbLine
 10
204572.0
 20
18315.6
 30
0.0
 11
204572.0
 21
19759.6
 31
0.0
  0
LINE
  5
349
330
345
100
AcDbEntity
  8
0
100
AcDbLine
 10
208839.2
 20
18315.6
 30
0.0
 11
208839.2
 21
19759.6
 31
0.0
  0
INSERT
  5
34A
330
345
100
AcDbEntity
  8
DIMENSION
100
AcDbBlockReference
  2
_ARCHTICK
 10
204572.0
 20
19649.6
 30
0.0
 41
132.0
 42
132.0
 50
180.0
  0
INSERT
  5
34C
330
345
100
AcDbEntity
  8
DIMENSION
100
AcDbBlockReference
  2
_ARCHTICK
 10
208839.2
 20
19649.6
 30
0.0
 41
132.0
 42
132.0
  0
LINE
  5
34E
330
345
100
AcDbEntity
  8
0
100
AcDbLine
 10
204572.0
 20
19649.6
 30
0.0
 11
208839.2
 21
19649.6
 31
0.0
  0
MTEXT
  5
34F
330
345
100
AcDbEntity
  8
DIMENSION
100
AcDbMText
 10
206705.6
 20
19803.6
 30
0.0
 40
220.0
 71
5
  1
14'-0"
  7
OpenSansCondensed-Light
  0
POINT
  5
350
330
345
100
AcDbEntity
  8
Defpoints
100
AcDbPoint
 10
204572.0
 20
19649.6
 30
0.0
  0
POINT
  5
351
330
345
100
AcDbEntity
  8
Defpoints
100
AcDbPoint
 10
204572.0
 20
18249.6
 30
0.0
  0
POINT
  5
352
330
345
100
AcDbEntity
  8
Defpoints
100
AcDbPoint
 10
208839.2
 20
18249.6
 30
0.0
  0
ENDBLK
  5
347
330
345
100
AcDbEntity
  8
0
100
AcDbBlockEnd
  0
BLOCK
  5
355
330
354
100
AcDbEntity
  8
0
100
AcDbBlockBegin
  2
*D12
 70
1
 10
0.0
 20
0.0
 30
0.0
  3
*D12
  1

  0
LINE
  5
357
330
354
100
AcDbEntity
  8
0
100
AcDbLine
 10
208839.2
 20
18315.6
 30
0.0
 11
208839.2
 21
19759.6
 31
0.0
  0
LINE
  5
358
330
354
100
AcDbEntity
  8
0
100
AcDbLine
 10
211582.4
 20
18315.6
 30
0.0
 11
211582.4
 21
19759.6
 31
0.0
  0
INSERT
  5
359
330
354
100
AcDbEntity
  8
DIMENSION
100
AcDbBlockReference
  2
_ARCHTICK
 10
208839.2
 20
19649.6
 30
0.0
 41
132.0
 42
132.0
 50
180.0
  0
INSERT
  5
35B
330
354
100
AcDbEntity
  8
DIMENSION
100
AcDbBlockReference
  2
_ARCHTICK
 10
211582.4
 20
19649.6
 30
0.0
 41
132.0
 42
132.0
  0
LINE
  5
35D
330
354
100
AcDbEntity
  8
0
100
AcDbLine
 10
208839.2
 20
19649.6
 30
0.0
 11
211582.4
 21
19649.6
 31
0.0
  0
MTEXT
  5
35E
330
354
100
AcDbEntity
  8
DIMENSION
100
AcDbMText
 10
210210.8
 20
19803.6
 30
0.0
 40
220.0
 71
5
  1
9'-0"
  7
OpenSansCondensed-Light
  0
POINT
  5
35F
330
354
100
AcDbEntity
  8
Defpoints
100
AcDbPoint
 10
208839.2
 20
19649.6
 30
0.0
  0
POINT
  5
360
330
354
100
AcDbEntity
  8
Defpoints
100
AcDbPoint
 10
208839.2
 20
18249.6
 30
0.0
  0
POINT
  5
361
330
354
100
AcDbEntity
  8
Defpoints
100
AcDbPoint
 10
211582.4
 20
18249.6
 30
0.0
  0
ENDBLK
  5
356
330
354
100
AcDbEntity
  8
0
100
AcDbBlockEnd
  0
BLOCK
  5
364
330
363
100
AcDbEntity
  8
0
100
AcDbBlockBegin
  2
*D13
 70
1
 10
0.0
 20
0.0
 30
0.0
  3
*D13
  1

  0
LINE
  5
366
330
363
100
AcDbEntity
  8
0
100
AcDbLine
 10
211582.4
 20
18315.6
 30
0.0
 11
211582.4
 21
19759.6
 31
0.0
  0
LINE
  5
367
330
363
100
AcDbEntity
  8
0
100
AcDbLine
 10
215849.6
 20
18315.6
 30
0.0
 11
215849.6
 21
19759.6
 31
0.0
  0
INSERT
  5
368
330
363
100
AcDbEntity
  8
DIMENSION
100
AcDbBlockReference
  2
_ARCHTICK
 10
211582.4
 20
19649.6
 30
0.0
 41
132.0
 42
132.0
 50
180.0
  0
INSERT
  5
36A
330
363
100
AcDbEntity
  8
DIMENSION
100
AcDbBlockReference
  2
_ARCHTICK
 10
215849.6
 20
19649.6
 30
0.0
 41
132.0
 42
132.0
  0
LINE
  5
36C
330
363
100
AcDbEntity
  8
0
100
AcDbLine
 10
211582.4
 20
19649.6
 30
0.0
 11
215849.6
 21
19649.6
 31
0.0
  0
MTEXT
  5
36D
330
363
100
AcDbEntity
  8
DIMENSION
100
AcDbMText
 10
213716.0
 20
19803.6
 30
0.0
 40
220.0
 71
5
  1
14'-0"
  7
OpenSansCondensed-Light
  0
POINT
  5
36E
330
363
100
AcDbEntity
  8
Defpoints
100
AcDbPoint
 10
211582.4
 20
19649.6
 30
0.0
  0
POINT
  5
36F
330
363
100
AcDbEntity
  8
Defpoints
100
AcDbPoint
 10
211582.4
 20
18249.6
 30
0.0
  0
POINT
  5
370
330
363
100
AcDbEntity
  8
Defpoints
100
AcDbPoint
 10
215849.6
 20
18249.6
 30
0.0
  0
ENDBLK
  5
365
330
363
100
AcDbEntity
  8
0
100
AcDbBlockEnd
  0
BLOCK
  5
373
330
372
100
AcDbEntity
  8
0
100
AcDbBlockBegin
  2
*D14
 70
1
 10
0.0
 20
0.0
 30
0.0
  3
*D14
  1

  0
LINE
  5
375
330
372
100
AcDbEntity
  8
0
100
AcDbLine
 10
215849.6
 20
18315.6
 30
0.0
 11
215849.6
 21
19759.6
 31
0.0
  0
LINE
  5
376
330
372
100
AcDbEntity
  8
0
100
AcDbLine
 10
220421.6
 20
18315.6
 30
0.0
 11
220421.6
 21
19759.6
 31
0.0
  0
INSERT
  5
377
330
372
100
AcDbEntity
  8
DIMENSION
100
AcDbBlockReference
  2
_ARCHTICK
 10
215849.6
 20
19649.6
 30
0.0
 41
132.0
 42
132.0
 50
180.0
  0
INSERT
  5
379
330
372
100
AcDbEntity
  8
DIMENSION
100
AcDbBlockReference
  2
_ARCHTICK
 10
220421.6
 20
19649.6
 30
0.0
 41
132.0
 42
132.0
  0
LINE
  5
37B
330
372
100
AcDbEntity
  8
0
100
AcDbLine
 10
215849.6
 20
19649.6
 30
0.0
 11
220421.6
 21
19649.6
 31
0.0
  0
MTEXT
  5
37C
330
372
100
AcDbEntity
  8
DIMENSION
100
AcDbMText
 10
218135.6
 20
19803.6
 30
0.0
 40
220.0
 71
5
  1
15'-0"
  7
OpenSansCondensed-Light
  0
POINT
  5
37D
330
372
100
AcDbEntity
  8
Defpoints
100
AcDbPoint
 10
215849.6
 20
19649.6
 30
0.0
  0
POINT
  5
37E
330
372
100
AcDbEntity
  8
Defpoints
100
AcDbPoint
 10
215849.6
 20
18249.6
 30
0.0
  0
POINT
  5
37F
330
372
100
AcDbEntity
  8
Defpoints
100
AcDbPoint
 10
220421.6
 20
18249.6
 30
0.0
  0
ENDBLK
  5
374
330
372
100
AcDbEntity
  8
0
100
AcDbBlockEnd
  0
BLOCK
  5
382
330
381
100
AcDbEntity
  8
0
100
AcDbBlockBegin
  2
*D15
 70
1
 10
0.0
 20
0.0
 30
0.0
  3
*D15
  1

  0
LINE
  5
384
330
381
100
AcDbEntity
  8
0
100
AcDbLine
 10
197534.0
 20
0.0
 30
0.0
 11
196090.0
 21
0.0
 31
0.0
  0
LINE
  5
385
330
381
100
AcDbEntity
  8
0
100
AcDbLine
 10
197534.0
 20
4876.8
 30
0.0
 11
196090.0
 21
4876.8
 31
0.0
  0
INSERT
  5
386
330
381
100
AcDbEntity
  8
DIMENTION
100
AcDbBlockReference
  2
_ARCHTICK
 10
196200.0
 20
0.0
 30
0.0
 41
132.0
 42
132.0
 50
270.0
  0
INSERT
  5
388
330
381
100
AcDbEntity
  8
DIMENTION
100
AcDbBlockReference
  2
_ARCHTICK
 10
196200.0
 20
4876.8
 30
0.0
 41
132.0
 42
132.0
 50
90.0
  0
LINE
  5
38A
330
381
100
AcDbEntity
  8
0
100
AcDbLine
 10
196200.0
 20
0.0
 30
0.0
 11
196200.0
 21
2295.4
 31
0.0
  0
LINE
  5
38B
330
381
100
AcDbEntity
  8
0
100
AcDbLine
 10
196200.0
 20
2581.4
 30
0.0
 11
196200.0
 21
4876.8
 31
0.0
  0
MTEXT
  5
38C
330
381
100
AcDbEntity
  8
DIMENTION
100
AcDbMText
 10
196046.0
 20
2438.4
 30
0.0
 40
220.0
 71
5
  1
16'-0"
  7
OpenSansCondensed-Light
  0
POINT
  5
38D
330
381
100
AcDbEntity
  8
Defpoints
100
AcDbPoint
 10
196200.0
 20
0.0
 30
0.0
  0
POINT
  5
38E
330
381
100
AcDbEntity
  8
Defpoints
100
AcDbPoint
 10
197600.0
 20
0.0
 30
0.0
  0
POINT
  5
38F
330
381
100
AcDbEntity
  8
Defpoints
100
AcDbPoint
 10
197600.0
 20
4876.8
 30
0.0
  0
ENDBLK
  5
383
330
381
100
AcDbEntity
  8
0
100
AcDbBlockEnd
  0
BLOCK
  5
392
330
391
100
AcDbEntity
  8
0
100
AcDbBlockBegin
  2
*D16
 70
1
 10
0.0
 20
0.0
 30
0.0
  3
*D16
  1

  0
LINE
  5
394
330
391
100
AcDbEntity
  8
0
100
AcDbLine
 10
197534.0
 20
4876.8
 30
0.0
 11
196090.0
 21
4876.8
 31
0.0
  0
LINE
  5
395
330
391
100
AcDbEntity
  8
0
100
AcDbLine
 10
197534.0
 20
8839.2
 30
0.0
 11
196090.0
 21
8839.2
 31
0.0
  0
INSERT
  5
396
330
391
100
AcDbEntity
  8
DIMENTION
100
AcDbBlockReference
  2
_ARCHTICK
 10
196200.0
 20
4876.8
 30
0.0
 41
132.0
 42
132.0
 50
270.0
  0
INSERT
  5
398
330
391
100
AcDbEntity
  8
DIMENTION
100
AcDbBlockReference
  2
_ARCHTICK
 10
196200.0
 20
8839.2
 30
0.0
 41
132.0
 42
132.0
 50
90.0
  0
LINE
  5
39A
330
391
100
AcDbEntity
  8
0
100
AcDbLine
 10
196200.0
 20
4876.8
 30
0.0
 11
196200.0
 21
6715.0
 31
0.0
  0
LINE
  5
39B
330
391
100
AcDbEntity
  8
0
100
AcDbLine
 10
196200.0
 20
7001.0
 30
0.0
 11
196200.0
 21
8839.2
 31
0.0
  0
MTEXT
  5
39C
330
391
100
AcDbEntity
  8
DIMENTION
100
AcDbMText
 10
196046.0
 20
6858.0
 30
0.0
 40
220.0
 71
5
  1
13'-0"
  7
OpenSansCondensed-Light
  0
POINT
  5
39D
330
391
100
AcDbEntity
  8
Defpoints
100
AcDbPoint
 10
196200.0
 20
4876.8
 30
0.0
  0
POINT
  5
39E
330
391
100
AcDbEntity
  8
Defpoints
100
AcDbPoint
 10
197600.0
 20
4876.8
 30
0.0
  0
POINT
  5
39F
330
391
100
AcDbEntity
  8
Defpoints
100
AcDbPoint
 10
197600.0
 20
8839.2
 30
0.0
  0
ENDBLK
  5
393
330
391
100
AcDbEntity
  8
0
100
AcDbBlockEnd
  0
BLOCK
  5
3A2
330
3A1
100
AcDbEntity
  8
0
100
AcDbBlockBegin
  2
*D17
 70
1
 10
0.0
 20
0.0
 30
0.0
  3
*D17
  1

  0
LINE
  5
3A4
330
3A1
100
AcDbEntity
  8
0
100
AcDbLine
 10
197534.0
 20
8839.2
 30
0.0
 11
196090.0
 21
8839.2
 31
0.0
  0
LINE
  5
3A5
330
3A1
100
AcDbEntity
  8
0
100
AcDbLine
 10
197534.0
 20
11277.6
 30
0.0
 11
196090.0
 21
11277.6
 31
0.0
  0
INSERT
  5
3A6
330
3A1
100
AcDbEntity
  8
DIMENTION
100
AcDbBlockReference
  2
_ARCHTICK
 10
196200.0
 20
8839.2
 30
0.0
 41
132.0
 42
132.0
 50
270.0
  0
INSERT
  5
3A8
330
3A1
100
AcDbEntity
  8
DIMENTION
100
AcDbBlockReference
  2
_ARCHTICK
 10
196200.0
 20
11277.6
 30
0.0
 41
132.0
 42
132.0
 50
90.0
  0
LINE
  5
3AA
330
3A1
100
AcDbEntity
  8
0
100
AcDbLine
 10
196200.0
 20
8839.2
 30
0.0
 11
196200.0
 21
9915.400000000001
 31
0.0
  0
LINE
  5
3AB
330
3A1
100
AcDbEntity
  8
0
100
AcDbLine
 10
196200.0
 20
10201.400000000001
 30
0.0
 11
196200.0
 21
11277.6
 31
0.0
  0
MTEXT
  5
3AC
330
3A1
100
AcDbEntity
  8
DIMENTION
100
AcDbMText
 10
196046.0
 20
10058.400000000001
 30
0.0
 40
220.0
 71
5
  1
8'-0"
  7
OpenSansCondensed-Light
  0
POINT
  5
3AD
330
3A1
100
AcDbEntity
  8
Defpoints
100
AcDbPoint
 10
196200.0
 20
8839.2
 30
0.0
  0
POINT
  5
3AE
330
3A1
100
AcDbEntity
  8
Defpoints
100
AcDbPoint
 10
197600.0
 20
8839.2
 30
0.0
  0
POINT
  5
3AF
330
3A1
100
AcDbEntity
  8
Defpoints
100
AcDbPoint
 10
197600.0
 20
11277.6
 30
0.0
  0
ENDBLK
  5
3A3
330
3A1
100
AcDbEntity
  8
0
100
AcDbBlockEnd
  0
BLOCK
  5
3B2
330
3B1
100
AcDbEntity
  8
0
100
AcDbBlockBegin
  2
*D18
 70
1
 10
0.0
 20
0.0
 30
0.0
  3
*D18
  1

  0
LINE
  5
3B4
330
3B1
100
AcDbEntity
  8
0
100
AcDbLine
 10
197534.0
 20
11277.6
 30
0.0
 11
196090.0
 21
11277.6
 31
0.0
  0
LINE
  5
3B5
330
3B1
100
AcDbEntity
  8
0
100
AcDbLine
 10
197534.0
 20
15849.6
 30
0.0
 11
196090.0
 21
15849.6
 31
0.0
  0
INSERT
  5
3B6
330
3B1
100
AcDbEntity
  8
DIMENTION
100
AcDbBlockReference
  2
_ARCHTICK
 10
196200.0
 20
11277.6
 30
0.0
 41
132.0
 42
132.0
 50
270.0
  0
INSERT
  5
3B8
330
3B1
100
AcDbEntity
  8
DIMENTION
100
AcDbBlockReference
  2
_ARCHTICK
 10
196200.0
 20
15849.6
 30
0.0
 41
132.0
 42
132.0
 50
90.0
  0
LINE
  5
3BA
330
3B1
100
AcDbEntity
  8
0
100
AcDbLine
 10
196200.0
 20
11277.6
 30
0.0
 11
196200.0
 21
13420.6
 31
0.0
  0
LINE
  5
3BB
330
3B1
100
AcDbEntity
  8
0
100
AcDbLine
 10
196200.0
 20
13706.6
 30
0.0
 11
196200.0
 21
15849.6
 31
0.0
  0
MTEXT
  5
3BC
330
3B1
100
AcDbEntity
  8
DIMENTION
100
AcDbMText
 10
196046.0
 20
13563.6
 30
0.0
 40
220.0
 71
5
  1
15'-0"
  7
OpenSansCondensed-Light
  0
POINT
  5
3BD
330
3B1
100
AcDbEntity
  8
Defpoints
100
AcDbPoint
 10
196200.0
 20
11277.6
 30
0.0
  0
POINT
  5
3BE
330
3B1
100
AcDbEntity
  8
Defpoints
100
AcDbPoint
 10
197600.0
 20
11277.6
 30
0.0
  0
POINT
  5
3BF
330
3B1
100
AcDbEntity
  8
Defpoints
100
AcDbPoint
 10
197600.0
 20
15849.6
 30
0.0
  0
ENDBLK
  5
3B3
330
3B1
100
AcDbEntity
  8
0
100
AcDbBlockEnd
  0
BLOCK
  5
803
330
802
100
AcDbEntity
  8
0
100
AcDbBlockBegin
  2
*Paper_Space1
 70
0
 10
0.0
 20
0.0
 30
0.0
  3
*Paper_Space1
  1

  0
VIEWPORT
  5
806
330
802
100
AcDbEntity
 67
1
  8
VIEWPORTS
100
AcDbViewport
 10
420.5
 20
297.0
 30
0.0
 40
925.1
 41
653.4000000000001
 68
1
 69
1
 12
420.5
 22
297.0
 13
0.0
 23
0.0
 14
10.0
 24
10.0
 15
10.0
 25
10.0
 16
0.0
 26
0.0
 36
1.0
 17
0.0
 27
0.0
 37
0.0
 42
50.0
 43
0.0
 44
0.0
 45
653.4000000000001
 50
0.0
 51
0.0
 72
100
 90
557088
  1

281
0
 71
0
 74
0
110
0.0
120
0.0
130
0.0
111
1.0
121
0.0
131
0.0
112
0.0
122
1.0
132
0.0
 79
0
146
0.0
  0
LWPOLYLINE
  5
807
330
802
100
AcDbEntity
 67
1
  8
A-TITLE
100
AcDbPolyline
 90
4
 70
1
 10
10.0
 20
10.0
 10
831.0
 20
10.0
 10
831.0
 20
584.0
 10
10.0
 20
584.0
  0
LINE
  5
808
330
802
100
AcDbEntity
 67
1
  8
A-TITLE
100
AcDbLine
 10
761.0
 20
10.0
 30
0.0
 11
761.0
 21
584.0
 31
0.0
  0
TEXT
  5
809
330
802
100
AcDbEntity
 67
1
  8
A-TITLE
100
AcDbText
 10
764.0
 20
576.0
 30
0.0
 40
3.2
  1
ANKUR ARCHITECTS & PLANNERS
 11
764.0
 21
576.0
 31
0.0
100
AcDbText
  0
TEXT
  5
80A
330
802
100
AcDbEntity
 67
1
  8
A-TITLE
100
AcDbText
 10
764.0
 20
568.8
 30
0.0
 40
1.8
  1
HOUSE 12, ROAD 3, BLOCK B, BANANI, DHAKA-1213
 11
764.0
 21
568.8
 31
0.0
100
AcDbText
  0
LINE
  5
80B
330
802
100
AcDbEntity
 67
1
  8
A-TITLE
100
AcDbLine
 10
761.0
 20
563.0
 30
0.0
 11
831.0
 21
563.0
 31
0.0
  0
TEXT
  5
80C
330
802
100
AcDbEntity
 67
1
  8
A-TITLE
100
AcDbText
 10
764.0
 20
556.0
 30
0.0
 40
1.8
  1
CLIENT
 11
764.0
 21
556.0
 31
0.0
100
AcDbText
  0
MTEXT
  5
80D
330
802
100
AcDbEntity
 67
1
  8
A-TITLE
100
AcDbMText
 10
764.0
 20
553.0
 30
0.0
 40
2.2
 41
64.0
 71
1
  1
M/S. PADMA HOMES LTD.
  0
TEXT
  5
80E
330
802
100
AcDbEntity
 67
1
  8
A-TITLE
100
AcDbText
 10
764.0
 20
540.0
 30
0.0
 40
1.8
  1
PROJECT
 11
764.0
 21
540.0
 31
0.0
100
AcDbText
  0
MTEXT
  5
80F
330
802
100
AcDbEntity
 67
1
  8
A-TITLE
100
AcDbMText
 10
764.0
 20
537.0
 30
0.0
 40
2.2
 41
64.0
 71
1
  1
PROPOSED G+6 STORIED RESIDENTIAL BUILDING
  0
TEXT
  5
810
330
802
100
AcDbEntity
 67
1
  8
A-TITLE
100
AcDbText
 10
764.0
 20
524.0
 30
0.0
 40
1.8
  1
SITE
 11
764.0
 21
524.0
 31
0.0
100
AcDbText
  0
MTEXT
  5
811
330
802
100
AcDbEntity
 67
1
  8
A-TITLE
100
AcDbMText
 10
764.0
 20
521.0
 30
0.0
 40
2.2
 41
64.0
 71
1
  1
PLOT 23, ROAD 7, BLOCK C, BASHUNDHARA R/A, DHAKA
  0
LINE
  5
812
330
802
100
AcDbEntity
 67
1
  8
A-TITLE
100
AcDbLine
 10
761.0
 20
70.0
 30
0.0
 11
831.0
 21
70.0
 31
0.0
  0
TEXT
  5
813
330
802
100
AcDbEntity
 67
1
  8
A-TITLE
100
AcDbText
 10
764.0
 20
64.0
 30
0.0
 40
1.8
  1
SHEET TITLE
 11
764.0
 21
64.0
 31
0.0
100
AcDbText
  0
TEXT
  5
814
330
802
100
AcDbEntity
 67
1
  8
A-TITLE
100
AcDbText
 10
764.0
 20
56.0
 30
0.0
 40
2.0
  1
A-02  TYPICAL FLOOR PLAN (1ST TO 6TH)
 11
764.0
 21
56.0
 31
0.0
100
AcDbText
  0
TEXT
  5
815
330
802
100
AcDbEntity
 67
1
  8
A-TITLE
100
AcDbText
 10
764.0
 20
44.0
 30
0.0
 40
2.0
  1
SCALE: AS SHOWN
 11
764.0
 21
44.0
 31
0.0
100
AcDbText
  0
TEXT
  5
816
330
802
100
AcDbEntity
 67
1
  8
A-TITLE
100
AcDbText
 10
764.0
 20
39.0
 30
0.0
 40
2.0
  1
DATE: 22 SEP 2026
 11
764.0
 21
39.0
 31
0.0
100
AcDbText
  0
TEXT
  5
817
330
802
100
AcDbEntity
 67
1
  8
A-TITLE
100
AcDbText
 10
764.0
 20
34.0
 30
0.0
 40
2.0
  1
DRAWN: R.K.
 11
764.0
 21
34.0
 31
0.0
100
AcDbText
  0
TEXT
  5
818
330
802
100
AcDbEntity
 67
1
  8
A-TITLE
100
AcDbText
 10
764.0
 20
29.0
 30
0.0
 40
2.0
  1
CHECKED: S.A.
 11
764.0
 21
29.0
 31
0.0
100
AcDbText
  0
TEXT
  5
819
330
802
100
AcDbEntity
 67
1
  8
A-TITLE
100
AcDbText
 10
764.0
 20
24.0
 30
0.0
 40
2.0
  1
JOB NO.: AAP-2026-117
 11
764.0
 21
24.0
 31
0.0
100
AcDbText
  0
TEXT
  5
81A
330
802
100
AcDbEntity
 67
1
  8
A-TITLE
100
AcDbText
 10
764.0
 20
19.0
 30
0.0
 40
2.0
  1
REV.: 0
 11
764.0
 21
19.0
 31
0.0
100
AcDbText
  0
TEXT
  5
81B
330
802
100
AcDbEntity
 67
1
  8
A-TITLE
100
AcDbText
 10
30.0
 20
307.5
 30
0.0
 40
4.0
  1
TYPICAL FLOOR PLAN (1ST TO 6TH)  SCALE 1:100
 11
30.0
 21
307.5
 31
0.0
100
AcDbText
  0
TEXT
  5
81C
330
802
100
AcDbEntity
 67
1
  8
A-TITLE
100
AcDbText
 10
350.2
 20
252.89999999999998
 30
0.0
 40
4.0
  1
DOOR & WINDOW SCHEDULE (1ST TO 6TH FLOOR)  SCALE 1:50
 11
350.2
 21
252.89999999999998
 31
0.0
100
AcDbText
  0
INSERT
  5
81D
330
802
100
AcDbEntity
 67
1
  8
A-TITLE
100
AcDbBlockReference
  2
NORTH
 10
305.2
 20
555.0
 30
0.0
  0
VIEWPORT
  5
81F
330
802
100
AcDbEntity
 67
1
  8
VIEWPORTS
100
AcDbViewport
 10
175.1
 20
441.75
 30
0.0
 40
290.2
 41
256.5
 68
2
 69
3
 12
209910.8
 22
7624.799999999999
 13
0.0
 23
0.0
 14
10.0
 24
10.0
 15
10.0
 25
10.0
 16
0.0
 26
0.0
 36
1.0
 17
0.0
 27
0.0
 37
0.0
 42
50.0
 43
0.0
 44
0.0
 45
25650.0
 50
0.0
 51
0.0
 72
100
 90
0
  1

281
0
 71
0
 74
0
110
0.0
120
0.0
130
0.0
111
1.0
121
0.0
131
0.0
112
0.0
122
1.0
132
0.0
 79
0
146
0.0
  0
VIEWPORT
  5
820
330
802
100
AcDbEntity
 67
1
  8
VIEWPORTS
100
AcDbViewport
 10
428.29999999999995
 20
414.45
 30
0.0
 40
156.2
 41
311.1
 68
2
 69
4
 12
303505.5
 22
-6671.999999999999
 13
0.0
 23
0.0
 14
10.0
 24
10.0
 15
10.0
 25
10.0
 16
0.0
 26
0.0
 36
1.0
 17
0.0
 27
0.0
 37
0.0
 42
50.0
 43
0.0
 44
0.0
 45
15555.000000000002
 50
0.0
 51
0.0
 72
100
 90
0
  1

281
0
 71
0
 74
0
110
0.0
120
0.0
130
0.0
111
1.0
121
0.0
131
0.0
112
0.0
122
1.0
132
0.0
 79
0
146
0.0
  0
ENDBLK
  5
804
330
802
100
AcDbEntity
  8
0
100
AcDbBlockEnd
  0
BLOCK
  5
822
330
821
100
AcDbEntity
  8
0
100
AcDbBlockBegin
  2
*Paper_Space2
 70
0
 10
0.0
 20
0.0
 30
0.0
  3
*Paper_Space2
  1

  0
VIEWPORT
  5
825
330
821
100
AcDbEntity
 67
1
  8
VIEWPORTS
100
AcDbViewport
 10
420.5
 20
297.0
 30
0.0
 40
925.1
 41
653.4000000000001
 68
1
 69
1
 12
420.5
 22
297.0
 13
0.0
 23
0.0
 14
10.0
 24
10.0
 15
10.0
 25
10.0
 16
0.0
 26
0.0
 36
1.0
 17
0.0
 27
0.0
 37
0.0
 42
50.0
 43
0.0
 44
0.0
 45
653.4000000000001
 50
0.0
 51
0.0
 72
100
 90
557088
  1

281
0
 71
0
 74
0
110
0.0
120
0.0
130
0.0
111
1.0
121
0.0
131
0.0
112
0.0
122
1.0
132
0.0
 79
0
146
0.0
  0
LWPOLYLINE
  5
826
330
821
100
AcDbEntity
 67
1
  8
A-TITLE
100
AcDbPolyline
 90
4
 70
1
 10
10.0
 20
10.0
 10
831.0
 20
10.0
 10
831.0
 20
584.0
 10
10.0
 20
584.0
  0
LINE
  5
827
330
821
100
AcDbEntity
 67
1
  8
A-TITLE
100
AcDbLine
 10
761.0
 20
10.0
 30
0.0
 11
761.0
 21
584.0
 31
0.0
  0
TEXT
  5
828
330
821
100
AcDbEntity
 67
1
  8
A-TITLE
100
AcDbText
 10
764.0
 20
576.0
 30
0.0
 40
3.2
  1
ANKUR ARCHITECTS & PLANNERS
 11
764.0
 21
576.0
 31
0.0
100
AcDbText
  0
TEXT
  5
829
330
821
100
AcDbEntity
 67
1
  8
A-TITLE
100
AcDbText
 10
764.0
 20
568.8
 30
0.0
 40
1.8
  1
HOUSE 12, ROAD 3, BLOCK B, BANANI, DHAKA-1213
 11
764.0
 21
568.8
 31
0.0
100
AcDbText
  0
LINE
  5
82A
330
821
100
AcDbEntity
 67
1
  8
A-TITLE
100
AcDbLine
 10
761.0
 20
563.0
 30
0.0
 11
831.0
 21
563.0
 31
0.0
  0
TEXT
  5
82B
330
821
100
AcDbEntity
 67
1
  8
A-TITLE
100
AcDbText
 10
764.0
 20
556.0
 30
0.0
 40
1.8
  1
CLIENT
 11
764.0
 21
556.0
 31
0.0
100
AcDbText
  0
MTEXT
  5
82C
330
821
100
AcDbEntity
 67
1
  8
A-TITLE
100
AcDbMText
 10
764.0
 20
553.0
 30
0.0
 40
2.2
 41
64.0
 71
1
  1
M/S. PADMA HOMES LTD.
  0
TEXT
  5
82D
330
821
100
AcDbEntity
 67
1
  8
A-TITLE
100
AcDbText
 10
764.0
 20
540.0
 30
0.0
 40
1.8
  1
PROJECT
 11
764.0
 21
540.0
 31
0.0
100
AcDbText
  0
MTEXT
  5
82E
330
821
100
AcDbEntity
 67
1
  8
A-TITLE
100
AcDbMText
 10
764.0
 20
537.0
 30
0.0
 40
2.2
 41
64.0
 71
1
  1
PROPOSED G+6 STORIED RESIDENTIAL BUILDING
  0
TEXT
  5
82F
330
821
100
AcDbEntity
 67
1
  8
A-TITLE
100
AcDbText
 10
764.0
 20
524.0
 30
0.0
 40
1.8
  1
SITE
 11
764.0
 21
524.0
 31
0.0
100
AcDbText
  0
MTEXT
  5
830
330
821
100
AcDbEntity
 67
1
  8
A-TITLE
100
AcDbMText
 10
764.0
 20
521.0
 30
0.0
 40
2.2
 41
64.0
 71
1
  1
PLOT 23, ROAD 7, BLOCK C, BASHUNDHARA R/A, DHAKA
  0
LINE
  5
831
330
821
100
AcDbEntity
 67
1
  8
A-TITLE
100
AcDbLine
 10
761.0
 20
70.0
 30
0.0
 11
831.0
 21
70.0
 31
0.0
  0
TEXT
  5
832
330
821
100
AcDbEntity
 67
1
  8
A-TITLE
100
AcDbText
 10
764.0
 20
64.0
 30
0.0
 40
1.8
  1
SHEET TITLE
 11
764.0
 21
64.0
 31
0.0
100
AcDbText
  0
TEXT
  5
833
330
821
100
AcDbEntity
 67
1
  8
A-TITLE
100
AcDbText
 10
764.0
 20
56.0
 30
0.0
 40
2.0
  1
A-03  ROOM FINISH SCHEDULE & WALL TYPES
 11
764.0
 21
56.0
 31
0.0
100
AcDbText
  0
TEXT
  5
834
330
821
100
AcDbEntity
 67
1
  8
A-TITLE
100
AcDbText
 10
764.0
 20
44.0
 30
0.0
 40
2.0
  1
SCALE: AS SHOWN
 11
764.0
 21
44.0
 31
0.0
100
AcDbText
  0
TEXT
  5
835
330
821
100
AcDbEntity
 67
1
  8
A-TITLE
100
AcDbText
 10
764.0
 20
39.0
 30
0.0
 40
2.0
  1
DATE: 22 SEP 2026
 11
764.0
 21
39.0
 31
0.0
100
AcDbText
  0
TEXT
  5
836
330
821
100
AcDbEntity
 67
1
  8
A-TITLE
100
AcDbText
 10
764.0
 20
34.0
 30
0.0
 40
2.0
  1
DRAWN: R.K.
 11
764.0
 21
34.0
 31
0.0
100
AcDbText
  0
TEXT
  5
837
330
821
100
AcDbEntity
 67
1
  8
A-TITLE
100
AcDbText
 10
764.0
 20
29.0
 30
0.0
 40
2.0
  1
CHECKED: S.A.
 11
764.0
 21
29.0
 31
0.0
100
AcDbText
  0
TEXT
  5
838
330
821
100
AcDbEntity
 67
1
  8
A-TITLE
100
AcDbText
 10
764.0
 20
24.0
 30
0.0
 40
2.0
  1
JOB NO.: AAP-2026-117
 11
764.0
 21
24.0
 31
0.0
100
AcDbText
  0
TEXT
  5
839
330
821
100
AcDbEntity
 67
1
  8
A-TITLE
100
AcDbText
 10
764.0
 20
19.0
 30
0.0
 40
2.0
  1
REV.: 0
 11
764.0
 21
19.0
 31
0.0
100
AcDbText
  0
TEXT
  5
83A
330
821
100
AcDbEntity
 67
1
  8
A-TITLE
100
AcDbText
 10
30.0
 20
401.9
 30
0.0
 40
4.0
  1
ROOM FINISH SCHEDULE  SCALE 1:50
 11
30.0
 21
401.9
 31
0.0
100
AcDbText
  0
TEXT
  5
83B
330
821
100
AcDbEntity
 67
1
  8
A-TITLE
100
AcDbText
 10
30.0
 20
299.79999999999995
 30
0.0
 40
4.0
  1
FLOOR TILE LEGEND  SCALE 1:50
 11
30.0
 21
299.79999999999995
 31
0.0
100
AcDbText
  0
TEXT
  5
83C
330
821
100
AcDbEntity
 67
1
  8
A-TITLE
100
AcDbText
 10
30.0
 20
177.69999999999996
 30
0.0
 40
4.0
  1
WALL TYPES  SCALE 1:50
 11
30.0
 21
177.69999999999996
 31
0.0
100
AcDbText
  0
VIEWPORT
  5
83D
330
821
100
AcDbEntity
 67
1
  8
VIEWPORTS
100
AcDbViewport
 10
200.0
 20
491.45
 30
0.0
 40
340.0
 41
167.1
 68
2
 69
3
 12
8100.0
 22
-103072.0
 13
0.0
 23
0.0
 14
10.0
 24
10.0
 15
10.0
 25
10.0
 16
0.0
 26
0.0
 36
1.0
 17
0.0
 27
0.0
 37
0.0
 42
50.0
 43
0.0
 44
0.0
 45
8355.0
 50
0.0
 51
0.0
 72
100
 90
0
  1

281
0
 71
0
 74
0
110
0.0
120
0.0
130
0.0
111
1.0
121
0.0
131
0.0
112
0.0
122
1.0
132
0.0
 79
0
146
0.0
  0
VIEWPORT
  5
83E
330
821
100
AcDbEntity
 67
1
  8
VIEWPORTS
100
AcDbViewport
 10
115.0
 20
346.84999999999997
 30
0.0
 40
170.0
 41
82.1
 68
2
 69
4
 12
103850.0
 22
-100947.0
 13
0.0
 23
0.0
 14
10.0
 24
10.0
 15
10.0
 25
10.0
 16
0.0
 26
0.0
 36
1.0
 17
0.0
 27
0.0
 37
0.0
 42
50.0
 43
0.0
 44
0.0
 45
4105.0
 50
0.0
 51
0.0
 72
100
 90
0
  1

281
0
 71
0
 74
0
110
0.0
120
0.0
130
0.0
111
1.0
121
0.0
131
0.0
112
0.0
122
1.0
132
0.0
 79
0
146
0.0
  0
VIEWPORT
  5
83F
330
821
100
AcDbEntity
 67
1
  8
VIEWPORTS
100
AcDbViewport
 10
160.0
 20
234.74999999999994
 30
0.0
 40
260.0
 41
102.1
 68
2
 69
5
 12
206100.0
 22
-101447.0
 13
0.0
 23
0.0
 14
10.0
 24
10.0
 15
10.0
 25
10.0
 16
0.0
 26
0.0
 36
1.0
 17
0.0
 27
0.0
 37
0.0
 42
50.0
 43
0.0
 44
0.0
 45
5105.0
 50
0.0
 51
0.0
 72
100
 90
0
  1

281
0
 71
0
 74
0
110
0.0
120
0.0
130
0.0
111
1.0
121
0.0
131
0.0
112
0.0
122
1.0
132
0.0
 79
0
146
0.0
  0
ENDBLK
  5
823
330
821
100
AcDbEntity
  8
0
100
AcDbBlockEnd
  0
BLOCK
  5
841
330
840
100
AcDbEntity
  8
0
100
AcDbBlockBegin
  2
*Paper_Space3
 70
0
 10
0.0
 20
0.0
 30
0.0
  3
*Paper_Space3
  1

  0
VIEWPORT
  5
844
330
840
100
AcDbEntity
 67
1
  8
VIEWPORTS
100
AcDbViewport
 10
297.0
 20
210.0
 30
0.0
 40
653.4000000000001
 41
462.00000000000006
 68
1
 69
1
 12
297.0
 22
210.0
 13
0.0
 23
0.0
 14
10.0
 24
10.0
 15
10.0
 25
10.0
 16
0.0
 26
0.0
 36
1.0
 17
0.0
 27
0.0
 37
0.0
 42
50.0
 43
0.0
 44
0.0
 45
462.00000000000006
 50
0.0
 51
0.0
 72
100
 90
557088
  1

281
0
 71
0
 74
0
110
0.0
120
0.0
130
0.0
111
1.0
121
0.0
131
0.0
112
0.0
122
1.0
132
0.0
 79
0
146
0.0
  0
LWPOLYLINE
  5
845
330
840
100
AcDbEntity
 67
1
  8
A-TITLE
100
AcDbPolyline
 90
4
 70
1
 10
10.0
 20
10.0
 10
584.0
 20
10.0
 10
584.0
 20
410.0
 10
10.0
 20
410.0
  0
LINE
  5
846
330
840
100
AcDbEntity
 67
1
  8
A-TITLE
100
AcDbLine
 10
514.0
 20
10.0
 30
0.0
 11
514.0
 21
410.0
 31
0.0
  0
TEXT
  5
847
330
840
100
AcDbEntity
 67
1
  8
A-TITLE
100
AcDbText
 10
517.0
 20
402.0
 30
0.0
 40
3.2
  1
ANKUR ARCHITECTS & PLANNERS
 11
517.0
 21
402.0
 31
0.0
100
AcDbText
  0
TEXT
  5
848
330
840
100
AcDbEntity
 67
1
  8
A-TITLE
100
AcDbText
 10
517.0
 20
394.8
 30
0.0
 40
1.8
  1
HOUSE 12, ROAD 3, BLOCK B, BANANI, DHAKA-1213
 11
517.0
 21
394.8
 31
0.0
100
AcDbText
  0
LINE
  5
849
330
840
100
AcDbEntity
 67
1
  8
A-TITLE
100
AcDbLine
 10
514.0
 20
389.0
 30
0.0
 11
584.0
 21
389.0
 31
0.0
  0
TEXT
  5
84A
330
840
100
AcDbEntity
 67
1
  8
A-TITLE
100
AcDbText
 10
517.0
 20
382.0
 30
0.0
 40
1.8
  1
CLIENT
 11
517.0
 21
382.0
 31
0.0
100
AcDbText
  0
MTEXT
  5
84B
330
840
100
AcDbEntity
 67
1
  8
A-TITLE
100
AcDbMText
 10
517.0
 20
379.0
 30
0.0
 40
2.2
 41
64.0
 71
1
  1
M/S. PADMA HOMES LTD.
  0
TEXT
  5
84C
330
840
100
AcDbEntity
 67
1
  8
A-TITLE
100
AcDbText
 10
517.0
 20
366.0
 30
0.0
 40
1.8
  1
PROJECT
 11
517.0
 21
366.0
 31
0.0
100
AcDbText
  0
MTEXT
  5
84D
330
840
100
AcDbEntity
 67
1
  8
A-TITLE
100
AcDbMText
 10
517.0
 20
363.0
 30
0.0
 40
2.2
 41
64.0
 71
1
  1
PROPOSED G+6 STORIED RESIDENTIAL BUILDING
  0
TEXT
  5
84E
330
840
100
AcDbEntity
 67
1
  8
A-TITLE
100
AcDbText
 10
517.0
 20
350.0
 30
0.0
 40
1.8
  1
SITE
 11
517.0
 21
350.0
 31
0.0
100
AcDbText
  0
MTEXT
  5
84F
330
840
100
AcDbEntity
 67
1
  8
A-TITLE
100
AcDbMText
 10
517.0
 20
347.0
 30
0.0
 40
2.2
 41
64.0
 71
1
  1
PLOT 23, ROAD 7, BLOCK C, BASHUNDHARA R/A, DHAKA
  0
LINE
  5
850
330
840
100
AcDbEntity
 67
1
  8
A-TITLE
100
AcDbLine
 10
514.0
 20
70.0
 30
0.0
 11
584.0
 21
70.0
 31
0.0
  0
TEXT
  5
851
330
840
100
AcDbEntity
 67
1
  8
A-TITLE
100
AcDbText
 10
517.0
 20
64.0
 30
0.0
 40
1.8
  1
SHEET TITLE
 11
517.0
 21
64.0
 31
0.0
100
AcDbText
  0
TEXT
  5
852
330
840
100
AcDbEntity
 67
1
  8
A-TITLE
100
AcDbText
 10
517.0
 20
56.0
 30
0.0
 40
2.0
  1
A-04  SECTION A-A
 11
517.0
 21
56.0
 31
0.0
100
AcDbText
  0
TEXT
  5
853
330
840
100
AcDbEntity
 67
1
  8
A-TITLE
100
AcDbText
 10
517.0
 20
44.0
 30
0.0
 40
2.0
  1
SCALE: AS SHOWN
 11
517.0
 21
44.0
 31
0.0
100
AcDbText
  0
TEXT
  5
854
330
840
100
AcDbEntity
 67
1
  8
A-TITLE
100
AcDbText
 10
517.0
 20
39.0
 30
0.0
 40
2.0
  1
DATE: 22 SEP 2026
 11
517.0
 21
39.0
 31
0.0
100
AcDbText
  0
TEXT
  5
855
330
840
100
AcDbEntity
 67
1
  8
A-TITLE
100
AcDbText
 10
517.0
 20
34.0
 30
0.0
 40
2.0
  1
DRAWN: R.K.
 11
517.0
 21
34.0
 31
0.0
100
AcDbText
  0
TEXT
  5
856
330
840
100
AcDbEntity
 67
1
  8
A-TITLE
100
AcDbText
 10
517.0
 20
29.0
 30
0.0
 40
2.0
  1
CHECKED: S.A.
 11
517.0
 21
29.0
 31
0.0
100
AcDbText
  0
TEXT
  5
857
330
840
100
AcDbEntity
 67
1
  8
A-TITLE
100
AcDbText
 10
517.0
 20
24.0
 30
0.0
 40
2.0
  1
JOB NO.: AAP-2026-117
 11
517.0
 21
24.0
 31
0.0
100
AcDbText
  0
TEXT
  5
858
330
840
100
AcDbEntity
 67
1
  8
A-TITLE
100
AcDbText
 10
517.0
 20
19.0
 30
0.0
 40
2.0
  1
REV.: 0
 11
517.0
 21
19.0
 31
0.0
100
AcDbText
  0
TEXT
  5
859
330
840
100
AcDbEntity
 67
1
  8
A-TITLE
100
AcDbText
 10
40.0
 20
131.39999999999998
 30
0.0
 40
4.0
  1
SECTION A-A  SCALE 1:100
 11
40.0
 21
131.39999999999998
 31
0.0
100
AcDbText
  0
VIEWPORT
  5
85A
330
840
100
AcDbEntity
 67
1
  8
VIEWPORTS
100
AcDbViewport
 10
168.0
 20
268.7
 30
0.0
 40
256.0
 41
262.6
 68
2
 69
3
 12
308974.3
 22
-90381.6
 13
0.0
 23
0.0
 14
10.0
 24
10.0
 15
10.0
 25
10.0
 16
0.0
 26
0.0
 36
1.0
 17
0.0
 27
0.0
 37
0.0
 42
50.0
 43
0.0
 44
0.0
 45
26260.000000000004
 50
0.0
 51
0.0
 72
100
 90
0
  1

281
0
 71
0
 74
0
110
0.0
120
0.0
130
0.0
111
1.0
121
0.0
131
0.0
112
0.0
122
1.0
132
0.0
 79
0
146
0.0
  0
ENDBLK
  5
842
330
840
100
AcDbEntity
  8
0
100
AcDbBlockEnd
  0
BLOCK
  5
7E4
330
7E3
100
AcDbEntity
  8
0
100
AcDbBlockBegin
  2
*Paper_Space
 70
0
 10
0.0
 20
0.0
 30
0.0
  3
*Paper_Space
  1

  0
ENDBLK
  5
7E5
330
7E3
100
AcDbEntity
  8
0
100
AcDbBlockEnd
  0
ENDSEC
  0
SECTION
  2
ENTITIES
  0
LINE
  5
D1
330
17
100
AcDbEntity
  8
A-GRID
  6
CENTER
100
AcDbLine
 10
0.0
 20
-3600.0
 30
0.0
 11
0.0
 21
18249.6
 31
0.0
  0
CIRCLE
  5
D2
330
17
100
AcDbEntity
  8
A-GRID
100
AcDbCircle
 10
0.0
 20
-4000.0
 30
0.0
 40
400.0
  0
TEXT
  5
D3
330
17
100
AcDbEntity
  8
A-GRID-TEXT
100
AcDbText
 10
0.0
 20
-4000.0
 30
0.0
 40
350.0
  1
1
 72
1
 11
0.0
 21
-4000.0
 31
0.0
100
AcDbText
 73
2
  0
CIRCLE
  5
D4
330
17
100
AcDbEntity
  8
A-GRID
100
AcDbCircle
 10
0.0
 20
18649.6
 30
0.0
 40
400.0
  0
TEXT
  5
D5
330
17
100
AcDbEntity
  8
A-GRID-TEXT
100
AcDbText
 10
0.0
 20
18649.6
 30
0.0
 40
350.0
  1
1
 72
1
 11
0.0
 21
18649.6
 31
0.0
100
AcDbText
 73
2
  0
LINE
  5
D6
330
17
100
AcDbEntity
  8
A-GRID
  6
CENTER
100
AcDbLine
 10
4572.0
 20
-3600.0
 30
0.0
 11
4572.0
 21
18249.6
 31
0.0
  0
CIRCLE
  5
D7
330
17
100
AcDbEntity
  8
A-GRID
100
AcDbCircle
 10
4572.0
 20
-4000.0
 30
0.0
 40
400.0
  0
TEXT
  5
D8
330
17
100
AcDbEntity
  8
A-GRID-TEXT
100
AcDbText
 10
4572.0
 20
-4000.0
 30
0.0
 40
350.0
  1
2
 72
1
 11
4572.0
 21
-4000.0
 31
0.0
100
AcDbText
 73
2
  0
CIRCLE
  5
D9
330
17
100
AcDbEntity
  8
A-GRID
100
AcDbCircle
 10
4572.0
 20
18649.6
 30
0.0
 40
400.0
  0
TEXT
  5
DA
330
17
100
AcDbEntity
  8
A-GRID-TEXT
100
AcDbText
 10
4572.0
 20
18649.6
 30
0.0
 40
350.0
  1
2
 72
1
 11
4572.0
 21
18649.6
 31
0.0
100
AcDbText
 73
2
  0
LINE
  5
DB
330
17
100
AcDbEntity
  8
A-GRID
  6
CENTER
100
AcDbLine
 10
8839.2
 20
-3600.0
 30
0.0
 11
8839.2
 21
18249.6
 31
0.0
  0
CIRCLE
  5
DC
330
17
100
AcDbEntity
  8
A-GRID
100
AcDbCircle
 10
8839.2
 20
-4000.0
 30
0.0
 40
400.0
  0
TEXT
  5
DD
330
17
100
AcDbEntity
  8
A-GRID-TEXT
100
AcDbText
 10
8839.2
 20
-4000.0
 30
0.0
 40
350.0
  1
3
 72
1
 11
8839.2
 21
-4000.0
 31
0.0
100
AcDbText
 73
2
  0
CIRCLE
  5
DE
330
17
100
AcDbEntity
  8
A-GRID
100
AcDbCircle
 10
8839.2
 20
18649.6
 30
0.0
 40
400.0
  0
TEXT
  5
DF
330
17
100
AcDbEntity
  8
A-GRID-TEXT
100
AcDbText
 10
8839.2
 20
18649.6
 30
0.0
 40
350.0
  1
3
 72
1
 11
8839.2
 21
18649.6
 31
0.0
100
AcDbText
 73
2
  0
LINE
  5
E0
330
17
100
AcDbEntity
  8
A-GRID
  6
CENTER
100
AcDbLine
 10
11582.4
 20
-3600.0
 30
0.0
 11
11582.4
 21
18249.6
 31
0.0
  0
CIRCLE
  5
E1
330
17
100
AcDbEntity
  8
A-GRID
100
AcDbCircle
 10
11582.4
 20
-4000.0
 30
0.0
 40
400.0
  0
TEXT
  5
E2
330
17
100
AcDbEntity
  8
A-GRID-TEXT
100
AcDbText
 10
11582.4
 20
-4000.0
 30
0.0
 40
350.0
  1
4
 72
1
 11
11582.4
 21
-4000.0
 31
0.0
100
AcDbText
 73
2
  0
CIRCLE
  5
E3
330
17
100
AcDbEntity
  8
A-GRID
100
AcDbCircle
 10
11582.4
 20
18649.6
 30
0.0
 40
400.0
  0
TEXT
  5
E4
330
17
100
AcDbEntity
  8
A-GRID-TEXT
100
AcDbText
 10
11582.4
 20
18649.6
 30
0.0
 40
350.0
  1
4
 72
1
 11
11582.4
 21
18649.6
 31
0.0
100
AcDbText
 73
2
  0
LINE
  5
E5
330
17
100
AcDbEntity
  8
A-GRID
  6
CENTER
100
AcDbLine
 10
15849.6
 20
-3600.0
 30
0.0
 11
15849.6
 21
18249.6
 31
0.0
  0
CIRCLE
  5
E6
330
17
100
AcDbEntity
  8
A-GRID
100
AcDbCircle
 10
15849.6
 20
-4000.0
 30
0.0
 40
400.0
  0
TEXT
  5
E7
330
17
100
AcDbEntity
  8
A-GRID-TEXT
100
AcDbText
 10
15849.6
 20
-4000.0
 30
0.0
 40
350.0
  1
5
 72
1
 11
15849.6
 21
-4000.0
 31
0.0
100
AcDbText
 73
2
  0
CIRCLE
  5
E8
330
17
100
AcDbEntity
  8
A-GRID
100
AcDbCircle
 10
15849.6
 20
18649.6
 30
0.0
 40
400.0
  0
TEXT
  5
E9
330
17
100
AcDbEntity
  8
A-GRID-TEXT
100
AcDbText
 10
15849.6
 20
18649.6
 30
0.0
 40
350.0
  1
5
 72
1
 11
15849.6
 21
18649.6
 31
0.0
100
AcDbText
 73
2
  0
LINE
  5
EA
330
17
100
AcDbEntity
  8
A-GRID
  6
CENTER
100
AcDbLine
 10
20421.6
 20
-3600.0
 30
0.0
 11
20421.6
 21
18249.6
 31
0.0
  0
CIRCLE
  5
EB
330
17
100
AcDbEntity
  8
A-GRID
100
AcDbCircle
 10
20421.6
 20
-4000.0
 30
0.0
 40
400.0
  0
TEXT
  5
EC
330
17
100
AcDbEntity
  8
A-GRID-TEXT
100
AcDbText
 10
20421.6
 20
-4000.0
 30
0.0
 40
350.0
  1
6
 72
1
 11
20421.6
 21
-4000.0
 31
0.0
100
AcDbText
 73
2
  0
CIRCLE
  5
ED
330
17
100
AcDbEntity
  8
A-GRID
100
AcDbCircle
 10
20421.6
 20
18649.6
 30
0.0
 40
400.0
  0
TEXT
  5
EE
330
17
100
AcDbEntity
  8
A-GRID-TEXT
100
AcDbText
 10
20421.6
 20
18649.6
 30
0.0
 40
350.0
  1
6
 72
1
 11
20421.6
 21
18649.6
 31
0.0
100
AcDbText
 73
2
  0
LINE
  5
EF
330
17
100
AcDbEntity
  8
A-GRID
  6
CENTER
100
AcDbLine
 10
-2400.0
 20
0.0
 30
0.0
 11
22821.6
 21
0.0
 31
0.0
  0
CIRCLE
  5
F0
330
17
100
AcDbEntity
  8
A-GRID
100
AcDbCircle
 10
-2800.0
 20
0.0
 30
0.0
 40
400.0
  0
TEXT
  5
F1
330
17
100
AcDbEntity
  8
A-GRID-TEXT
100
AcDbText
 10
-2800.0
 20
0.0
 30
0.0
 40
350.0
  1
A
 72
1
 11
-2800.0
 21
0.0
 31
0.0
100
AcDbText
 73
2
  0
CIRCLE
  5
F2
330
17
100
AcDbEntity
  8
A-GRID
100
AcDbCircle
 10
23221.6
 20
0.0
 30
0.0
 40
400.0
  0
TEXT
  5
F3
330
17
100
AcDbEntity
  8
A-GRID-TEXT
100
AcDbText
 10
23221.6
 20
0.0
 30
0.0
 40
350.0
  1
A
 72
1
 11
23221.6
 21
0.0
 31
0.0
100
AcDbText
 73
2
  0
LINE
  5
F4
330
17
100
AcDbEntity
  8
A-GRID
  6
CENTER
100
AcDbLine
 10
-2400.0
 20
4876.8
 30
0.0
 11
22821.6
 21
4876.8
 31
0.0
  0
CIRCLE
  5
F5
330
17
100
AcDbEntity
  8
A-GRID
100
AcDbCircle
 10
-2800.0
 20
4876.8
 30
0.0
 40
400.0
  0
TEXT
  5
F6
330
17
100
AcDbEntity
  8
A-GRID-TEXT
100
AcDbText
 10
-2800.0
 20
4876.8
 30
0.0
 40
350.0
  1
B
 72
1
 11
-2800.0
 21
4876.8
 31
0.0
100
AcDbText
 73
2
  0
CIRCLE
  5
F7
330
17
100
AcDbEntity
  8
A-GRID
100
AcDbCircle
 10
23221.6
 20
4876.8
 30
0.0
 40
400.0
  0
TEXT
  5
F8
330
17
100
AcDbEntity
  8
A-GRID-TEXT
100
AcDbText
 10
23221.6
 20
4876.8
 30
0.0
 40
350.0
  1
B
 72
1
 11
23221.6
 21
4876.8
 31
0.0
100
AcDbText
 73
2
  0
LINE
  5
F9
330
17
100
AcDbEntity
  8
A-GRID
  6
CENTER
100
AcDbLine
 10
-2400.0
 20
8839.2
 30
0.0
 11
22821.6
 21
8839.2
 31
0.0
  0
CIRCLE
  5
FA
330
17
100
AcDbEntity
  8
A-GRID
100
AcDbCircle
 10
-2800.0
 20
8839.2
 30
0.0
 40
400.0
  0
TEXT
  5
FB
330
17
100
AcDbEntity
  8
A-GRID-TEXT
100
AcDbText
 10
-2800.0
 20
8839.2
 30
0.0
 40
350.0
  1
C
 72
1
 11
-2800.0
 21
8839.2
 31
0.0
100
AcDbText
 73
2
  0
CIRCLE
  5
FC
330
17
100
AcDbEntity
  8
A-GRID
100
AcDbCircle
 10
23221.6
 20
8839.2
 30
0.0
 40
400.0
  0
TEXT
  5
FD
330
17
100
AcDbEntity
  8
A-GRID-TEXT
100
AcDbText
 10
23221.6
 20
8839.2
 30
0.0
 40
350.0
  1
C
 72
1
 11
23221.6
 21
8839.2
 31
0.0
100
AcDbText
 73
2
  0
LINE
  5
FE
330
17
100
AcDbEntity
  8
A-GRID
  6
CENTER
100
AcDbLine
 10
-2400.0
 20
11277.6
 30
0.0
 11
22821.6
 21
11277.6
 31
0.0
  0
CIRCLE
  5
FF
330
17
100
AcDbEntity
  8
A-GRID
100
AcDbCircle
 10
-2800.0
 20
11277.6
 30
0.0
 40
400.0
  0
TEXT
  5
100
330
17
100
AcDbEntity
  8
A-GRID-TEXT
100
AcDbText
 10
-2800.0
 20
11277.6
 30
0.0
 40
350.0
  1
D
 72
1
 11
-2800.0
 21
11277.6
 31
0.0
100
AcDbText
 73
2
  0
CIRCLE
  5
101
330
17
100
AcDbEntity
  8
A-GRID
100
AcDbCircle
 10
23221.6
 20
11277.6
 30
0.0
 40
400.0
  0
TEXT
  5
102
330
17
100
AcDbEntity
  8
A-GRID-TEXT
100
AcDbText
 10
23221.6
 20
11277.6
 30
0.0
 40
350.0
  1
D
 72
1
 11
23221.6
 21
11277.6
 31
0.0
100
AcDbText
 73
2
  0
LINE
  5
103
330
17
100
AcDbEntity
  8
A-GRID
  6
CENTER
100
AcDbLine
 10
-2400.0
 20
15849.6
 30
0.0
 11
22821.6
 21
15849.6
 31
0.0
  0
CIRCLE
  5
104
330
17
100
AcDbEntity
  8
A-GRID
100
AcDbCircle
 10
-2800.0
 20
15849.6
 30
0.0
 40
400.0
  0
TEXT
  5
105
330
17
100
AcDbEntity
  8
A-GRID-TEXT
100
AcDbText
 10
-2800.0
 20
15849.6
 30
0.0
 40
350.0
  1
E
 72
1
 11
-2800.0
 21
15849.6
 31
0.0
100
AcDbText
 73
2
  0
CIRCLE
  5
106
330
17
100
AcDbEntity
  8
A-GRID
100
AcDbCircle
 10
23221.6
 20
15849.6
 30
0.0
 40
400.0
  0
TEXT
  5
107
330
17
100
AcDbEntity
  8
A-GRID-TEXT
100
AcDbText
 10
23221.6
 20
15849.6
 30
0.0
 40
350.0
  1
E
 72
1
 11
23221.6
 21
15849.6
 31
0.0
100
AcDbText
 73
2
  0
DIMENSION
  5
108
330
17
100
AcDbEntity
  8
DIMENSION
100
AcDbDimension
  2
*D1
  3
EZDXF
 10
0.0
 20
19649.6
 30
0.0
 11
2286.0
 21
19803.6
 31
0.0
 70
32
 71
5
  1
15'-0"
100
AcDbAlignedDimension
 13
0.0
 23
18249.6
 33
0.0
 14
4572.0
 24
18249.6
 34
0.0
 50
0.0
100
AcDbRotatedDimension
1001
ACAD
1000
DSTYLE
1002
{
1070
140
1040
220.0
1070
41
1040
132.0
1070
44
1040
110.0
1070
42
1040
66.0
1070
147
1040
44.0
1070
271
1070
0
1070
77
1070
1
1070
73
1070
1
1070
74
1070
1
1002
}
  0
DIMENSION
  5
117
330
17
100
AcDbEntity
  8
DIMENSION
100
AcDbDimension
  2
*D2
  3
EZDXF
 10
4572.0
 20
19649.6
 30
0.0
 11
6705.6
 21
19803.6
 31
0.0
 70
32
 71
5
  1
14'-0"
100
AcDbAlignedDimension
 13
4572.0
 23
18249.6
 33
0.0
 14
8839.2
 24
18249.6
 34
0.0
 50
0.0
100
AcDbRotatedDimension
1001
ACAD
1000
DSTYLE
1002
{
1070
140
1040
220.0
1070
41
1040
132.0
1070
44
1040
110.0
1070
42
1040
66.0
1070
147
1040
44.0
1070
271
1070
0
1070
77
1070
1
1070
73
1070
1
1070
74
1070
1
1002
}
  0
DIMENSION
  5
126
330
17
100
AcDbEntity
  8
DIMENSION
100
AcDbDimension
  2
*D3
  3
EZDXF
 10
8839.2
 20
19649.6
 30
0.0
 11
10210.8
 21
19803.6
 31
0.0
 70
32
 71
5
  1
9'-0"
100
AcDbAlignedDimension
 13
8839.2
 23
18249.6
 33
0.0
 14
11582.4
 24
18249.6
 34
0.0
 50
0.0
100
AcDbRotatedDimension
1001
ACAD
1000
DSTYLE
1002
{
1070
140
1040
220.0
1070
41
1040
132.0
1070
44
1040
110.0
1070
42
1040
66.0
1070
147
1040
44.0
1070
271
1070
0
1070
77
1070
1
1070
73
1070
1
1070
74
1070
1
1002
}
  0
DIMENSION
  5
135
330
17
100
AcDbEntity
  8
DIMENSION
100
AcDbDimension
  2
*D4
  3
EZDXF
 10
11582.4
 20
19649.6
 30
0.0
 11
13716.0
 21
19803.6
 31
0.0
 70
32
 71
5
  1
14'-0"
100
AcDbAlignedDimension
 13
11582.4
 23
18249.6
 33
0.0
 14
15849.6
 24
18249.6
 34
0.0
 50
0.0
100
AcDbRotatedDimension
1001
ACAD
1000
DSTYLE
1002
{
1070
140
1040
220.0
1070
41
1040
132.0
1070
44
1040
110.0
1070
42
1040
66.0
1070
147
1040
44.0
1070
271
1070
0
1070
77
1070
1
1070
73
1070
1
1070
74
1070
1
1002
}
  0
DIMENSION
  5
144
330
17
100
AcDbEntity
  8
DIMENSION
100
AcDbDimension
  2
*D5
  3
EZDXF
 10
15849.6
 20
19649.6
 30
0.0
 11
18135.6
 21
19803.6
 31
0.0
 70
32
 71
5
  1
15'-0"
100
AcDbAlignedDimension
 13
15849.6
 23
18249.6
 33
0.0
 14
20421.6
 24
18249.6
 34
0.0
 50
0.0
100
AcDbRotatedDimension
1001
ACAD
1000
DSTYLE
1002
{
1070
140
1040
220.0
1070
41
1040
132.0
1070
44
1040
110.0
1070
42
1040
66.0
1070
147
1040
44.0
1070
271
1070
0
1070
77
1070
1
1070
73
1070
1
1070
74
1070
1
1002
}
  0
DIMENSION
  5
153
330
17
100
AcDbEntity
  8
DIMENTION
100
AcDbDimension
  2
*D6
  3
EZDXF
 10
-3800.0
 20
0.0
 30
0.0
 11
-3954.0
 21
2438.4
 31
0.0
 70
32
 71
5
  1
16'-0"
100
AcDbAlignedDimension
 13
-2400.0
 23
0.0
 33
0.0
 14
-2400.0
 24
4876.8
 34
0.0
 50
90.0
100
AcDbRotatedDimension
1001
ACAD
1000
DSTYLE
1002
{
1070
140
1040
220.0
1070
41
1040
132.0
1070
44
1040
110.0
1070
42
1040
66.0
1070
147
1040
44.0
1070
271
1070
0
1070
77
1070
1
1070
73
1070
1
1070
74
1070
1
1002
}
  0
DIMENSION
  5
163
330
17
100
AcDbEntity
  8
DIMENTION
100
AcDbDimension
  2
*D7
  3
EZDXF
 10
-3800.0
 20
4876.8
 30
0.0
 11
-3954.0
 21
6858.0
 31
0.0
 70
32
 71
5
  1
13'-0"
100
AcDbAlignedDimension
 13
-2400.0
 23
4876.8
 33
0.0
 14
-2400.0
 24
8839.2
 34
0.0
 50
90.0
100
AcDbRotatedDimension
1001
ACAD
1000
DSTYLE
1002
{
1070
140
1040
220.0
1070
41
1040
132.0
1070
44
1040
110.0
1070
42
1040
66.0
1070
147
1040
44.0
1070
271
1070
0
1070
77
1070
1
1070
73
1070
1
1070
74
1070
1
1002
}
  0
DIMENSION
  5
173
330
17
100
AcDbEntity
  8
DIMENTION
100
AcDbDimension
  2
*D8
  3
EZDXF
 10
-3800.0
 20
8839.2
 30
0.0
 11
-3954.0
 21
10058.400000000001
 31
0.0
 70
32
 71
5
  1
8'-0"
100
AcDbAlignedDimension
 13
-2400.0
 23
8839.2
 33
0.0
 14
-2400.0
 24
11277.6
 34
0.0
 50
90.0
100
AcDbRotatedDimension
1001
ACAD
1000
DSTYLE
1002
{
1070
140
1040
220.0
1070
41
1040
132.0
1070
44
1040
110.0
1070
42
1040
66.0
1070
147
1040
44.0
1070
271
1070
0
1070
77
1070
1
1070
73
1070
1
1070
74
1070
1
1002
}
  0
DIMENSION
  5
183
330
17
100
AcDbEntity
  8
DIMENTION
100
AcDbDimension
  2
*D9
  3
EZDXF
 10
-3800.0
 20
11277.6
 30
0.0
 11
-3954.0
 21
13563.6
 31
0.0
 70
32
 71
5
  1
15'-0"
100
AcDbAlignedDimension
 13
-2400.0
 23
11277.6
 33
0.0
 14
-2400.0
 24
15849.6
 34
0.0
 50
90.0
100
AcDbRotatedDimension
1001
ACAD
1000
DSTYLE
1002
{
1070
140
1040
220.0
1070
41
1040
132.0
1070
44
1040
110.0
1070
42
1040
66.0
1070
147
1040
44.0
1070
271
1070
0
1070
77
1070
1
1070
73
1070
1
1070
74
1070
1
1002
}
  0
LINE
  5
193
330
17
100
AcDbEntity
  8
WALL 10in
100
AcDbLine
 10
232.7
 20
13412.323304703363
 30
0.0
 11
180.92330470336313
 21
13464.1
 31
0.0
  0
LINE
  5
194
330
17
100
AcDbEntity
  8
WALL 10in
100
AcDbLine
 10
180.92330470336313
 20
13464.1
 30
0.0
 11
232.7
 21
13515.876695296636
 31
0.0
  0
LINE
  5
195
330
17
100
AcDbEntity
  8
WALL 10in
100
AcDbLine
 10
232.7
 20
13515.876695296636
 30
0.0
 11
232.7
 21
13589.1
 31
0.0
  0
LINE
  5
196
330
17
100
AcDbEntity
  8
WALL 10in
100
AcDbLine
 10
232.7
 20
13589.1
 30
0.0
 11
305.9233047033631
 21
13589.1
 31
0.0
  0
LINE
  5
197
330
17
100
AcDbEntity
  8
WALL 10in
100
AcDbLine
 10
305.9233047033631
 20
13589.1
 30
0.0
 11
2618.2
 21
15901.376695296636
 31
0.0
  0
LINE
  5
198
330
17
100
AcDbEntity
  8
WALL 10in
100
AcDbLine
 10
2618.2
 20
15901.376695296636
 30
0.0
 11
2618.2
 21
15974.6
 31
0.0
  0
LINE
  5
199
330
17
100
AcDbEntity
  8
WALL 10in
100
AcDbLine
 10
2618.2
 20
15974.6
 30
0.0
 11
2691.423304703363
 21
15974.6
 31
0.0
  0
LINE
  5
19A
330
17
100
AcDbEntity
  8
WALL 10in
100
AcDbLine
 10
2691.423304703363
 20
15974.6
 30
0.0
 11
2743.2
 21
16026.376695296636
 31
0.0
  0
LINE
  5
19B
330
17
100
AcDbEntity
  8
WALL 10in
100
AcDbLine
 10
2743.2
 20
16026.376695296636
 30
0.0
 11
2794.976695296637
 21
15974.6
 31
0.0
  0
LINE
  5
19C
330
17
100
AcDbEntity
  8
WALL 10in
100
AcDbLine
 10
2794.976695296637
 20
15974.6
 30
0.0
 11
4422.0
 21
15974.6
 31
0.0
  0
LINE
  5
19D
330
17
100
AcDbEntity
  8
WALL 10in
100
AcDbLine
 10
4697.0
 20
15549.6
 30
0.0
 11
4697.0
 21
13589.1
 31
0.0
  0
LINE
  5
19E
330
17
100
AcDbEntity
  8
WALL 10in
100
AcDbLine
 10
4697.0
 20
13589.1
 30
0.0
 11
4697.0
 21
13339.1
 31
0.0
  0
LINE
  5
19F
330
17
100
AcDbEntity
  8
WALL 10in
100
AcDbLine
 10
4697.0
 20
13339.1
 30
0.0
 11
4447.0
 21
13339.1
 31
0.0
  0
LINE
  5
1A0
330
17
100
AcDbEntity
  8
WALL 10in
100
AcDbLine
 10
4447.0
 20
13339.1
 30
0.0
 11
3714.4
 21
13339.1
 31
0.0
  0
LINE
  5
1A1
330
17
100
AcDbEntity
  8
WALL 10in
100
AcDbLine
 10
2800.0
 20
13339.1
 30
0.0
 11
409.4766952966369
 21
13339.1
 31
0.0
  0
LINE
  5
1A2
330
17
100
AcDbEntity
  8
WALL 10in
100
AcDbLine
 10
409.4766952966369
 20
13339.1
 30
0.0
 11
357.7
 21
13287.323304703363
 31
0.0
  0
LINE
  5
1A3
330
17
100
AcDbEntity
  8
WALL 10in
100
AcDbLine
 10
357.7
 20
13287.323304703363
 30
0.0
 11
305.9233047033631
 21
13339.1
 31
0.0
  0
LINE
  5
1A4
330
17
100
AcDbEntity
  8
WALL 10in
100
AcDbLine
 10
305.9233047033631
 20
13339.1
 30
0.0
 11
232.7
 21
13339.1
 31
0.0
  0
LINE
  5
1A5
330
17
100
AcDbEntity
  8
WALL 10in
100
AcDbLine
 10
232.7
 20
13339.1
 30
0.0
 11
232.7
 21
13412.323304703363
 31
0.0
  0
LINE
  5
1A6
330
17
100
AcDbEntity
  8
WALL 10in
100
AcDbLine
 10
2794.976695296637
 20
15724.6
 30
0.0
 11
659.4766952966369
 21
13589.1
 31
0.0
  0
LINE
  5
1A7
330
17
100
AcDbEntity
  8
WALL 10in
100
AcDbLine
 10
659.4766952966369
 20
13589.1
 30
0.0
 11
2800.0
 21
13589.1
 31
0.0
  0
LINE
  5
1A8
330
17
100
AcDbEntity
  8
WALL 10in
100
AcDbLine
 10
3714.4
 20
13589.1
 30
0.0
 11
4447.0
 21
13589.1
 31
0.0
  0
LINE
  5
1A9
330
17
100
AcDbEntity
  8
WALL 10in
100
AcDbLine
 10
4447.0
 20
13589.1
 30
0.0
 11
4447.0
 21
15549.6
 31
0.0
  0
LINE
  5
1AA
330
17
100
AcDbEntity
  8
WALL 10in
100
AcDbLine
 10
4422.0
 20
15724.6
 30
0.0
 11
2794.976695296637
 21
15724.6
 31
0.0
  0
LINE
  5
1AB
330
17
100
AcDbEntity
  8
wall-5
100
AcDbLine
 10
4509.5
 20
6737.5
 30
0.0
 11
4509.5
 21
6862.5
 31
0.0
  0
LINE
  5
1AC
330
17
100
AcDbEntity
  8
wall-5
100
AcDbLine
 10
4509.5
 20
6862.5
 30
0.0
 11
4509.5
 21
8539.2
 31
0.0
  0
LINE
  5
1AD
330
17
100
AcDbEntity
  8
wall-5
100
AcDbLine
 10
4509.5
 20
9139.2
 30
0.0
 11
4509.5
 21
10977.6
 31
0.0
  0
LINE
  5
1AE
330
17
100
AcDbEntity
  8
wall-5
100
AcDbLine
 10
4797.0
 20
11340.1
 30
0.0
 11
8714.2
 21
11340.1
 31
0.0
  0
LINE
  5
1AF
330
17
100
AcDbEntity
  8
wall-5
100
AcDbLine
 10
11707.4
 20
8901.7
 30
0.0
 11
15624.6
 21
8901.7
 31
0.0
  0
LINE
  5
1B0
330
17
100
AcDbEntity
  8
wall-5
100
AcDbLine
 10
15912.1
 20
8539.2
 30
0.0
 11
15912.1
 21
6862.5
 31
0.0
  0
LINE
  5
1B1
330
17
100
AcDbEntity
  8
wall-5
100
AcDbLine
 10
15912.1
 20
6862.5
 30
0.0
 11
15912.1
 21
6737.5
 31
0.0
  0
LINE
  5
1B2
330
17
100
AcDbEntity
  8
wall-5
100
AcDbLine
 10
15912.1
 20
6737.5
 30
0.0
 11
15787.1
 21
6737.5
 31
0.0
  0
LINE
  5
1B3
330
17
100
AcDbEntity
  8
wall-5
100
AcDbLine
 10
15787.1
 20
6737.5
 30
0.0
 11
10820.4
 21
6737.5
 31
0.0
  0
LINE
  5
1B4
330
17
100
AcDbEntity
  8
wall-5
100
AcDbLine
 10
9601.2
 20
6737.5
 30
0.0
 11
4634.5
 21
6737.5
 31
0.0
  0
LINE
  5
1B5
330
17
100
AcDbEntity
  8
wall-5
100
AcDbLine
 10
4634.5
 20
6737.5
 30
0.0
 11
4509.5
 21
6737.5
 31
0.0
  0
LINE
  5
1B6
330
17
100
AcDbEntity
  8
wall-5
100
AcDbLine
 10
4634.5
 20
8539.2
 30
0.0
 11
4634.5
 21
6862.5
 31
0.0
  0
LINE
  5
1B7
330
17
100
AcDbEntity
  8
wall-5
100
AcDbLine
 10
4634.5
 20
6862.5
 30
0.0
 11
9601.2
 21
6862.5
 31
0.0
  0
LINE
  5
1B8
330
17
100
AcDbEntity
  8
wall-5
100
AcDbLine
 10
10820.4
 20
6862.5
 30
0.0
 11
15787.1
 21
6862.5
 31
0.0
  0
LINE
  5
1B9
330
17
100
AcDbEntity
  8
wall-5
100
AcDbLine
 10
15787.1
 20
6862.5
 30
0.0
 11
15787.1
 21
8539.2
 31
0.0
  0
LINE
  5
1BA
330
17
100
AcDbEntity
  8
wall-5
100
AcDbLine
 10
15624.6
 20
8776.7
 30
0.0
 11
11707.4
 21
8776.7
 31
0.0
  0
LINE
  5
1BB
330
17
100
AcDbEntity
  8
wall-5
100
AcDbLine
 10
11707.4
 20
8776.7
 30
0.0
 11
11707.4
 21
8839.2
 31
0.0
  0
LINE
  5
1BC
330
17
100
AcDbEntity
  8
wall-5
100
AcDbLine
 10
11457.4
 20
8839.2
 30
0.0
 11
11457.4
 21
8776.7
 31
0.0
  0
LINE
  5
1BD
330
17
100
AcDbEntity
  8
wall-5
100
AcDbLine
 10
11457.4
 20
8776.7
 30
0.0
 11
10660.8
 21
8776.7
 31
0.0
  0
LINE
  5
1BE
330
17
100
AcDbEntity
  8
wall-5
100
AcDbLine
 10
9760.8
 20
8776.7
 30
0.0
 11
8964.2
 21
8776.7
 31
0.0
  0
LINE
  5
1BF
330
17
100
AcDbEntity
  8
wall-5
100
AcDbLine
 10
8964.2
 20
8776.7
 30
0.0
 11
8964.2
 21
8839.2
 31
0.0
  0
LINE
  5
1C0
330
17
100
AcDbEntity
  8
wall-5
100
AcDbLine
 10
8714.2
 20
8839.2
 30
0.0
 11
8714.2
 21
8776.7
 31
0.0
  0
LINE
  5
1C1
330
17
100
AcDbEntity
  8
wall-5
100
AcDbLine
 10
8714.2
 20
8776.7
 30
0.0
 11
8319.2
 21
8776.7
 31
0.0
  0
LINE
  5
1C2
330
17
100
AcDbEntity
  8
wall-5
100
AcDbLine
 10
7100.0
 20
8776.7
 30
0.0
 11
4797.0
 21
8776.7
 31
0.0
  0
LINE
  5
1C3
330
17
100
AcDbEntity
  8
wall-5
100
AcDbLine
 10
4634.5
 20
10977.6
 30
0.0
 11
4634.5
 21
9139.2
 31
0.0
  0
LINE
  5
1C4
330
17
100
AcDbEntity
  8
wall-5
100
AcDbLine
 10
4797.0
 20
8901.7
 30
0.0
 11
7100.0
 21
8901.7
 31
0.0
  0
LINE
  5
1C5
330
17
100
AcDbEntity
  8
wall-5
100
AcDbLine
 10
8319.2
 20
8901.7
 30
0.0
 11
8714.2
 21
8901.7
 31
0.0
  0
LINE
  5
1C6
330
17
100
AcDbEntity
  8
wall-5
100
AcDbLine
 10
8714.2
 20
11215.1
 30
0.0
 11
4797.0
 21
11215.1
 31
0.0
  0
LINE
  5
1C7
330
17
100
AcDbEntity
  8
wall-5
100
AcDbLine
 10
8964.2
 20
8901.7
 30
0.0
 11
9760.8
 21
8901.7
 31
0.0
  0
LINE
  5
1C8
330
17
100
AcDbEntity
  8
wall-5
100
AcDbLine
 10
10660.8
 20
8901.7
 30
0.0
 11
11457.4
 21
8901.7
 31
0.0
  0
LINE
  5
1C9
330
17
100
AcDbEntity
  8
wall-5
100
AcDbLine
 10
15787.1
 20
300.0
 30
0.0
 11
15787.1
 21
800.0
 31
0.0
  0
LINE
  5
1CA
330
17
100
AcDbEntity
  8
wall-5
100
AcDbLine
 10
15787.1
 20
1714.4
 30
0.0
 11
15787.1
 21
2375.9
 31
0.0
  0
LINE
  5
1CB
330
17
100
AcDbEntity
  8
wall-5
100
AcDbLine
 10
15787.1
 20
2375.9
 30
0.0
 11
15787.1
 21
2500.9
 31
0.0
  0
LINE
  5
1CC
330
17
100
AcDbEntity
  8
wall-5
100
AcDbLine
 10
15787.1
 20
2500.9
 30
0.0
 11
15912.1
 21
2500.9
 31
0.0
  0
LINE
  5
1CD
330
17
100
AcDbEntity
  8
wall-5
100
AcDbLine
 10
15912.1
 20
2500.9
 30
0.0
 11
20299.1
 21
2500.9
 31
0.0
  0
LINE
  5
1CE
330
17
100
AcDbEntity
  8
wall-5
100
AcDbLine
 10
20359.1
 20
2500.9
 30
0.0
 11
20484.1
 21
2500.9
 31
0.0
  0
LINE
  5
1CF
330
17
100
AcDbEntity
  8
wall-5
100
AcDbLine
 10
20484.1
 20
2500.9
 30
0.0
 11
20484.1
 21
2375.9
 31
0.0
  0
LINE
  5
1D0
330
17
100
AcDbEntity
  8
wall-5
100
AcDbLine
 10
20484.1
 20
2375.9
 30
0.0
 11
20484.1
 21
200.0
 31
0.0
  0
LINE
  5
1D1
330
17
100
AcDbEntity
  8
wall-5
100
AcDbLine
 10
20221.6
 20
-62.5
 30
0.0
 11
18816.0
 21
-62.5
 31
0.0
  0
LINE
  5
1D2
330
17
100
AcDbEntity
  8
wall-5
100
AcDbLine
 10
17800.0
 20
-62.5
 30
0.0
 11
15999.6
 21
-62.5
 31
0.0
  0
LINE
  5
1D3
330
17
100
AcDbEntity
  8
wall-5
100
AcDbLine
 10
15787.1
 20
13401.6
 30
0.0
 11
15787.1
 21
13526.6
 31
0.0
  0
LINE
  5
1D4
330
17
100
AcDbEntity
  8
wall-5
100
AcDbLine
 10
15787.1
 20
13526.6
 30
0.0
 11
15787.1
 21
14000.0
 31
0.0
  0
LINE
  5
1D5
330
17
100
AcDbEntity
  8
wall-5
100
AcDbLine
 10
15787.1
 20
14914.4
 30
0.0
 11
15787.1
 21
15549.6
 31
0.0
  0
LINE
  5
1D6
330
17
100
AcDbEntity
  8
wall-5
100
AcDbLine
 10
15999.6
 20
15912.1
 30
0.0
 11
17800.0
 21
15912.1
 31
0.0
  0
LINE
  5
1D7
330
17
100
AcDbEntity
  8
wall-5
100
AcDbLine
 10
18816.0
 20
15912.1
 30
0.0
 11
20221.6
 21
15912.1
 31
0.0
  0
LINE
  5
1D8
330
17
100
AcDbEntity
  8
wall-5
100
AcDbLine
 10
20484.1
 20
15649.6
 30
0.0
 11
20484.1
 21
13526.6
 31
0.0
  0
LINE
  5
1D9
330
17
100
AcDbEntity
  8
wall-5
100
AcDbLine
 10
20484.1
 20
13526.6
 30
0.0
 11
20484.1
 21
13401.6
 31
0.0
  0
LINE
  5
1DA
330
17
100
AcDbEntity
  8
wall-5
100
AcDbLine
 10
20484.1
 20
13401.6
 30
0.0
 11
20359.1
 21
13401.6
 31
0.0
  0
LINE
  5
1DB
330
17
100
AcDbEntity
  8
wall-5
100
AcDbLine
 10
20359.1
 20
13401.6
 30
0.0
 11
19946.6
 21
13401.6
 31
0.0
  0
LINE
  5
1DC
330
17
100
AcDbEntity
  8
wall-5
100
AcDbLine
 10
19946.6
 20
13401.6
 30
0.0
 11
19946.6
 21
12834.8
 31
0.0
  0
LINE
  5
1DD
330
17
100
AcDbEntity
  8
wall-5
100
AcDbLine
 10
19946.6
 20
12377.6
 30
0.0
 11
19946.6
 21
11877.6
 31
0.0
  0
LINE
  5
1DE
330
17
100
AcDbEntity
  8
wall-5
100
AcDbLine
 10
19946.6
 20
11877.6
 30
0.0
 11
19946.6
 21
11752.6
 31
0.0
  0
LINE
  5
1DF
330
17
100
AcDbEntity
  8
wall-5
100
AcDbLine
 10
19946.6
 20
11752.6
 30
0.0
 11
19821.6
 21
11752.6
 31
0.0
  0
LINE
  5
1E0
330
17
100
AcDbEntity
  8
wall-5
100
AcDbLine
 10
19821.6
 20
11752.6
 30
0.0
 11
17383.6
 21
11752.6
 31
0.0
  0
LINE
  5
1E1
330
17
100
AcDbEntity
  8
wall-5
100
AcDbLine
 10
17383.6
 20
11752.6
 30
0.0
 11
17258.6
 21
11752.6
 31
0.0
  0
LINE
  5
1E2
330
17
100
AcDbEntity
  8
wall-5
100
AcDbLine
 10
17258.6
 20
11752.6
 30
0.0
 11
17258.6
 21
11877.6
 31
0.0
  0
LINE
  5
1E3
330
17
100
AcDbEntity
  8
wall-5
100
AcDbLine
 10
17258.6
 20
11877.6
 30
0.0
 11
17258.6
 21
13401.6
 31
0.0
  0
LINE
  5
1E4
330
17
100
AcDbEntity
  8
wall-5
100
AcDbLine
 10
17258.6
 20
13401.6
 30
0.0
 11
15912.1
 21
13401.6
 31
0.0
  0
LINE
  5
1E5
330
17
100
AcDbEntity
  8
wall-5
100
AcDbLine
 10
15912.1
 20
13401.6
 30
0.0
 11
15787.1
 21
13401.6
 31
0.0
  0
LINE
  5
1E6
330
17
100
AcDbEntity
  8
wall-5
100
AcDbLine
 10
15912.1
 20
2375.9
 30
0.0
 11
15912.1
 21
1714.4
 31
0.0
  0
LINE
  5
1E7
330
17
100
AcDbEntity
  8
wall-5
100
AcDbLine
 10
15912.1
 20
800.0
 30
0.0
 11
15912.1
 21
300.0
 31
0.0
  0
LINE
  5
1E8
330
17
100
AcDbEntity
  8
wall-5
100
AcDbLine
 10
15999.6
 20
62.5
 30
0.0
 11
17800.0
 21
62.5
 31
0.0
  0
LINE
  5
1E9
330
17
100
AcDbEntity
  8
wall-5
100
AcDbLine
 10
18816.0
 20
62.5
 30
0.0
 11
20221.6
 21
62.5
 31
0.0
  0
LINE
  5
1EA
330
17
100
AcDbEntity
  8
wall-5
100
AcDbLine
 10
20359.1
 20
200.0
 30
0.0
 11
20359.1
 21
2375.9
 31
0.0
  0
LINE
  5
1EB
330
17
100
AcDbEntity
  8
wall-5
100
AcDbLine
 10
15912.1
 20
2375.9
 30
0.0
 11
20299.1
 21
2375.9
 31
0.0
  0
LINE
  5
1EC
330
17
100
AcDbEntity
  8
wall-5
100
AcDbLine
 10
15912.1
 20
15549.6
 30
0.0
 11
15912.1
 21
14914.4
 31
0.0
  0
LINE
  5
1ED
330
17
100
AcDbEntity
  8
wall-5
100
AcDbLine
 10
15912.1
 20
14000.0
 30
0.0
 11
15912.1
 21
13526.6
 31
0.0
  0
LINE
  5
1EE
330
17
100
AcDbEntity
  8
wall-5
100
AcDbLine
 10
15912.1
 20
13526.6
 30
0.0
 11
17258.6
 21
13526.6
 31
0.0
  0
LINE
  5
1EF
330
17
100
AcDbEntity
  8
wall-5
100
AcDbLine
 10
17258.6
 20
13526.6
 30
0.0
 11
17383.6
 21
13526.6
 31
0.0
  0
LINE
  5
1F0
330
17
100
AcDbEntity
  8
wall-5
100
AcDbLine
 10
17383.6
 20
13526.6
 30
0.0
 11
18200.0
 21
13526.6
 31
0.0
  0
LINE
  5
1F1
330
17
100
AcDbEntity
  8
wall-5
100
AcDbLine
 10
18962.0
 20
13526.6
 30
0.0
 11
19821.6
 21
13526.6
 31
0.0
  0
LINE
  5
1F2
330
17
100
AcDbEntity
  8
wall-5
100
AcDbLine
 10
19821.6
 20
13526.6
 30
0.0
 11
19946.6
 21
13526.6
 31
0.0
  0
LINE
  5
1F3
330
17
100
AcDbEntity
  8
wall-5
100
AcDbLine
 10
19946.6
 20
13526.6
 30
0.0
 11
20359.1
 21
13526.6
 31
0.0
  0
LINE
  5
1F4
330
17
100
AcDbEntity
  8
wall-5
100
AcDbLine
 10
20359.1
 20
13526.6
 30
0.0
 11
20359.1
 21
15649.6
 31
0.0
  0
LINE
  5
1F5
330
17
100
AcDbEntity
  8
wall-5
100
AcDbLine
 10
20221.6
 20
15787.1
 30
0.0
 11
18816.0
 21
15787.1
 31
0.0
  0
LINE
  5
1F6
330
17
100
AcDbEntity
  8
wall-5
100
AcDbLine
 10
17800.0
 20
15787.1
 30
0.0
 11
15999.6
 21
15787.1
 31
0.0
  0
LINE
  5
1F7
330
17
100
AcDbEntity
  8
wall-5
100
AcDbLine
 10
17383.6
 20
13401.6
 30
0.0
 11
17383.6
 21
11877.6
 31
0.0
  0
LINE
  5
1F8
330
17
100
AcDbEntity
  8
wall-5
100
AcDbLine
 10
17383.6
 20
11877.6
 30
0.0
 11
19821.6
 21
11877.6
 31
0.0
  0
LINE
  5
1F9
330
17
100
AcDbEntity
  8
wall-5
100
AcDbLine
 10
19821.6
 20
11877.6
 30
0.0
 11
19821.6
 21
12377.6
 31
0.0
  0
LINE
  5
1FA
330
17
100
AcDbEntity
  8
wall-5
100
AcDbLine
 10
19821.6
 20
12834.8
 30
0.0
 11
19821.6
 21
13401.6
 31
0.0
  0
LINE
  5
1FB
330
17
100
AcDbEntity
  8
wall-5
100
AcDbLine
 10
19821.6
 20
13401.6
 30
0.0
 11
18962.0
 21
13401.6
 31
0.0
  0
LINE
  5
1FC
330
17
100
AcDbEntity
  8
wall-5
100
AcDbLine
 10
18200.0
 20
13401.6
 30
0.0
 11
17383.6
 21
13401.6
 31
0.0
  0
LINE
  5
1FD
330
17
100
AcDbEntity
  8
A-DOOR
100
AcDbLine
 10
9601.2
 20
6737.5
 30
0.0
 11
9601.2
 21
6862.5
 31
0.0
  0
LINE
  5
1FE
330
17
100
AcDbEntity
  8
A-DOOR
100
AcDbLine
 10
10820.4
 20
6737.5
 30
0.0
 11
10820.4
 21
6862.5
 31
0.0
  0
INSERT
  5
1FF
330
17
100
AcDbEntity
  8
A-DOOR
100
AcDbBlockReference
  2
DR-400
 10
9601.2
 20
6862.5
 30
0.0
  0
CIRCLE
  5
201
330
17
100
AcDbEntity
  8
A-TAG
100
AcDbCircle
 10
10210.8
 20
7312.5
 30
0.0
 40
190.0
  0
TEXT
  5
202
330
17
100
AcDbEntity
  8
A-TAG
100
AcDbText
 10
10210.8
 20
7312.5
 30
0.0
 40
150.0
  1
GD1
 72
1
 11
10210.8
 21
7312.5
 31
0.0
100
AcDbText
 73
2
  0
LINE
  5
203
330
17
100
AcDbEntity
  8
A-DOOR
100
AcDbLine
 10
15787.1
 20
1714.4
 30
0.0
 11
15912.1
 21
1714.4
 31
0.0
  0
LINE
  5
204
330
17
100
AcDbEntity
  8
A-DOOR
100
AcDbLine
 10
15787.1
 20
800.0
 30
0.0
 11
15912.1
 21
800.0
 31
0.0
  0
INSERT
  5
205
330
17
100
AcDbEntity
  8
A-DOOR
100
AcDbBlockReference
  2
DR-300
 10
15912.1
 20
1714.4
 30
0.0
 50
-90.0
  0
CIRCLE
  5
207
330
17
100
AcDbEntity
  8
A-TAG
100
AcDbCircle
 10
16362.1
 20
1257.2
 30
0.0
 40
190.0
  0
TEXT
  5
208
330
17
100
AcDbEntity
  8
A-TAG
100
AcDbText
 10
16362.1
 20
1257.2
 30
0.0
 40
150.0
  1
D2
 72
1
 11
16362.1
 21
1257.2
 31
0.0
100
AcDbText
 73
2
  0
LINE
  5
209
330
17
100
AcDbEntity
  8
A-DOOR
100
AcDbLine
 10
15912.1
 20
14000.0
 30
0.0
 11
15787.1
 21
14000.0
 31
0.0
  0
LINE
  5
20A
330
17
100
AcDbEntity
  8
A-DOOR
100
AcDbLine
 10
15912.1
 20
14914.4
 30
0.0
 11
15787.1
 21
14914.4
 31
0.0
  0
INSERT
  5
20B
330
17
100
AcDbEntity
  8
A-DOOR
100
AcDbBlockReference
  2
DR-300
 10
15912.1
 20
14000.0
 30
0.0
 42
-1.0
 50
90.0
  0
CIRCLE
  5
20D
330
17
100
AcDbEntity
  8
A-TAG
100
AcDbCircle
 10
16362.1
 20
14457.2
 30
0.0
 40
190.0
  0
TEXT
  5
20E
330
17
100
AcDbEntity
  8
A-TAG
100
AcDbText
 10
16362.1
 20
14457.2
 30
0.0
 40
150.0
  1
D2
 72
1
 11
16362.1
 21
14457.2
 31
0.0
100
AcDbText
 73
2
  0
LINE
  5
20F
330
17
100
AcDbEntity
  8
A-DOOR
100
AcDbLine
 10
3714.4
 20
13589.1
 30
0.0
 11
3714.4
 21
13339.1
 31
0.0
  0
LINE
  5
210
330
17
100
AcDbEntity
  8
A-DOOR
100
AcDbLine
 10
2800.0
 20
13589.1
 30
0.0
 11
2800.0
 21
13339.1
 31
0.0
  0
INSERT
  5
211
330
17
100
AcDbEntity
  8
A-DOOR
100
AcDbBlockReference
  2
DR-300
 10
3714.4
 20
13589.1
 30
0.0
 42
-1.0
 50
180.0
  0
CIRCLE
  5
213
330
17
100
AcDbEntity
  8
A-TAG
100
AcDbCircle
 10
3257.2
 20
14039.1
 30
0.0
 40
190.0
  0
TEXT
  5
214
330
17
100
AcDbEntity
  8
A-TAG
100
AcDbText
 10
3257.2
 20
14039.1
 30
0.0
 40
150.0
  1
D2
 72
1
 11
3257.2
 21
14039.1
 31
0.0
100
AcDbText
 73
2
  0
LINE
  5
215
330
17
100
AcDbEntity
  8
A-DOOR
100
AcDbLine
 10
18200.0
 20
13401.6
 30
0.0
 11
18200.0
 21
13526.6
 31
0.0
  0
LINE
  5
216
330
17
100
AcDbEntity
  8
A-DOOR
100
AcDbLine
 10
18962.0
 20
13401.6
 30
0.0
 11
18962.0
 21
13526.6
 31
0.0
  0
INSERT
  5
217
330
17
100
AcDbEntity
  8
A-DOOR
100
AcDbBlockReference
  2
DR-206
 10
18200.0
 20
13401.6
 30
0.0
 42
-1.0
  0
CIRCLE
  5
219
330
17
100
AcDbEntity
  8
A-TAG
100
AcDbCircle
 10
18581.0
 20
12951.6
 30
0.0
 40
190.0
  0
TEXT
  5
21A
330
17
100
AcDbEntity
  8
A-TAG
100
AcDbText
 10
18581.0
 20
12951.6
 30
0.0
 40
150.0
  1
D3
 72
1
 11
18581.0
 21
12951.6
 31
0.0
100
AcDbText
 73
2
  0
LINE
  5
21B
330
17
100
AcDbEntity
  8
A-DOOR
100
AcDbLine
 10
7100.0
 20
8776.7
 30
0.0
 11
7100.0
 21
8901.7
 31
0.0
  0
LINE
  5
21C
330
17
100
AcDbEntity
  8
A-DOOR
100
AcDbLine
 10
8319.2
 20
8776.7
 30
0.0
 11
8319.2
 21
8901.7
 31
0.0
  0
INSERT
  5
21D
330
17
100
AcDbEntity
  8
A-DOOR
100
AcDbBlockReference
  2
DR-400
 10
7100.0
 20
8901.7
 30
0.0
  0
CIRCLE
  5
21F
330
17
100
AcDbEntity
  8
A-TAG
100
AcDbCircle
 10
7709.6
 20
9351.7
 30
0.0
 40
190.0
  0
TEXT
  5
220
330
17
100
AcDbEntity
  8
A-TAG
100
AcDbText
 10
7709.6
 20
9351.7
 30
0.0
 40
150.0
  1
FD1
 72
1
 11
7709.6
 21
9351.7
 31
0.0
100
AcDbText
 73
2
  0
LINE
  5
221
330
17
100
AcDbEntity
  8
A-DOOR
100
AcDbLine
 10
9760.8
 20
8776.7
 30
0.0
 11
9760.8
 21
8901.7
 31
0.0
  0
LINE
  5
222
330
17
100
AcDbEntity
  8
A-DOOR
100
AcDbLine
 10
10660.8
 20
8776.7
 30
0.0
 11
10660.8
 21
8901.7
 31
0.0
  0
LINE
  5
223
330
17
100
AcDbEntity
  8
A-DOOR
100
AcDbLine
 10
9760.8
 20
8823.575
 30
0.0
 11
10255.8
 21
8823.575
 31
0.0
  0
LINE
  5
224
330
17
100
AcDbEntity
  8
A-DOOR
100
AcDbLine
 10
10165.8
 20
8854.825
 30
0.0
 11
10660.8
 21
8854.825
 31
0.0
  0
CIRCLE
  5
225
330
17
100
AcDbEntity
  8
A-TAG
100
AcDbCircle
 10
10210.8
 20
8326.7
 30
0.0
 40
190.0
  0
TEXT
  5
226
330
17
100
AcDbEntity
  8
A-TAG
100
AcDbText
 10
10210.8
 20
8326.7
 30
0.0
 40
150.0
  1
LD
 72
1
 11
10210.8
 21
8326.7
 31
0.0
100
AcDbText
 73
2
  0
LINE
  5
227
330
17
100
AcDbEntity
  8
A-GLAZ
100
AcDbLine
 10
19946.6
 20
12377.6
 30
0.0
 11
19821.6
 21
12377.6
 31
0.0
  0
LINE
  5
228
330
17
100
AcDbEntity
  8
A-GLAZ
100
AcDbLine
 10
19946.6
 20
12834.8
 30
0.0
 11
19821.6
 21
12834.8
 31
0.0
  0
LINE
  5
229
330
17
100
AcDbEntity
  8
A-GLAZ
100
AcDbLine
 10
19904.933333333334
 20
12377.6
 30
0.0
 11
19904.933333333334
 21
12834.8
 31
0.0
  0
LINE
  5
22A
330
17
100
AcDbEntity
  8
A-GLAZ
100
AcDbLine
 10
19863.266666666666
 20
12377.6
 30
0.0
 11
19863.266666666666
 21
12834.8
 31
0.0
  0
CIRCLE
  5
22B
330
17
100
AcDbEntity
  8
A-TAG
100
AcDbCircle
 10
19371.6
 20
12606.2
 30
0.0
 40
190.0
  0
TEXT
  5
22C
330
17
100
AcDbEntity
  8
A-TAG
100
AcDbText
 10
19371.6
 20
12606.2
 30
0.0
 40
150.0
  1
V1
 72
1
 11
19371.6
 21
12606.2
 31
0.0
100
AcDbText
 73
2
  0
LINE
  5
22D
330
17
100
AcDbEntity
  8
A-GLAZ
100
AcDbLine
 10
17800.0
 20
-62.5
 30
0.0
 11
17800.0
 21
62.5
 31
0.0
  0
LINE
  5
22E
330
17
100
AcDbEntity
  8
A-GLAZ
100
AcDbLine
 10
18816.0
 20
-62.5
 30
0.0
 11
18816.0
 21
62.5
 31
0.0
  0
LINE
  5
22F
330
17
100
AcDbEntity
  8
A-GLAZ
100
AcDbLine
 10
17800.0
 20
-20.833333333333332
 30
0.0
 11
18816.0
 21
-20.833333333333332
 31
0.0
  0
LINE
  5
230
330
17
100
AcDbEntity
  8
A-GLAZ
100
AcDbLine
 10
17800.0
 20
0.0
 30
0.0
 11
18816.0
 21
0.0
 31
0.0
  0
LINE
  5
231
330
17
100
AcDbEntity
  8
A-GLAZ
100
AcDbLine
 10
17800.0
 20
20.833333333333332
 30
0.0
 11
18816.0
 21
20.833333333333332
 31
0.0
  0
CIRCLE
  5
232
330
17
100
AcDbEntity
  8
A-TAG
100
AcDbCircle
 10
18308.0
 20
512.5
 30
0.0
 40
190.0
  0
TEXT
  5
233
330
17
100
AcDbEntity
  8
A-TAG
100
AcDbText
 10
18308.0
 20
512.5
 30
0.0
 40
150.0
  1
W1
 72
1
 11
18308.0
 21
512.5
 31
0.0
100
AcDbText
 73
2
  0
LINE
  5
234
330
17
100
AcDbEntity
  8
A-GLAZ
100
AcDbLine
 10
17800.0
 20
15787.1
 30
0.0
 11
17800.0
 21
15912.1
 31
0.0
  0
LINE
  5
235
330
17
100
AcDbEntity
  8
A-GLAZ
100
AcDbLine
 10
18816.0
 20
15787.1
 30
0.0
 11
18816.0
 21
15912.1
 31
0.0
  0
LINE
  5
236
330
17
100
AcDbEntity
  8
A-GLAZ
100
AcDbLine
 10
17800.0
 20
15828.766666666666
 30
0.0
 11
18816.0
 21
15828.766666666666
 31
0.0
  0
LINE
  5
237
330
17
100
AcDbEntity
  8
A-GLAZ
100
AcDbLine
 10
17800.0
 20
15849.6
 30
0.0
 11
18816.0
 21
15849.6
 31
0.0
  0
LINE
  5
238
330
17
100
AcDbEntity
  8
A-GLAZ
100
AcDbLine
 10
17800.0
 20
15870.433333333332
 30
0.0
 11
18816.0
 21
15870.433333333332
 31
0.0
  0
CIRCLE
  5
239
330
17
100
AcDbEntity
  8
A-TAG
100
AcDbCircle
 10
18308.0
 20
15337.1
 30
0.0
 40
190.0
  0
TEXT
  5
23A
330
17
100
AcDbEntity
  8
A-TAG
100
AcDbText
 10
18308.0
 20
15337.1
 30
0.0
 40
150.0
  1
W1
 72
1
 11
18308.0
 21
15337.1
 31
0.0
100
AcDbText
 73
2
  0
LWPOLYLINE
  5
23B
330
17
100
AcDbEntity
  8
A-COLS
100
AcDbPolyline
 90
4
 70
1
 10
-200.0
 20
-200.0
 10
200.0
 20
-200.0
 10
200.0
 20
200.0
 10
-200.0
 20
200.0
  0
HATCH
  5
23C
330
17
100
AcDbEntity
  8
A-COLS-HATCH
 62
7
100
AcDbHatch
 10
0.0
 20
0.0
 30
0.0
210
0.0
220
0.0
230
1.0
  2
SOLID
 70
1
 71
0
 91
1
 92
3
 72
0
 73
1
 93
4
 10
-200.0
 20
-200.0
 10
200.0
 20
-200.0
 10
200.0
 20
200.0
 10
-200.0
 20
200.0
 97
0
 75
1
 76
1
 98
0
  0
LWPOLYLINE
  5
23D
330
17
100
AcDbEntity
  8
A-COLS
100
AcDbPolyline
 90
4
 70
1
 10
4422.0
 20
-300.0
 10
4722.0
 20
-300.0
 10
4722.0
 20
300.0
 10
4422.0
 20
300.0
  0
HATCH
  5
23E
330
17
100
AcDbEntity
  8
A-COLS-HATCH
 62
7
100
AcDbHatch
 10
0.0
 20
0.0
 30
0.0
210
0.0
220
0.0
230
1.0
  2
SOLID
 70
1
 71
0
 91
1
 92
3
 72
0
 73
1
 93
4
 10
4422.0
 20
-300.0
 10
4722.0
 20
-300.0
 10
4722.0
 20
300.0
 10
4422.0
 20
300.0
 97
0
 75
1
 76
1
 98
0
  0
LWPOLYLINE
  5
23F
330
17
100
AcDbEntity
  8
A-COLS
100
AcDbPolyline
 90
4
 70
1
 10
8689.2
 20
-300.0
 10
8989.2
 20
-300.0
 10
8989.2
 20
300.0
 10
8689.2
 20
300.0
  0
HATCH
  5
240
330
17
100
AcDbEntity
  8
A-COLS-HATCH
 62
7
100
AcDbHatch
 10
0.0
 20
0.0
 30
0.0
210
0.0
220
0.0
230
1.0
  2
SOLID
 70
1
 71
0
 91
1
 92
3
 72
0
 73
1
 93
4
 10
8689.2
 20
-300.0
 10
8989.2
 20
-300.0
 10
8989.2
 20
300.0
 10
8689.2
 20
300.0
 97
0
 75
1
 76
1
 98
0
  0
LWPOLYLINE
  5
241
330
17
100
AcDbEntity
  8
A-COLS
100
AcDbPolyline
 90
4
 70
1
 10
11432.4
 20
-300.0
 10
11732.4
 20
-300.0
 10
11732.4
 20
300.0
 10
11432.4
 20
300.0
  0
HATCH
  5
242
330
17
100
AcDbEntity
  8
A-COLS-HATCH
 62
7
100
AcDbHatch
 10
0.0
 20
0.0
 30
0.0
210
0.0
220
0.0
230
1.0
  2
SOLID
 70
1
 71
0
 91
1
 92
3
 72
0
 73
1
 93
4
 10
11432.4
 20
-300.0
 10
11732.4
 20
-300.0
 10
11732.4
 20
300.0
 10
11432.4
 20
300.0
 97
0
 75
1
 76
1
 98
0
  0
LWPOLYLINE
  5
243
330
17
100
AcDbEntity
  8
A-COLS
100
AcDbPolyline
 90
4
 70
1
 10
15699.6
 20
-300.0
 10
15999.6
 20
-300.0
 10
15999.6
 20
300.0
 10
15699.6
 20
300.0
  0
HATCH
  5
244
330
17
100
AcDbEntity
  8
A-COLS-HATCH
 62
7
100
AcDbHatch
 10
0.0
 20
0.0
 30
0.0
210
0.0
220
0.0
230
1.0
  2
SOLID
 70
1
 71
0
 91
1
 92
3
 72
0
 73
1
 93
4
 10
15699.6
 20
-300.0
 10
15999.6
 20
-300.0
 10
15999.6
 20
300.0
 10
15699.6
 20
300.0
 97
0
 75
1
 76
1
 98
0
  0
LWPOLYLINE
  5
245
330
17
100
AcDbEntity
  8
A-COLS
100
AcDbPolyline
 90
4
 70
1
 10
20221.6
 20
-200.0
 10
20621.6
 20
-200.0
 10
20621.6
 20
200.0
 10
20221.6
 20
200.0
  0
HATCH
  5
246
330
17
100
AcDbEntity
  8
A-COLS-HATCH
 62
7
100
AcDbHatch
 10
0.0
 20
0.0
 30
0.0
210
0.0
220
0.0
230
1.0
  2
SOLID
 70
1
 71
0
 91
1
 92
3
 72
0
 73
1
 93
4
 10
20221.6
 20
-200.0
 10
20621.6
 20
-200.0
 10
20621.6
 20
200.0
 10
20221.6
 20
200.0
 97
0
 75
1
 76
1
 98
0
  0
LWPOLYLINE
  5
247
330
17
100
AcDbEntity
  8
A-COLS
100
AcDbPolyline
 90
4
 70
1
 10
-250.0
 20
4726.8
 10
250.0
 20
4726.8
 10
250.0
 20
5026.8
 10
-250.0
 20
5026.8
  0
HATCH
  5
248
330
17
100
AcDbEntity
  8
A-COLS-HATCH
 62
7
100
AcDbHatch
 10
0.0
 20
0.0
 30
0.0
210
0.0
220
0.0
230
1.0
  2
SOLID
 70
1
 71
0
 91
1
 92
3
 72
0
 73
1
 93
4
 10
-250.0
 20
4726.8
 10
250.0
 20
4726.8
 10
250.0
 20
5026.8
 10
-250.0
 20
5026.8
 97
0
 75
1
 76
1
 98
0
  0
LWPOLYLINE
  5
249
330
17
100
AcDbEntity
  8
A-COLS
100
AcDbPolyline
 90
4
 70
1
 10
4347.0
 20
4576.8
 10
4797.0
 20
4576.8
 10
4797.0
 20
5176.8
 10
4347.0
 20
5176.8
  0
HATCH
  5
24A
330
17
100
AcDbEntity
  8
A-COLS-HATCH
 62
7
100
AcDbHatch
 10
0.0
 20
0.0
 30
0.0
210
0.0
220
0.0
230
1.0
  2
SOLID
 70
1
 71
0
 91
1
 92
3
 72
0
 73
1
 93
4
 10
4347.0
 20
4576.8
 10
4797.0
 20
4576.8
 10
4797.0
 20
5176.8
 10
4347.0
 20
5176.8
 97
0
 75
1
 76
1
 98
0
  0
LWPOLYLINE
  5
24B
330
17
100
AcDbEntity
  8
A-COLS
100
AcDbPolyline
 90
4
 70
1
 10
8614.2
 20
4576.8
 10
9064.2
 20
4576.8
 10
9064.2
 20
5176.8
 10
8614.2
 20
5176.8
  0
HATCH
  5
24C
330
17
100
AcDbEntity
  8
A-COLS-HATCH
 62
7
100
AcDbHatch
 10
0.0
 20
0.0
 30
0.0
210
0.0
220
0.0
230
1.0
  2
SOLID
 70
1
 71
0
 91
1
 92
3
 72
0
 73
1
 93
4
 10
8614.2
 20
4576.8
 10
9064.2
 20
4576.8
 10
9064.2
 20
5176.8
 10
8614.2
 20
5176.8
 97
0
 75
1
 76
1
 98
0
  0
LWPOLYLINE
  5
24D
330
17
100
AcDbEntity
  8
A-COLS
100
AcDbPolyline
 90
4
 70
1
 10
15624.6
 20
4576.8
 10
16074.6
 20
4576.8
 10
16074.6
 20
5176.8
 10
15624.6
 20
5176.8
  0
HATCH
  5
24E
330
17
100
AcDbEntity
  8
A-COLS-HATCH
 62
7
100
AcDbHatch
 10
0.0
 20
0.0
 30
0.0
210
0.0
220
0.0
230
1.0
  2
SOLID
 70
1
 71
0
 91
1
 92
3
 72
0
 73
1
 93
4
 10
15624.6
 20
4576.8
 10
16074.6
 20
4576.8
 10
16074.6
 20
5176.8
 10
15624.6
 20
5176.8
 97
0
 75
1
 76
1
 98
0
  0
LWPOLYLINE
  5
24F
330
17
100
AcDbEntity
  8
A-COLS
100
AcDbPolyline
 90
4
 70
1
 10
20171.6
 20
4726.8
 10
20671.6
 20
4726.8
 10
20671.6
 20
5026.8
 10
20171.6
 20
5026.8
  0
HATCH
  5
250
330
17
100
AcDbEntity
  8
A-COLS-HATCH
 62
7
100
AcDbHatch
 10
0.0
 20
0.0
 30
0.0
210
0.0
220
0.0
230
1.0
  2
SOLID
 70
1
 71
0
 91
1
 92
3
 72
0
 73
1
 93
4
 10
20171.6
 20
4726.8
 10
20671.6
 20
4726.8
 10
20671.6
 20
5026.8
 10
20171.6
 20
5026.8
 97
0
 75
1
 76
1
 98
0
  0
LWPOLYLINE
  5
251
330
17
100
AcDbEntity
  8
A-COLS
100
AcDbPolyline
 90
4
 70
1
 10
-250.0
 20
8689.2
 10
250.0
 20
8689.2
 10
250.0
 20
8989.2
 10
-250.0
 20
8989.2
  0
HATCH
  5
252
330
17
100
AcDbEntity
  8
A-COLS-HATCH
 62
7
100
AcDbHatch
 10
0.0
 20
0.0
 30
0.0
210
0.0
220
0.0
230
1.0
  2
SOLID
 70
1
 71
0
 91
1
 92
3
 72
0
 73
1
 93
4
 10
-250.0
 20
8689.2
 10
250.0
 20
8689.2
 10
250.0
 20
8989.2
 10
-250.0
 20
8989.2
 97
0
 75
1
 76
1
 98
0
  0
LWPOLYLINE
  5
253
330
17
100
AcDbEntity
  8
A-COLS
100
AcDbPolyline
 90
4
 70
1
 10
4347.0
 20
8539.2
 10
4797.0
 20
8539.2
 10
4797.0
 20
9139.2
 10
4347.0
 20
9139.2
  0
HATCH
  5
254
330
17
100
AcDbEntity
  8
A-COLS-HATCH
 62
7
100
AcDbHatch
 10
0.0
 20
0.0
 30
0.0
210
0.0
220
0.0
230
1.0
  2
SOLID
 70
1
 71
0
 91
1
 92
3
 72
0
 73
1
 93
4
 10
4347.0
 20
8539.2
 10
4797.0
 20
8539.2
 10
4797.0
 20
9139.2
 10
4347.0
 20
9139.2
 97
0
 75
1
 76
1
 98
0
  0
LWPOLYLINE
  5
255
330
17
100
AcDbEntity
  8
A-COLS
100
AcDbPolyline
 90
4
 70
1
 10
15624.6
 20
8539.2
 10
16074.6
 20
8539.2
 10
16074.6
 20
9139.2
 10
15624.6
 20
9139.2
  0
HATCH
  5
256
330
17
100
AcDbEntity
  8
A-COLS-HATCH
 62
7
100
AcDbHatch
 10
0.0
 20
0.0
 30
0.0
210
0.0
220
0.0
230
1.0
  2
SOLID
 70
1
 71
0
 91
1
 92
3
 72
0
 73
1
 93
4
 10
15624.6
 20
8539.2
 10
16074.6
 20
8539.2
 10
16074.6
 20
9139.2
 10
15624.6
 20
9139.2
 97
0
 75
1
 76
1
 98
0
  0
LWPOLYLINE
  5
257
330
17
100
AcDbEntity
  8
A-COLS
100
AcDbPolyline
 90
4
 70
1
 10
20171.6
 20
8689.2
 10
20671.6
 20
8689.2
 10
20671.6
 20
8989.2
 10
20171.6
 20
8989.2
  0
HATCH
  5
258
330
17
100
AcDbEntity
  8
A-COLS-HATCH
 62
7
100
AcDbHatch
 10
0.0
 20
0.0
 30
0.0
210
0.0
220
0.0
230
1.0
  2
SOLID
 70
1
 71
0
 91
1
 92
3
 72
0
 73
1
 93
4
 10
20171.6
 20
8689.2
 10
20671.6
 20
8689.2
 10
20671.6
 20
8989.2
 10
20171.6
 20
8989.2
 97
0
 75
1
 76
1
 98
0
  0
LWPOLYLINE
  5
259
330
17
100
AcDbEntity
  8
A-COLS
100
AcDbPolyline
 90
4
 70
1
 10
1513.0213562373094
 20
13983.025253169417
 10
1866.5747468305833
 20
14336.57864376269
 10
1654.442712474619
 20
14548.710678118654
 10
1300.8893218813453
 20
14195.15728752538
  0
HATCH
  5
25A
330
17
100
AcDbEntity
  8
A-COLS-HATCH
 62
7
100
AcDbHatch
 10
0.0
 20
0.0
 30
0.0
210
0.0
220
0.0
230
1.0
  2
SOLID
 70
1
 71
0
 91
1
 92
3
 72
0
 73
1
 93
4
 10
1513.0213562373094
 20
13983.025253169417
 10
1866.5747468305833
 20
14336.57864376269
 10
1654.442712474619
 20
14548.710678118654
 10
1300.8893218813453
 20
14195.15728752538
 97
0
 75
1
 76
1
 98
0
  0
LWPOLYLINE
  5
25B
330
17
100
AcDbEntity
  8
A-COLS
100
AcDbPolyline
 90
4
 70
1
 10
-250.0
 20
11127.6
 10
250.0
 20
11127.6
 10
250.0
 20
11427.6
 10
-250.0
 20
11427.6
  0
HATCH
  5
25C
330
17
100
AcDbEntity
  8
A-COLS-HATCH
 62
7
100
AcDbHatch
 10
0.0
 20
0.0
 30
0.0
210
0.0
220
0.0
230
1.0
  2
SOLID
 70
1
 71
0
 91
1
 92
3
 72
0
 73
1
 93
4
 10
-250.0
 20
11127.6
 10
250.0
 20
11127.6
 10
250.0
 20
11427.6
 10
-250.0
 20
11427.6
 97
0
 75
1
 76
1
 98
0
  0
LWPOLYLINE
  5
25D
330
17
100
AcDbEntity
  8
A-COLS
100
AcDbPolyline
 90
4
 70
1
 10
4347.0
 20
10977.6
 10
4797.0
 20
10977.6
 10
4797.0
 20
11577.6
 10
4347.0
 20
11577.6
  0
HATCH
  5
25E
330
17
100
AcDbEntity
  8
A-COLS-HATCH
 62
7
100
AcDbHatch
 10
0.0
 20
0.0
 30
0.0
210
0.0
220
0.0
230
1.0
  2
SOLID
 70
1
 71
0
 91
1
 92
3
 72
0
 73
1
 93
4
 10
4347.0
 20
10977.6
 10
4797.0
 20
10977.6
 10
4797.0
 20
11577.6
 10
4347.0
 20
11577.6
 97
0
 75
1
 76
1
 98
0
  0
LWPOLYLINE
  5
25F
330
17
100
AcDbEntity
  8
A-COLS
100
AcDbPolyline
 90
4
 70
1
 10
15624.6
 20
10977.6
 10
16074.6
 20
10977.6
 10
16074.6
 20
11577.6
 10
15624.6
 20
11577.6
  0
HATCH
  5
260
330
17
100
AcDbEntity
  8
A-COLS-HATCH
 62
7
100
AcDbHatch
 10
0.0
 20
0.0
 30
0.0
210
0.0
220
0.0
230
1.0
  2
SOLID
 70
1
 71
0
 91
1
 92
3
 72
0
 73
1
 93
4
 10
15624.6
 20
10977.6
 10
16074.6
 20
10977.6
 10
16074.6
 20
11577.6
 10
15624.6
 20
11577.6
 97
0
 75
1
 76
1
 98
0
  0
LWPOLYLINE
  5
261
330
17
100
AcDbEntity
  8
A-COLS
100
AcDbPolyline
 90
4
 70
1
 10
20171.6
 20
11127.6
 10
20671.6
 20
11127.6
 10
20671.6
 20
11427.6
 10
20171.6
 20
11427.6
  0
HATCH
  5
262
330
17
100
AcDbEntity
  8
A-COLS-HATCH
 62
7
100
AcDbHatch
 10
0.0
 20
0.0
 30
0.0
210
0.0
220
0.0
230
1.0
  2
SOLID
 70
1
 71
0
 91
1
 92
3
 72
0
 73
1
 93
4
 10
20171.6
 20
11127.6
 10
20671.6
 20
11127.6
 10
20671.6
 20
11427.6
 10
20171.6
 20
11427.6
 97
0
 75
1
 76
1
 98
0
  0
LWPOLYLINE
  5
263
330
17
100
AcDbEntity
  8
A-COLS
100
AcDbPolyline
 90
4
 70
1
 10
4422.0
 20
15549.6
 10
4722.0
 20
15549.6
 10
4722.0
 20
16149.6
 10
4422.0
 20
16149.6
  0
HATCH
  5
264
330
17
100
AcDbEntity
  8
A-COLS-HATCH
 62
7
100
AcDbHatch
 10
0.0
 20
0.0
 30
0.0
210
0.0
220
0.0
230
1.0
  2
SOLID
 70
1
 71
0
 91
1
 92
3
 72
0
 73
1
 93
4
 10
4422.0
 20
15549.6
 10
4722.0
 20
15549.6
 10
4722.0
 20
16149.6
 10
4422.0
 20
16149.6
 97
0
 75
1
 76
1
 98
0
  0
LWPOLYLINE
  5
265
330
17
100
AcDbEntity
  8
A-COLS
100
AcDbPolyline
 90
4
 70
1
 10
8689.2
 20
15549.6
 10
8989.2
 20
15549.6
 10
8989.2
 20
16149.6
 10
8689.2
 20
16149.6
  0
HATCH
  5
266
330
17
100
AcDbEntity
  8
A-COLS-HATCH
 62
7
100
AcDbHatch
 10
0.0
 20
0.0
 30
0.0
210
0.0
220
0.0
230
1.0
  2
SOLID
 70
1
 71
0
 91
1
 92
3
 72
0
 73
1
 93
4
 10
8689.2
 20
15549.6
 10
8989.2
 20
15549.6
 10
8989.2
 20
16149.6
 10
8689.2
 20
16149.6
 97
0
 75
1
 76
1
 98
0
  0
LWPOLYLINE
  5
267
330
17
100
AcDbEntity
  8
A-COLS
100
AcDbPolyline
 90
4
 70
1
 10
11432.4
 20
15549.6
 10
11732.4
 20
15549.6
 10
11732.4
 20
16149.6
 10
11432.4
 20
16149.6
  0
HATCH
  5
268
330
17
100
AcDbEntity
  8
A-COLS-HATCH
 62
7
100
AcDbHatch
 10
0.0
 20
0.0
 30
0.0
210
0.0
220
0.0
230
1.0
  2
SOLID
 70
1
 71
0
 91
1
 92
3
 72
0
 73
1
 93
4
 10
11432.4
 20
15549.6
 10
11732.4
 20
15549.6
 10
11732.4
 20
16149.6
 10
11432.4
 20
16149.6
 97
0
 75
1
 76
1
 98
0
  0
LWPOLYLINE
  5
269
330
17
100
AcDbEntity
  8
A-COLS
100
AcDbPolyline
 90
4
 70
1
 10
15699.6
 20
15549.6
 10
15999.6
 20
15549.6
 10
15999.6
 20
16149.6
 10
15699.6
 20
16149.6
  0
HATCH
  5
26A
330
17
100
AcDbEntity
  8
A-COLS-HATCH
 62
7
100
AcDbHatch
 10
0.0
 20
0.0
 30
0.0
210
0.0
220
0.0
230
1.0
  2
SOLID
 70
1
 71
0
 91
1
 92
3
 72
0
 73
1
 93
4
 10
15699.6
 20
15549.6
 10
15999.6
 20
15549.6
 10
15999.6
 20
16149.6
 10
15699.6
 20
16149.6
 97
0
 75
1
 76
1
 98
0
  0
LWPOLYLINE
  5
26B
330
17
100
AcDbEntity
  8
A-COLS
100
AcDbPolyline
 90
4
 70
1
 10
20221.6
 20
15649.6
 10
20621.6
 20
15649.6
 10
20621.6
 20
16049.6
 10
20221.6
 20
16049.6
  0
HATCH
  5
26C
330
17
100
AcDbEntity
  8
A-COLS-HATCH
 62
7
100
AcDbHatch
 10
0.0
 20
0.0
 30
0.0
210
0.0
220
0.0
230
1.0
  2
SOLID
 70
1
 71
0
 91
1
 92
3
 72
0
 73
1
 93
4
 10
20221.6
 20
15649.6
 10
20621.6
 20
15649.6
 10
20621.6
 20
16049.6
 10
20221.6
 20
16049.6
 97
0
 75
1
 76
1
 98
0
  0
LWPOLYLINE
  5
26D
330
17
100
AcDbEntity
  8
A-RCC
100
AcDbPolyline
 90
4
 70
1
 10
8714.2
 20
8839.2
 10
8964.2
 20
8839.2
 10
8964.2
 20
11402.6
 10
8714.2
 20
11402.6
  0
HATCH
  5
26E
330
17
100
AcDbEntity
  8
A-RCC-HATCH
 62
7
100
AcDbHatch
 10
0.0
 20
0.0
 30
0.0
210
0.0
220
0.0
230
1.0
  2
ANSI31
 70
0
 71
0
 91
1
 92
3
 72
0
 73
1
 93
4
 10
8714.2
 20
8839.2
 10
8964.2
 20
8839.2
 10
8964.2
 20
11402.6
 10
8714.2
 20
11402.6
 97
0
 75
1
 76
1
 52
0.0
 41
20.0
 77
0
 78
1
 53
45.0
 43
0.0
 44
0.0
 45
-44.901280606
 46
44.901280606
 79
0
 98
0
  0
LWPOLYLINE
  5
26F
330
17
100
AcDbEntity
  8
A-RCC
100
AcDbPolyline
 90
4
 70
1
 10
11457.4
 20
8839.2
 10
11707.4
 20
8839.2
 10
11707.4
 20
11402.6
 10
11457.4
 20
11402.6
  0
HATCH
  5
270
330
17
100
AcDbEntity
  8
A-RCC-HATCH
 62
7
100
AcDbHatch
 10
0.0
 20
0.0
 30
0.0
210
0.0
220
0.0
230
1.0
  2
ANSI31
 70
0
 71
0
 91
1
 92
3
 72
0
 73
1
 93
4
 10
11457.4
 20
8839.2
 10
11707.4
 20
8839.2
 10
11707.4
 20
11402.6
 10
11457.4
 20
11402.6
 97
0
 75
1
 76
1
 52
0.0
 41
20.0
 77
0
 78
1
 53
45.0
 43
0.0
 44
0.0
 45
-44.901280606
 46
44.901280606
 79
0
 98
0
  0
LWPOLYLINE
  5
271
330
17
100
AcDbEntity
  8
A-RCC
100
AcDbPolyline
 90
4
 70
1
 10
8964.2
 20
11152.6
 10
11457.4
 20
11152.6
 10
11457.4
 20
11402.6
 10
8964.2
 20
11402.6
  0
HATCH
  5
272
330
17
100
AcDbEntity
  8
A-RCC-HATCH
 62
7
100
AcDbHatch
 10
0.0
 20
0.0
 30
0.0
210
0.0
220
0.0
230
1.0
  2
ANSI31
 70
0
 71
0
 91
1
 92
3
 72
0
 73
1
 93
4
 10
8964.2
 20
11152.6
 10
11457.4
 20
11152.6
 10
11457.4
 20
11402.6
 10
8964.2
 20
11402.6
 97
0
 75
1
 76
1
 52
0.0
 41
20.0
 77
0
 78
1
 53
45.0
 43
0.0
 44
0.0
 45
-44.901280606
 46
44.901280606
 79
0
 98
0
  0
MTEXT
  5
273
330
17
100
AcDbEntity
  8
A-ROOM-NAME
100
AcDbMText
 10
18135.0
 20
14650.0
 30
0.0
 40
180.0
 71
5
  1
DRIVER\P14'-7" x 7'-5"
  0
MTEXT
  5
274
330
17
100
AcDbEntity
  8
A-ROOM-NAME
100
AcDbMText
 10
18602.6
 20
12639.6
 30
0.0
 40
180.0
 71
5
  1
TOILET\P8'-0" x 5'-0"
  0
MTEXT
  5
275
330
17
100
AcDbEntity
  8
A-ROOM-NAME
100
AcDbMText
 10
10210.8
 20
10060.0
 30
0.0
 40
180.0
 71
5
  1
LIFT
  0
MTEXT
  5
276
330
17
100
AcDbEntity
  8
A-ROOM-NAME
100
AcDbMText
 10
10210.8
 20
7820.0
 30
0.0
 40
180.0
 71
5
  1
LIFT LOBBY\P36'-7" x 6'-6"
  0
MTEXT
  5
277
330
17
100
AcDbEntity
  8
A-ROOM-NAME
100
AcDbMText
 10
6700.0
 20
10060.0
 30
0.0
 40
180.0
 71
5
  1
STAIR
  0
MTEXT
  5
278
330
17
100
AcDbEntity
  8
A-ROOM-NAME
100
AcDbMText
 10
18135.0
 20
1220.0
 30
0.0
 40
180.0
 71
5
  1
GUARD ROOM\P14'-7" x 7'-7"
  0
MTEXT
  5
279
330
17
100
AcDbEntity
  8
A-ROOM-NAME
100
AcDbMText
 10
3000.0
 20
14650.0
 30
0.0
 40
180.0
 71
5
  1
METER ROOM\P12'-5" x 7'-0"
  0
LINE
  5
27A
330
17
100
AcDbEntity
  8
A-STAIR
100
AcDbLine
 10
5916.2
 20
10058.4
 30
0.0
 11
7666.2
 21
10058.4
 31
0.0
  0
LINE
  5
27B
330
17
100
AcDbEntity
  8
A-STAIR
100
AcDbLine
 10
5916.2
 20
8964.2
 30
0.0
 11
5916.2
 21
11152.6
 31
0.0
  0
LINE
  5
27C
330
17
100
AcDbEntity
  8
A-STAIR
100
AcDbLine
 10
6166.2
 20
8964.2
 30
0.0
 11
6166.2
 21
11152.6
 31
0.0
  0
LINE
  5
27D
330
17
100
AcDbEntity
  8
A-STAIR
100
AcDbLine
 10
6416.2
 20
8964.2
 30
0.0
 11
6416.2
 21
11152.6
 31
0.0
  0
LINE
  5
27E
330
17
100
AcDbEntity
  8
A-STAIR
100
AcDbLine
 10
6666.2
 20
8964.2
 30
0.0
 11
6666.2
 21
11152.6
 31
0.0
  0
LINE
  5
27F
330
17
100
AcDbEntity
  8
A-STAIR
100
AcDbLine
 10
6916.2
 20
8964.2
 30
0.0
 11
6916.2
 21
11152.6
 31
0.0
  0
LINE
  5
280
330
17
100
AcDbEntity
  8
A-STAIR
100
AcDbLine
 10
7166.2
 20
8964.2
 30
0.0
 11
7166.2
 21
11152.6
 31
0.0
  0
LINE
  5
281
330
17
100
AcDbEntity
  8
A-STAIR
100
AcDbLine
 10
7416.2
 20
8964.2
 30
0.0
 11
7416.2
 21
11152.6
 31
0.0
  0
TEXT
  5
282
330
17
100
AcDbEntity
  8
A-STAIR
100
AcDbText
 10
6197.0
 20
9658.4
 30
0.0
 40
160.0
  1
UP
 11
6197.0
 21
9658.4
 31
0.0
100
AcDbText
  0
LINE
  5
283
330
17
100
AcDbEntity
  8
A-TEXT
100
AcDbLine
 10
8964.2
 20
8901.7
 30
0.0
 11
11457.4
 21
11152.6
 31
0.0
  0
LINE
  5
284
330
17
100
AcDbEntity
  8
A-TEXT
100
AcDbLine
 10
8964.2
 20
11152.6
 30
0.0
 11
11457.4
 21
8901.7
 31
0.0
  0
LWPOLYLINE
  5
285
330
17
100
AcDbEntity
  8
A-TEXT
100
AcDbPolyline
 90
4
 70
1
 10
11582.4
 20
0.0
 10
15849.6
 20
0.0
 10
15849.6
 20
3657.6
 10
11582.4
 20
3657.6
  0
LINE
  5
286
330
17
100
AcDbEntity
  8
A-TEXT
100
AcDbLine
 10
13716.0
 20
300.0
 30
0.0
 11
13716.0
 21
3357.6
 31
0.0
  0
TEXT
  5
287
330
17
100
AcDbEntity
  8
A-TEXT
100
AcDbText
 10
13916.0
 20
1828.8
 30
0.0
 40
180.0
  1
RAMP UP 1:8
 11
13916.0
 21
1828.8
 31
0.0
100
AcDbText
  0
MTEXT
  5
288
330
17
100
AcDbEntity
  8
A-ROOM-NAME
100
AcDbMText
 10
6600.0
 20
2400.0
 30
0.0
 40
220.0
 71
5
  1
CAR PARKING
  0
MTEXT
  5
289
330
17
100
AcDbEntity
  8
A-ROOM-NAME
100
AcDbMText
 10
13300.0
 20
13000.0
 30
0.0
 40
220.0
 71
5
  1
CAR PARKING
  0
TEXT
  5
28A
330
17
100
AcDbEntity
  8
A-LEVEL
100
AcDbText
 10
0.0
 20
-2600.0
 30
0.0
 40
180.0
  1
PLINTH LEVEL (+)0'-0"
 11
0.0
 21
-2600.0
 31
0.0
100
AcDbText
  0
TEXT
  5
28B
330
17
100
AcDbEntity
  8
A-SCHED-TEXT
100
AcDbText
 10
100000.0
 20
400.0
 30
0.0
 40
180.0
  1
DOOR & WINDOW SCHEDULE (GROUND FLOOR)
 11
100000.0
 21
400.0
 31
0.0
100
AcDbText
  0
TEXT
  5
28C
330
17
100
AcDbEntity
  8
A-SCHED-TEXT
100
AcDbText
 10
100000.0
 20
-250.0
 30
0.0
 40
150.0
  1
DOOR
 11
100000.0
 21
-250.0
 31
0.0
100
AcDbText
  0
LINE
  5
28D
330
17
100
AcDbEntity
  8
A-SCHED
100
AcDbLine
 10
100000.0
 20
-500.0
 30
0.0
 11
105600.0
 21
-500.0
 31
0.0
  0
LINE
  5
28E
330
17
100
AcDbEntity
  8
A-SCHED
100
AcDbLine
 10
100000.0
 20
-1020.0
 30
0.0
 11
105600.0
 21
-1020.0
 31
0.0
  0
LINE
  5
28F
330
17
100
AcDbEntity
  8
A-SCHED
100
AcDbLine
 10
100000.0
 20
-1540.0
 30
0.0
 11
105600.0
 21
-1540.0
 31
0.0
  0
LINE
  5
290
330
17
100
AcDbEntity
  8
A-SCHED
100
AcDbLine
 10
100000.0
 20
-500.0
 30
0.0
 11
100000.0
 21
-1540.0
 31
0.0
  0
LINE
  5
291
330
17
100
AcDbEntity
  8
A-SCHED
100
AcDbLine
 10
100700.0
 20
-500.0
 30
0.0
 11
100700.0
 21
-1540.0
 31
0.0
  0
LINE
  5
292
330
17
100
AcDbEntity
  8
A-SCHED
100
AcDbLine
 10
102200.0
 20
-500.0
 30
0.0
 11
102200.0
 21
-1540.0
 31
0.0
  0
LINE
  5
293
330
17
100
AcDbEntity
  8
A-SCHED
100
AcDbLine
 10
104100.0
 20
-500.0
 30
0.0
 11
104100.0
 21
-1540.0
 31
0.0
  0
LINE
  5
294
330
17
100
AcDbEntity
  8
A-SCHED
100
AcDbLine
 10
105600.0
 20
-500.0
 30
0.0
 11
105600.0
 21
-1540.0
 31
0.0
  0
MTEXT
  5
295
330
17
100
AcDbEntity
  8
A-SCHED-TEXT
100
AcDbMText
 10
100350.0
 20
-760.0
 30
0.0
 40
120.0
 41
600.0
 71
5
  1
SL.
  0
MTEXT
  5
296
330
17
100
AcDbEntity
  8
A-SCHED-TEXT
100
AcDbMText
 10
101450.0
 20
-760.0
 30
0.0
 40
120.0
 41
1400.0
 71
5
  1
FIRE DOOR
  0
MTEXT
  5
297
330
17
100
AcDbEntity
  8
A-SCHED-TEXT
100
AcDbMText
 10
103150.0
 20
-760.0
 30
0.0
 40
120.0
 41
1800.0
 71
5
  1
SIZE (W x H)
  0
MTEXT
  5
298
330
17
100
AcDbEntity
  8
A-SCHED-TEXT
100
AcDbMText
 10
104850.0
 20
-760.0
 30
0.0
 40
120.0
 41
1400.0
 71
5
  1
QUANTITY
  0
MTEXT
  5
299
330
17
100
AcDbEntity
  8
A-SCHED-TEXT
100
AcDbMText
 10
100350.0
 20
-1280.0
 30
0.0
 40
120.0
 41
600.0
 71
5
  1
01.
  0
MTEXT
  5
29A
330
17
100
AcDbEntity
  8
A-SCHED-TEXT
100
AcDbMText
 10
101450.0
 20
-1280.0
 30
0.0
 40
120.0
 41
1400.0
 71
5
  1
FD-1
  0
MTEXT
  5
29B
330
17
100
AcDbEntity
  8
A-SCHED-TEXT
100
AcDbMText
 10
103150.0
 20
-1280.0
 30
0.0
 40
120.0
 41
1800.0
 71
5
  1
4'-0"\PX 7'-0"
  0
MTEXT
  5
29C
330
17
100
AcDbEntity
  8
A-SCHED-TEXT
100
AcDbMText
 10
104850.0
 20
-1280.0
 30
0.0
 40
120.0
 41
1400.0
 71
5
  1
01 NO
  0
LINE
  5
29D
330
17
100
AcDbEntity
  8
A-SCHED
100
AcDbLine
 10
100000.0
 20
-1790.0
 30
0.0
 11
105600.0
 21
-1790.0
 31
0.0
  0
LINE
  5
29E
330
17
100
AcDbEntity
  8
A-SCHED
100
AcDbLine
 10
100000.0
 20
-2310.0
 30
0.0
 11
105600.0
 21
-2310.0
 31
0.0
  0
LINE
  5
29F
330
17
100
AcDbEntity
  8
A-SCHED
100
AcDbLine
 10
100000.0
 20
-2830.0
 30
0.0
 11
105600.0
 21
-2830.0
 31
0.0
  0
LINE
  5
2A0
330
17
100
AcDbEntity
  8
A-SCHED
100
AcDbLine
 10
100000.0
 20
-1790.0
 30
0.0
 11
100000.0
 21
-2830.0
 31
0.0
  0
LINE
  5
2A1
330
17
100
AcDbEntity
  8
A-SCHED
100
AcDbLine
 10
100700.0
 20
-1790.0
 30
0.0
 11
100700.0
 21
-2830.0
 31
0.0
  0
LINE
  5
2A2
330
17
100
AcDbEntity
  8
A-SCHED
100
AcDbLine
 10
102200.0
 20
-1790.0
 30
0.0
 11
102200.0
 21
-2830.0
 31
0.0
  0
LINE
  5
2A3
330
17
100
AcDbEntity
  8
A-SCHED
100
AcDbLine
 10
104100.0
 20
-1790.0
 30
0.0
 11
104100.0
 21
-2830.0
 31
0.0
  0
LINE
  5
2A4
330
17
100
AcDbEntity
  8
A-SCHED
100
AcDbLine
 10
105600.0
 20
-1790.0
 30
0.0
 11
105600.0
 21
-2830.0
 31
0.0
  0
MTEXT
  5
2A5
330
17
100
AcDbEntity
  8
A-SCHED-TEXT
100
AcDbMText
 10
100350.0
 20
-2050.0
 30
0.0
 40
120.0
 41
600.0
 71
5
  1
SL.
  0
MTEXT
  5
2A6
330
17
100
AcDbEntity
  8
A-SCHED-TEXT
100
AcDbMText
 10
101450.0
 20
-2050.0
 30
0.0
 40
120.0
 41
1400.0
 71
5
  1
FLUSH DOOR
  0
MTEXT
  5
2A7
330
17
100
AcDbEntity
  8
A-SCHED-TEXT
100
AcDbMText
 10
103150.0
 20
-2050.0
 30
0.0
 40
120.0
 41
1800.0
 71
5
  1
SIZE (W x H)
  0
MTEXT
  5
2A8
330
17
100
AcDbEntity
  8
A-SCHED-TEXT
100
AcDbMText
 10
104850.0
 20
-2050.0
 30
0.0
 40
120.0
 41
1400.0
 71
5
  1
QUANTITY
  0
MTEXT
  5
2A9
330
17
100
AcDbEntity
  8
A-SCHED-TEXT
100
AcDbMText
 10
100350.0
 20
-2570.0
 30
0.0
 40
120.0
 41
600.0
 71
5
  1
01.
  0
MTEXT
  5
2AA
330
17
100
AcDbEntity
  8
A-SCHED-TEXT
100
AcDbMText
 10
101450.0
 20
-2570.0
 30
0.0
 40
120.0
 41
1400.0
 71
5
  1
D-2
  0
MTEXT
  5
2AB
330
17
100
AcDbEntity
  8
A-SCHED-TEXT
100
AcDbMText
 10
103150.0
 20
-2570.0
 30
0.0
 40
120.0
 41
1800.0
 71
5
  1
3'-0"\PX 7'-0"
  0
MTEXT
  5
2AC
330
17
100
AcDbEntity
  8
A-SCHED-TEXT
100
AcDbMText
 10
104850.0
 20
-2570.0
 30
0.0
 40
120.0
 41
1400.0
 71
5
  1
03 NOS
  0
LINE
  5
2AD
330
17
100
AcDbEntity
  8
A-SCHED
100
AcDbLine
 10
100000.0
 20
-3080.0
 30
0.0
 11
105600.0
 21
-3080.0
 31
0.0
  0
LINE
  5
2AE
330
17
100
AcDbEntity
  8
A-SCHED
100
AcDbLine
 10
100000.0
 20
-3600.0
 30
0.0
 11
105600.0
 21
-3600.0
 31
0.0
  0
LINE
  5
2AF
330
17
100
AcDbEntity
  8
A-SCHED
100
AcDbLine
 10
100000.0
 20
-4120.0
 30
0.0
 11
105600.0
 21
-4120.0
 31
0.0
  0
LINE
  5
2B0
330
17
100
AcDbEntity
  8
A-SCHED
100
AcDbLine
 10
100000.0
 20
-3080.0
 30
0.0
 11
100000.0
 21
-4120.0
 31
0.0
  0
LINE
  5
2B1
330
17
100
AcDbEntity
  8
A-SCHED
100
AcDbLine
 10
100700.0
 20
-3080.0
 30
0.0
 11
100700.0
 21
-4120.0
 31
0.0
  0
LINE
  5
2B2
330
17
100
AcDbEntity
  8
A-SCHED
100
AcDbLine
 10
102200.0
 20
-3080.0
 30
0.0
 11
102200.0
 21
-4120.0
 31
0.0
  0
LINE
  5
2B3
330
17
100
AcDbEntity
  8
A-SCHED
100
AcDbLine
 10
104100.0
 20
-3080.0
 30
0.0
 11
104100.0
 21
-4120.0
 31
0.0
  0
LINE
  5
2B4
330
17
100
AcDbEntity
  8
A-SCHED
100
AcDbLine
 10
105600.0
 20
-3080.0
 30
0.0
 11
105600.0
 21
-4120.0
 31
0.0
  0
MTEXT
  5
2B5
330
17
100
AcDbEntity
  8
A-SCHED-TEXT
100
AcDbMText
 10
100350.0
 20
-3340.0
 30
0.0
 40
120.0
 41
600.0
 71
5
  1
SL.
  0
MTEXT
  5
2B6
330
17
100
AcDbEntity
  8
A-SCHED-TEXT
100
AcDbMText
 10
101450.0
 20
-3340.0
 30
0.0
 40
120.0
 41
1400.0
 71
5
  1
TOILET DOOR
  0
MTEXT
  5
2B7
330
17
100
AcDbEntity
  8
A-SCHED-TEXT
100
AcDbMText
 10
103150.0
 20
-3340.0
 30
0.0
 40
120.0
 41
1800.0
 71
5
  1
SIZE (W x H)
  0
MTEXT
  5
2B8
330
17
100
AcDbEntity
  8
A-SCHED-TEXT
100
AcDbMText
 10
104850.0
 20
-3340.0
 30
0.0
 40
120.0
 41
1400.0
 71
5
  1
QUANTITY
  0
MTEXT
  5
2B9
330
17
100
AcDbEntity
  8
A-SCHED-TEXT
100
AcDbMText
 10
100350.0
 20
-3860.0
 30
0.0
 40
120.0
 41
600.0
 71
5
  1
01.
  0
MTEXT
  5
2BA
330
17
100
AcDbEntity
  8
A-SCHED-TEXT
100
AcDbMText
 10
101450.0
 20
-3860.0
 30
0.0
 40
120.0
 41
1400.0
 71
5
  1
D-3
  0
MTEXT
  5
2BB
330
17
100
AcDbEntity
  8
A-SCHED-TEXT
100
AcDbMText
 10
103150.0
 20
-3860.0
 30
0.0
 40
120.0
 41
1800.0
 71
5
  1
2'-6"\PX 7'-0"
  0
MTEXT
  5
2BC
330
17
100
AcDbEntity
  8
A-SCHED-TEXT
100
AcDbMText
 10
104850.0
 20
-3860.0
 30
0.0
 40
120.0
 41
1400.0
 71
5
  1
01 NO
  0
LINE
  5
2BD
330
17
100
AcDbEntity
  8
A-SCHED
100
AcDbLine
 10
100000.0
 20
-4370.0
 30
0.0
 11
105600.0
 21
-4370.0
 31
0.0
  0
LINE
  5
2BE
330
17
100
AcDbEntity
  8
A-SCHED
100
AcDbLine
 10
100000.0
 20
-4890.0
 30
0.0
 11
105600.0
 21
-4890.0
 31
0.0
  0
LINE
  5
2BF
330
17
100
AcDbEntity
  8
A-SCHED
100
AcDbLine
 10
100000.0
 20
-5410.0
 30
0.0
 11
105600.0
 21
-5410.0
 31
0.0
  0
LINE
  5
2C0
330
17
100
AcDbEntity
  8
A-SCHED
100
AcDbLine
 10
100000.0
 20
-4370.0
 30
0.0
 11
100000.0
 21
-5410.0
 31
0.0
  0
LINE
  5
2C1
330
17
100
AcDbEntity
  8
A-SCHED
100
AcDbLine
 10
100700.0
 20
-4370.0
 30
0.0
 11
100700.0
 21
-5410.0
 31
0.0
  0
LINE
  5
2C2
330
17
100
AcDbEntity
  8
A-SCHED
100
AcDbLine
 10
102200.0
 20
-4370.0
 30
0.0
 11
102200.0
 21
-5410.0
 31
0.0
  0
LINE
  5
2C3
330
17
100
AcDbEntity
  8
A-SCHED
100
AcDbLine
 10
104100.0
 20
-4370.0
 30
0.0
 11
104100.0
 21
-5410.0
 31
0.0
  0
LINE
  5
2C4
330
17
100
AcDbEntity
  8
A-SCHED
100
AcDbLine
 10
105600.0
 20
-4370.0
 30
0.0
 11
105600.0
 21
-5410.0
 31
0.0
  0
MTEXT
  5
2C5
330
17
100
AcDbEntity
  8
A-SCHED-TEXT
100
AcDbMText
 10
100350.0
 20
-4630.0
 30
0.0
 40
120.0
 41
600.0
 71
5
  1
SL.
  0
MTEXT
  5
2C6
330
17
100
AcDbEntity
  8
A-SCHED-TEXT
100
AcDbMText
 10
101450.0
 20
-4630.0
 30
0.0
 40
120.0
 41
1400.0
 71
5
  1
GLASS DOOR
  0
MTEXT
  5
2C7
330
17
100
AcDbEntity
  8
A-SCHED-TEXT
100
AcDbMText
 10
103150.0
 20
-4630.0
 30
0.0
 40
120.0
 41
1800.0
 71
5
  1
SIZE (W x H)
  0
MTEXT
  5
2C8
330
17
100
AcDbEntity
  8
A-SCHED-TEXT
100
AcDbMText
 10
104850.0
 20
-4630.0
 30
0.0
 40
120.0
 41
1400.0
 71
5
  1
QUANTITY
  0
MTEXT
  5
2C9
330
17
100
AcDbEntity
  8
A-SCHED-TEXT
100
AcDbMText
 10
100350.0
 20
-5150.0
 30
0.0
 40
120.0
 41
600.0
 71
5
  1
01.
  0
MTEXT
  5
2CA
330
17
100
AcDbEntity
  8
A-SCHED-TEXT
100
AcDbMText
 10
101450.0
 20
-5150.0
 30
0.0
 40
120.0
 41
1400.0
 71
5
  1
GD-1
  0
MTEXT
  5
2CB
330
17
100
AcDbEntity
  8
A-SCHED-TEXT
100
AcDbMText
 10
103150.0
 20
-5150.0
 30
0.0
 40
120.0
 41
1800.0
 71
5
  1
4'-0"\PX 7'-0"
  0
MTEXT
  5
2CC
330
17
100
AcDbEntity
  8
A-SCHED-TEXT
100
AcDbMText
 10
104850.0
 20
-5150.0
 30
0.0
 40
120.0
 41
1400.0
 71
5
  1
01 NO
  0
LINE
  5
2CD
330
17
100
AcDbEntity
  8
A-SCHED
100
AcDbLine
 10
100000.0
 20
-5660.0
 30
0.0
 11
105600.0
 21
-5660.0
 31
0.0
  0
LINE
  5
2CE
330
17
100
AcDbEntity
  8
A-SCHED
100
AcDbLine
 10
100000.0
 20
-6180.0
 30
0.0
 11
105600.0
 21
-6180.0
 31
0.0
  0
LINE
  5
2CF
330
17
100
AcDbEntity
  8
A-SCHED
100
AcDbLine
 10
100000.0
 20
-6700.0
 30
0.0
 11
105600.0
 21
-6700.0
 31
0.0
  0
LINE
  5
2D0
330
17
100
AcDbEntity
  8
A-SCHED
100
AcDbLine
 10
100000.0
 20
-5660.0
 30
0.0
 11
100000.0
 21
-6700.0
 31
0.0
  0
LINE
  5
2D1
330
17
100
AcDbEntity
  8
A-SCHED
100
AcDbLine
 10
100700.0
 20
-5660.0
 30
0.0
 11
100700.0
 21
-6700.0
 31
0.0
  0
LINE
  5
2D2
330
17
100
AcDbEntity
  8
A-SCHED
100
AcDbLine
 10
102200.0
 20
-5660.0
 30
0.0
 11
102200.0
 21
-6700.0
 31
0.0
  0
LINE
  5
2D3
330
17
100
AcDbEntity
  8
A-SCHED
100
AcDbLine
 10
104100.0
 20
-5660.0
 30
0.0
 11
104100.0
 21
-6700.0
 31
0.0
  0
LINE
  5
2D4
330
17
100
AcDbEntity
  8
A-SCHED
100
AcDbLine
 10
105600.0
 20
-5660.0
 30
0.0
 11
105600.0
 21
-6700.0
 31
0.0
  0
MTEXT
  5
2D5
330
17
100
AcDbEntity
  8
A-SCHED-TEXT
100
AcDbMText
 10
100350.0
 20
-5920.0
 30
0.0
 40
120.0
 41
600.0
 71
5
  1
SL.
  0
MTEXT
  5
2D6
330
17
100
AcDbEntity
  8
A-SCHED-TEXT
100
AcDbMText
 10
101450.0
 20
-5920.0
 30
0.0
 40
120.0
 41
1400.0
 71
5
  1
LIFT DOOR
  0
MTEXT
  5
2D7
330
17
100
AcDbEntity
  8
A-SCHED-TEXT
100
AcDbMText
 10
103150.0
 20
-5920.0
 30
0.0
 40
120.0
 41
1800.0
 71
5
  1
SIZE (W x H)
  0
MTEXT
  5
2D8
330
17
100
AcDbEntity
  8
A-SCHED-TEXT
100
AcDbMText
 10
104850.0
 20
-5920.0
 30
0.0
 40
120.0
 41
1400.0
 71
5
  1
QUANTITY
  0
MTEXT
  5
2D9
330
17
100
AcDbEntity
  8
A-SCHED-TEXT
100
AcDbMText
 10
100350.0
 20
-6440.0
 30
0.0
 40
120.0
 41
600.0
 71
5
  1
01.
  0
MTEXT
  5
2DA
330
17
100
AcDbEntity
  8
A-SCHED-TEXT
100
AcDbMText
 10
101450.0
 20
-6440.0
 30
0.0
 40
120.0
 41
1400.0
 71
5
  1
LD
  0
MTEXT
  5
2DB
330
17
100
AcDbEntity
  8
A-SCHED-TEXT
100
AcDbMText
 10
103150.0
 20
-6440.0
 30
0.0
 40
120.0
 41
1800.0
 71
5
  1
900\PX 2100
  0
MTEXT
  5
2DC
330
17
100
AcDbEntity
  8
A-SCHED-TEXT
100
AcDbMText
 10
104850.0
 20
-6440.0
 30
0.0
 40
120.0
 41
1400.0
 71
5
  1
01 NO
  0
TEXT
  5
2DD
330
17
100
AcDbEntity
  8
A-SCHED-TEXT
100
AcDbText
 10
100000.0
 20
-7200.0
 30
0.0
 40
150.0
  1
WINDOW & VENTILATOR
 11
100000.0
 21
-7200.0
 31
0.0
100
AcDbText
  0
LINE
  5
2DE
330
17
100
AcDbEntity
  8
A-SCHED
100
AcDbLine
 10
100000.0
 20
-7450.0
 30
0.0
 11
105600.0
 21
-7450.0
 31
0.0
  0
LINE
  5
2DF
330
17
100
AcDbEntity
  8
A-SCHED
100
AcDbLine
 10
100000.0
 20
-7970.0
 30
0.0
 11
105600.0
 21
-7970.0
 31
0.0
  0
LINE
  5
2E0
330
17
100
AcDbEntity
  8
A-SCHED
100
AcDbLine
 10
100000.0
 20
-8490.0
 30
0.0
 11
105600.0
 21
-8490.0
 31
0.0
  0
LINE
  5
2E1
330
17
100
AcDbEntity
  8
A-SCHED
100
AcDbLine
 10
100000.0
 20
-7450.0
 30
0.0
 11
100000.0
 21
-8490.0
 31
0.0
  0
LINE
  5
2E2
330
17
100
AcDbEntity
  8
A-SCHED
100
AcDbLine
 10
100700.0
 20
-7450.0
 30
0.0
 11
100700.0
 21
-8490.0
 31
0.0
  0
LINE
  5
2E3
330
17
100
AcDbEntity
  8
A-SCHED
100
AcDbLine
 10
102200.0
 20
-7450.0
 30
0.0
 11
102200.0
 21
-8490.0
 31
0.0
  0
LINE
  5
2E4
330
17
100
AcDbEntity
  8
A-SCHED
100
AcDbLine
 10
104100.0
 20
-7450.0
 30
0.0
 11
104100.0
 21
-8490.0
 31
0.0
  0
LINE
  5
2E5
330
17
100
AcDbEntity
  8
A-SCHED
100
AcDbLine
 10
105600.0
 20
-7450.0
 30
0.0
 11
105600.0
 21
-8490.0
 31
0.0
  0
MTEXT
  5
2E6
330
17
100
AcDbEntity
  8
A-SCHED-TEXT
100
AcDbMText
 10
100350.0
 20
-7710.0
 30
0.0
 40
120.0
 41
600.0
 71
5
  1
SL.
  0
MTEXT
  5
2E7
330
17
100
AcDbEntity
  8
A-SCHED-TEXT
100
AcDbMText
 10
101450.0
 20
-7710.0
 30
0.0
 40
120.0
 41
1400.0
 71
5
  1
WINDOW
  0
MTEXT
  5
2E8
330
17
100
AcDbEntity
  8
A-SCHED-TEXT
100
AcDbMText
 10
103150.0
 20
-7710.0
 30
0.0
 40
120.0
 41
1800.0
 71
5
  1
SIZE (W x H)
  0
MTEXT
  5
2E9
330
17
100
AcDbEntity
  8
A-SCHED-TEXT
100
AcDbMText
 10
104850.0
 20
-7710.0
 30
0.0
 40
120.0
 41
1400.0
 71
5
  1
QUANTITY
  0
MTEXT
  5
2EA
330
17
100
AcDbEntity
  8
A-SCHED-TEXT
100
AcDbMText
 10
100350.0
 20
-8230.0
 30
0.0
 40
120.0
 41
600.0
 71
5
  1
01.
  0
MTEXT
  5
2EB
330
17
100
AcDbEntity
  8
A-SCHED-TEXT
100
AcDbMText
 10
101450.0
 20
-8230.0
 30
0.0
 40
120.0
 41
1400.0
 71
5
  1
W-1
  0
MTEXT
  5
2EC
330
17
100
AcDbEntity
  8
A-SCHED-TEXT
100
AcDbMText
 10
103150.0
 20
-8230.0
 30
0.0
 40
120.0
 41
1800.0
 71
5
  1
3'-4"\PX 4'-0"
  0
MTEXT
  5
2ED
330
17
100
AcDbEntity
  8
A-SCHED-TEXT
100
AcDbMText
 10
104850.0
 20
-8230.0
 30
0.0
 40
120.0
 41
1400.0
 71
5
  1
02 NOS
  0
LINE
  5
2EE
330
17
100
AcDbEntity
  8
A-SCHED
100
AcDbLine
 10
100000.0
 20
-8740.0
 30
0.0
 11
105600.0
 21
-8740.0
 31
0.0
  0
LINE
  5
2EF
330
17
100
AcDbEntity
  8
A-SCHED
100
AcDbLine
 10
100000.0
 20
-9260.0
 30
0.0
 11
105600.0
 21
-9260.0
 31
0.0
  0
LINE
  5
2F0
330
17
100
AcDbEntity
  8
A-SCHED
100
AcDbLine
 10
100000.0
 20
-9780.0
 30
0.0
 11
105600.0
 21
-9780.0
 31
0.0
  0
LINE
  5
2F1
330
17
100
AcDbEntity
  8
A-SCHED
100
AcDbLine
 10
100000.0
 20
-8740.0
 30
0.0
 11
100000.0
 21
-9780.0
 31
0.0
  0
LINE
  5
2F2
330
17
100
AcDbEntity
  8
A-SCHED
100
AcDbLine
 10
100700.0
 20
-8740.0
 30
0.0
 11
100700.0
 21
-9780.0
 31
0.0
  0
LINE
  5
2F3
330
17
100
AcDbEntity
  8
A-SCHED
100
AcDbLine
 10
102200.0
 20
-8740.0
 30
0.0
 11
102200.0
 21
-9780.0
 31
0.0
  0
LINE
  5
2F4
330
17
100
AcDbEntity
  8
A-SCHED
100
AcDbLine
 10
104100.0
 20
-8740.0
 30
0.0
 11
104100.0
 21
-9780.0
 31
0.0
  0
LINE
  5
2F5
330
17
100
AcDbEntity
  8
A-SCHED
100
AcDbLine
 10
105600.0
 20
-8740.0
 30
0.0
 11
105600.0
 21
-9780.0
 31
0.0
  0
MTEXT
  5
2F6
330
17
100
AcDbEntity
  8
A-SCHED-TEXT
100
AcDbMText
 10
100350.0
 20
-9000.0
 30
0.0
 40
120.0
 41
600.0
 71
5
  1
SL.
  0
MTEXT
  5
2F7
330
17
100
AcDbEntity
  8
A-SCHED-TEXT
100
AcDbMText
 10
101450.0
 20
-9000.0
 30
0.0
 40
120.0
 41
1400.0
 71
5
  1
VENTILATOR
  0
MTEXT
  5
2F8
330
17
100
AcDbEntity
  8
A-SCHED-TEXT
100
AcDbMText
 10
103150.0
 20
-9000.0
 30
0.0
 40
120.0
 41
1800.0
 71
5
  1
SIZE (W x H)
  0
MTEXT
  5
2F9
330
17
100
AcDbEntity
  8
A-SCHED-TEXT
100
AcDbMText
 10
104850.0
 20
-9000.0
 30
0.0
 40
120.0
 41
1400.0
 71
5
  1
QUANTITY
  0
MTEXT
  5
2FA
330
17
100
AcDbEntity
  8
A-SCHED-TEXT
100
AcDbMText
 10
100350.0
 20
-9520.0
 30
0.0
 40
120.0
 41
600.0
 71
5
  1
01.
  0
MTEXT
  5
2FB
330
17
100
AcDbEntity
  8
A-SCHED-TEXT
100
AcDbMText
 10
101450.0
 20
-9520.0
 30
0.0
 40
120.0
 41
1400.0
 71
5
  1
V-1
  0
MTEXT
  5
2FC
330
17
100
AcDbEntity
  8
A-SCHED-TEXT
100
AcDbMText
 10
103150.0
 20
-9520.0
 30
0.0
 40
120.0
 41
1800.0
 71
5
  1
1'-6"\PX 1'-0"
  0
MTEXT
  5
2FD
330
17
100
AcDbEntity
  8
A-SCHED-TEXT
100
AcDbMText
 10
104850.0
 20
-9520.0
 30
0.0
 40
120.0
 41
1400.0
 71
5
  1
01 NO
  0
LINE
  5
2FE
330
17
100
AcDbEntity
  8
A-GRID
  6
CENTER
100
AcDbLine
 10
200000.0
 20
-3600.0
 30
0.0
 11
200000.0
 21
18249.6
 31
0.0
  0
CIRCLE
  5
2FF
330
17
100
AcDbEntity
  8
A-GRID
100
AcDbCircle
 10
200000.0
 20
-4000.0
 30
0.0
 40
400.0
  0
TEXT
  5
300
330
17
100
AcDbEntity
  8
A-GRID-TEXT
100
AcDbText
 10
200000.0
 20
-4000.0
 30
0.0
 40
350.0
  1
1
 72
1
 11
200000.0
 21
-4000.0
 31
0.0
100
AcDbText
 73
2
  0
CIRCLE
  5
301
330
17
100
AcDbEntity
  8
A-GRID
100
AcDbCircle
 10
200000.0
 20
18649.6
 30
0.0
 40
400.0
  0
TEXT
  5
302
330
17
100
AcDbEntity
  8
A-GRID-TEXT
100
AcDbText
 10
200000.0
 20
18649.6
 30
0.0
 40
350.0
  1
1
 72
1
 11
200000.0
 21
18649.6
 31
0.0
100
AcDbText
 73
2
  0
LINE
  5
303
330
17
100
AcDbEntity
  8
A-GRID
  6
CENTER
100
AcDbLine
 10
204572.0
 20
-3600.0
 30
0.0
 11
204572.0
 21
18249.6
 31
0.0
  0
CIRCLE
  5
304
330
17
100
AcDbEntity
  8
A-GRID
100
AcDbCircle
 10
204572.0
 20
-4000.0
 30
0.0
 40
400.0
  0
TEXT
  5
305
330
17
100
AcDbEntity
  8
A-GRID-TEXT
100
AcDbText
 10
204572.0
 20
-4000.0
 30
0.0
 40
350.0
  1
2
 72
1
 11
204572.0
 21
-4000.0
 31
0.0
100
AcDbText
 73
2
  0
CIRCLE
  5
306
330
17
100
AcDbEntity
  8
A-GRID
100
AcDbCircle
 10
204572.0
 20
18649.6
 30
0.0
 40
400.0
  0
TEXT
  5
307
330
17
100
AcDbEntity
  8
A-GRID-TEXT
100
AcDbText
 10
204572.0
 20
18649.6
 30
0.0
 40
350.0
  1
2
 72
1
 11
204572.0
 21
18649.6
 31
0.0
100
AcDbText
 73
2
  0
LINE
  5
308
330
17
100
AcDbEntity
  8
A-GRID
  6
CENTER
100
AcDbLine
 10
208839.2
 20
-3600.0
 30
0.0
 11
208839.2
 21
18249.6
 31
0.0
  0
CIRCLE
  5
309
330
17
100
AcDbEntity
  8
A-GRID
100
AcDbCircle
 10
208839.2
 20
-4000.0
 30
0.0
 40
400.0
  0
TEXT
  5
30A
330
17
100
AcDbEntity
  8
A-GRID-TEXT
100
AcDbText
 10
208839.2
 20
-4000.0
 30
0.0
 40
350.0
  1
3
 72
1
 11
208839.2
 21
-4000.0
 31
0.0
100
AcDbText
 73
2
  0
CIRCLE
  5
30B
330
17
100
AcDbEntity
  8
A-GRID
100
AcDbCircle
 10
208839.2
 20
18649.6
 30
0.0
 40
400.0
  0
TEXT
  5
30C
330
17
100
AcDbEntity
  8
A-GRID-TEXT
100
AcDbText
 10
208839.2
 20
18649.6
 30
0.0
 40
350.0
  1
3
 72
1
 11
208839.2
 21
18649.6
 31
0.0
100
AcDbText
 73
2
  0
LINE
  5
30D
330
17
100
AcDbEntity
  8
A-GRID
  6
CENTER
100
AcDbLine
 10
211582.4
 20
-3600.0
 30
0.0
 11
211582.4
 21
18249.6
 31
0.0
  0
CIRCLE
  5
30E
330
17
100
AcDbEntity
  8
A-GRID
100
AcDbCircle
 10
211582.4
 20
-4000.0
 30
0.0
 40
400.0
  0
TEXT
  5
30F
330
17
100
AcDbEntity
  8
A-GRID-TEXT
100
AcDbText
 10
211582.4
 20
-4000.0
 30
0.0
 40
350.0
  1
4
 72
1
 11
211582.4
 21
-4000.0
 31
0.0
100
AcDbText
 73
2
  0
CIRCLE
  5
310
330
17
100
AcDbEntity
  8
A-GRID
100
AcDbCircle
 10
211582.4
 20
18649.6
 30
0.0
 40
400.0
  0
TEXT
  5
311
330
17
100
AcDbEntity
  8
A-GRID-TEXT
100
AcDbText
 10
211582.4
 20
18649.6
 30
0.0
 40
350.0
  1
4
 72
1
 11
211582.4
 21
18649.6
 31
0.0
100
AcDbText
 73
2
  0
LINE
  5
312
330
17
100
AcDbEntity
  8
A-GRID
  6
CENTER
100
AcDbLine
 10
215849.6
 20
-3600.0
 30
0.0
 11
215849.6
 21
18249.6
 31
0.0
  0
CIRCLE
  5
313
330
17
100
AcDbEntity
  8
A-GRID
100
AcDbCircle
 10
215849.6
 20
-4000.0
 30
0.0
 40
400.0
  0
TEXT
  5
314
330
17
100
AcDbEntity
  8
A-GRID-TEXT
100
AcDbText
 10
215849.6
 20
-4000.0
 30
0.0
 40
350.0
  1
5
 72
1
 11
215849.6
 21
-4000.0
 31
0.0
100
AcDbText
 73
2
  0
CIRCLE
  5
315
330
17
100
AcDbEntity
  8
A-GRID
100
AcDbCircle
 10
215849.6
 20
18649.6
 30
0.0
 40
400.0
  0
TEXT
  5
316
330
17
100
AcDbEntity
  8
A-GRID-TEXT
100
AcDbText
 10
215849.6
 20
18649.6
 30
0.0
 40
350.0
  1
5
 72
1
 11
215849.6
 21
18649.6
 31
0.0
100
AcDbText
 73
2
  0
LINE
  5
317
330
17
100
AcDbEntity
  8
A-GRID
  6
CENTER
100
AcDbLine
 10
220421.6
 20
-3600.0
 30
0.0
 11
220421.6
 21
18249.6
 31
0.0
  0
CIRCLE
  5
318
330
17
100
AcDbEntity
  8
A-GRID
100
AcDbCircle
 10
220421.6
 20
-4000.0
 30
0.0
 40
400.0
  0
TEXT
  5
319
330
17
100
AcDbEntity
  8
A-GRID-TEXT
100
AcDbText
 10
220421.6
 20
-4000.0
 30
0.0
 40
350.0
  1
6
 72
1
 11
220421.6
 21
-4000.0
 31
0.0
100
AcDbText
 73
2
  0
CIRCLE
  5
31A
330
17
100
AcDbEntity
  8
A-GRID
100
AcDbCircle
 10
220421.6
 20
18649.6
 30
0.0
 40
400.0
  0
TEXT
  5
31B
330
17
100
AcDbEntity
  8
A-GRID-TEXT
100
AcDbText
 10
220421.6
 20
18649.6
 30
0.0
 40
350.0
  1
6
 72
1
 11
220421.6
 21
18649.6
 31
0.0
100
AcDbText
 73
2
  0
LINE
  5
31C
330
17
100
AcDbEntity
  8
A-GRID
  6
CENTER
100
AcDbLine
 10
197600.0
 20
0.0
 30
0.0
 11
222821.6
 21
0.0
 31
0.0
  0
CIRCLE
  5
31D
330
17
100
AcDbEntity
  8
A-GRID
100
AcDbCircle
 10
197200.0
 20
0.0
 30
0.0
 40
400.0
  0
TEXT
  5
31E
330
17
100
AcDbEntity
  8
A-GRID-TEXT
100
AcDbText
 10
197200.0
 20
0.0
 30
0.0
 40
350.0
  1
A
 72
1
 11
197200.0
 21
0.0
 31
0.0
100
AcDbText
 73
2
  0
CIRCLE
  5
31F
330
17
100
AcDbEntity
  8
A-GRID
100
AcDbCircle
 10
223221.6
 20
0.0
 30
0.0
 40
400.0
  0
TEXT
  5
320
330
17
100
AcDbEntity
  8
A-GRID-TEXT
100
AcDbText
 10
223221.6
 20
0.0
 30
0.0
 40
350.0
  1
A
 72
1
 11
223221.6
 21
0.0
 31
0.0
100
AcDbText
 73
2
  0
LINE
  5
321
330
17
100
AcDbEntity
  8
A-GRID
  6
CENTER
100
AcDbLine
 10
197600.0
 20
4876.8
 30
0.0
 11
222821.6
 21
4876.8
 31
0.0
  0
CIRCLE
  5
322
330
17
100
AcDbEntity
  8
A-GRID
100
AcDbCircle
 10
197200.0
 20
4876.8
 30
0.0
 40
400.0
  0
TEXT
  5
323
330
17
100
AcDbEntity
  8
A-GRID-TEXT
100
AcDbText
 10
197200.0
 20
4876.8
 30
0.0
 40
350.0
  1
B
 72
1
 11
197200.0
 21
4876.8
 31
0.0
100
AcDbText
 73
2
  0
CIRCLE
  5
324
330
17
100
AcDbEntity
  8
A-GRID
100
AcDbCircle
 10
223221.6
 20
4876.8
 30
0.0
 40
400.0
  0
TEXT
  5
325
330
17
100
AcDbEntity
  8
A-GRID-TEXT
100
AcDbText
 10
223221.6
 20
4876.8
 30
0.0
 40
350.0
  1
B
 72
1
 11
223221.6
 21
4876.8
 31
0.0
100
AcDbText
 73
2
  0
LINE
  5
326
330
17
100
AcDbEntity
  8
A-GRID
  6
CENTER
100
AcDbLine
 10
197600.0
 20
8839.2
 30
0.0
 11
222821.6
 21
8839.2
 31
0.0
  0
CIRCLE
  5
327
330
17
100
AcDbEntity
  8
A-GRID
100
AcDbCircle
 10
197200.0
 20
8839.2
 30
0.0
 40
400.0
  0
TEXT
  5
328
330
17
100
AcDbEntity
  8
A-GRID-TEXT
100
AcDbText
 10
197200.0
 20
8839.2
 30
0.0
 40
350.0
  1
C
 72
1
 11
197200.0
 21
8839.2
 31
0.0
100
AcDbText
 73
2
  0
CIRCLE
  5
329
330
17
100
AcDbEntity
  8
A-GRID
100
AcDbCircle
 10
223221.6
 20
8839.2
 30
0.0
 40
400.0
  0
TEXT
  5
32A
330
17
100
AcDbEntity
  8
A-GRID-TEXT
100
AcDbText
 10
223221.6
 20
8839.2
 30
0.0
 40
350.0
  1
C
 72
1
 11
223221.6
 21
8839.2
 31
0.0
100
AcDbText
 73
2
  0
LINE
  5
32B
330
17
100
AcDbEntity
  8
A-GRID
  6
CENTER
100
AcDbLine
 10
197600.0
 20
11277.6
 30
0.0
 11
222821.6
 21
11277.6
 31
0.0
  0
CIRCLE
  5
32C
330
17
100
AcDbEntity
  8
A-GRID
100
AcDbCircle
 10
197200.0
 20
11277.6
 30
0.0
 40
400.0
  0
TEXT
  5
32D
330
17
100
AcDbEntity
  8
A-GRID-TEXT
100
AcDbText
 10
197200.0
 20
11277.6
 30
0.0
 40
350.0
  1
D
 72
1
 11
197200.0
 21
11277.6
 31
0.0
100
AcDbText
 73
2
  0
CIRCLE
  5
32E
330
17
100
AcDbEntity
  8
A-GRID
100
AcDbCircle
 10
223221.6
 20
11277.6
 30
0.0
 40
400.0
  0
TEXT
  5
32F
330
17
100
AcDbEntity
  8
A-GRID-TEXT
100
AcDbText
 10
223221.6
 20
11277.6
 30
0.0
 40
350.0
  1
D
 72
1
 11
223221.6
 21
11277.6
 31
0.0
100
AcDbText
 73
2
  0
LINE
  5
330
330
17
100
AcDbEntity
  8
A-GRID
  6
CENTER
100
AcDbLine
 10
197600.0
 20
15849.6
 30
0.0
 11
222821.6
 21
15849.6
 31
0.0
  0
CIRCLE
  5
331
330
17
100
AcDbEntity
  8
A-GRID
100
AcDbCircle
 10
197200.0
 20
15849.6
 30
0.0
 40
400.0
  0
TEXT
  5
332
330
17
100
AcDbEntity
  8
A-GRID-TEXT
100
AcDbText
 10
197200.0
 20
15849.6
 30
0.0
 40
350.0
  1
E
 72
1
 11
197200.0
 21
15849.6
 31
0.0
100
AcDbText
 73
2
  0
CIRCLE
  5
333
330
17
100
AcDbEntity
  8
A-GRID
100
AcDbCircle
 10
223221.6
 20
15849.6
 30
0.0
 40
400.0
  0
TEXT
  5
334
330
17
100
AcDbEntity
  8
A-GRID-TEXT
100
AcDbText
 10
223221.6
 20
15849.6
 30
0.0
 40
350.0
  1
E
 72
1
 11
223221.6
 21
15849.6
 31
0.0
100
AcDbText
 73
2
  0
DIMENSION
  5
335
330
17
100
AcDbEntity
  8
DIMENSION
100
AcDbDimension
  2
*D10
  3
EZDXF
 10
200000.0
 20
19649.6
 30
0.0
 11
202286.0
 21
19803.6
 31
0.0
 70
32
 71
5
  1
15'-0"
100
AcDbAlignedDimension
 13
200000.0
 23
18249.6
 33
0.0
 14
204572.0
 24
18249.6
 34
0.0
 50
0.0
100
AcDbRotatedDimension
1001
ACAD
1000
DSTYLE
1002
{
1070
140
1040
220.0
1070
41
1040
132.0
1070
44
1040
110.0
1070
42
1040
66.0
1070
147
1040
44.0
1070
271
1070
0
1070
77
1070
1
1070
73
1070
1
1070
74
1070
1
1002
}
  0
DIMENSION
  5
344
330
17
100
AcDbEntity
  8
DIMENSION
100
AcDbDimension
  2
*D11
  3
EZDXF
 10
204572.0
 20
19649.6
 30
0.0
 11
206705.6
 21
19803.6
 31
0.0
 70
32
 71
5
  1
14'-0"
100
AcDbAlignedDimension
 13
204572.0
 23
18249.6
 33
0.0
 14
208839.2
 24
18249.6
 34
0.0
 50
0.0
100
AcDbRotatedDimension
1001
ACAD
1000
DSTYLE
1002
{
1070
140
1040
220.0
1070
41
1040
132.0
1070
44
1040
110.0
1070
42
1040
66.0
1070
147
1040
44.0
1070
271
1070
0
1070
77
1070
1
1070
73
1070
1
1070
74
1070
1
1002
}
  0
DIMENSION
  5
353
330
17
100
AcDbEntity
  8
DIMENSION
100
AcDbDimension
  2
*D12
  3
EZDXF
 10
208839.2
 20
19649.6
 30
0.0
 11
210210.8
 21
19803.6
 31
0.0
 70
32
 71
5
  1
9'-0"
100
AcDbAlignedDimension
 13
208839.2
 23
18249.6
 33
0.0
 14
211582.4
 24
18249.6
 34
0.0
 50
0.0
100
AcDbRotatedDimension
1001
ACAD
1000
DSTYLE
1002
{
1070
140
1040
220.0
1070
41
1040
132.0
1070
44
1040
110.0
1070
42
1040
66.0
1070
147
1040
44.0
1070
271
1070
0
1070
77
1070
1
1070
73
1070
1
1070
74
1070
1
1002
}
  0
DIMENSION
  5
362
330
17
100
AcDbEntity
  8
DIMENSION
100
AcDbDimension
  2
*D13
  3
EZDXF
 10
211582.4
 20
19649.6
 30
0.0
 11
213716.0
 21
19803.6
 31
0.0
 70
32
 71
5
  1
14'-0"
100
AcDbAlignedDimension
 13
211582.4
 23
18249.6
 33
0.0
 14
215849.6
 24
18249.6
 34
0.0
 50
0.0
100
AcDbRotatedDimension
1001
ACAD
1000
DSTYLE
1002
{
1070
140
1040
220.0
1070
41
1040
132.0
1070
44
1040
110.0
1070
42
1040
66.0
1070
147
1040
44.0
1070
271
1070
0
1070
77
1070
1
1070
73
1070
1
1070
74
1070
1
1002
}
  0
DIMENSION
  5
371
330
17
100
AcDbEntity
  8
DIMENSION
100
AcDbDimension
  2
*D14
  3
EZDXF
 10
215849.6
 20
19649.6
 30
0.0
 11
218135.6
 21
19803.6
 31
0.0
 70
32
 71
5
  1
15'-0"
100
AcDbAlignedDimension
 13
215849.6
 23
18249.6
 33
0.0
 14
220421.6
 24
18249.6
 34
0.0
 50
0.0
100
AcDbRotatedDimension
1001
ACAD
1000
DSTYLE
1002
{
1070
140
1040
220.0
1070
41
1040
132.0
1070
44
1040
110.0
1070
42
1040
66.0
1070
147
1040
44.0
1070
271
1070
0
1070
77
1070
1
1070
73
1070
1
1070
74
1070
1
1002
}
  0
DIMENSION
  5
380
330
17
100
AcDbEntity
  8
DIMENTION
100
AcDbDimension
  2
*D15
  3
EZDXF
 10
196200.0
 20
0.0
 30
0.0
 11
196046.0
 21
2438.4
 31
0.0
 70
32
 71
5
  1
16'-0"
100
AcDbAlignedDimension
 13
197600.0
 23
0.0
 33
0.0
 14
197600.0
 24
4876.8
 34
0.0
 50
90.0
100
AcDbRotatedDimension
1001
ACAD
1000
DSTYLE
1002
{
1070
140
1040
220.0
1070
41
1040
132.0
1070
44
1040
110.0
1070
42
1040
66.0
1070
147
1040
44.0
1070
271
1070
0
1070
77
1070
1
1070
73
1070
1
1070
74
1070
1
1002
}
  0
DIMENSION
  5
390
330
17
100
AcDbEntity
  8
DIMENTION
100
AcDbDimension
  2
*D16
  3
EZDXF
 10
196200.0
 20
4876.8
 30
0.0
 11
196046.0
 21
6858.0
 31
0.0
 70
32
 71
5
  1
13'-0"
100
AcDbAlignedDimension
 13
197600.0
 23
4876.8
 33
0.0
 14
197600.0
 24
8839.2
 34
0.0
 50
90.0
100
AcDbRotatedDimension
1001
ACAD
1000
DSTYLE
1002
{
1070
140
1040
220.0
1070
41
1040
132.0
1070
44
1040
110.0
1070
42
1040
66.0
1070
147
1040
44.0
1070
271
1070
0
1070
77
1070
1
1070
73
1070
1
1070
74
1070
1
1002
}
  0
DIMENSION
  5
3A0
330
17
100
AcDbEntity
  8
DIMENTION
100
AcDbDimension
  2
*D17
  3
EZDXF
 10
196200.0
 20
8839.2
 30
0.0
 11
196046.0
 21
10058.400000000001
 31
0.0
 70
32
 71
5
  1
8'-0"
100
AcDbAlignedDimension
 13
197600.0
 23
8839.2
 33
0.0
 14
197600.0
 24
11277.6
 34
0.0
 50
90.0
100
AcDbRotatedDimension
1001
ACAD
1000
DSTYLE
1002
{
1070
140
1040
220.0
1070
41
1040
132.0
1070
44
1040
110.0
1070
42
1040
66.0
1070
147
1040
44.0
1070
271
1070
0
1070
77
1070
1
1070
73
1070
1
1070
74
1070
1
1002
}
  0
DIMENSION
  5
3B0
330
17
100
AcDbEntity
  8
DIMENTION
100
AcDbDimension
  2
*D18
  3
EZDXF
 10
196200.0
 20
11277.6
 30
0.0
 11
196046.0
 21
13563.6
 31
0.0
 70
32
 71
5
  1
15'-0"
100
AcDbAlignedDimension
 13
197600.0
 23
11277.6
 33
0.0
 14
197600.0
 24
15849.6
 34
0.0
 50
90.0
100
AcDbRotatedDimension
1001
ACAD
1000
DSTYLE
1002
{
1070
140
1040
220.0
1070
41
1040
132.0
1070
44
1040
110.0
1070
42
1040
66.0
1070
147
1040
44.0
1070
271
1070
0
1070
77
1070
1
1070
73
1070
1
1070
74
1070
1
1002
}
  0
LINE
  5
3C0
330
17
100
AcDbEntity
  8
A-WALL
100
AcDbLine
 10
199875.0
 20
13054.623304703364
 30
0.0
 11
199823.22330470337
 21
13106.4
 31
0.0
  0
LINE
  5
3C1
330
17
100
AcDbEntity
  8
A-WALL
100
AcDbLine
 10
199823.22330470337
 20
13106.4
 30
0.0
 11
199875.0
 21
13158.176695296637
 31
0.0
  0
LINE
  5
3C2
330
17
100
AcDbEntity
  8
A-WALL
100
AcDbLine
 10
199875.0
 20
13158.176695296637
 30
0.0
 11
199875.0
 21
13231.4
 31
0.0
  0
LINE
  5
3C3
330
17
100
AcDbEntity
  8
A-WALL
100
AcDbLine
 10
199875.0
 20
13231.4
 30
0.0
 11
199948.22330470337
 21
13231.4
 31
0.0
  0
LINE
  5
3C4
330
17
100
AcDbEntity
  8
A-WALL
100
AcDbLine
 10
199948.22330470337
 20
13231.4
 30
0.0
 11
201724.2591283102
 21
15007.435823606822
 31
0.0
  0
LINE
  5
3C5
330
17
100
AcDbEntity
  8
A-WALL
100
AcDbLine
 10
202442.67961799572
 20
15725.856313292354
 30
0.0
 11
202618.2
 21
15901.376695296636
 31
0.0
  0
LINE
  5
3C6
330
17
100
AcDbEntity
  8
A-WALL
100
AcDbLine
 10
202618.2
 20
15901.376695296636
 30
0.0
 11
202618.2
 21
15974.6
 31
0.0
  0
LINE
  5
3C7
330
17
100
AcDbEntity
  8
A-WALL
100
AcDbLine
 10
202618.2
 20
15974.6
 30
0.0
 11
202691.42330470338
 21
15974.6
 31
0.0
  0
LINE
  5
3C8
330
17
100
AcDbEntity
  8
A-WALL
100
AcDbLine
 10
202691.42330470338
 20
15974.6
 30
0.0
 11
202743.2
 21
16026.376695296636
 31
0.0
  0
LINE
  5
3C9
330
17
100
AcDbEntity
  8
A-WALL
100
AcDbLine
 10
202743.2
 20
16026.376695296636
 30
0.0
 11
202794.97669529665
 21
15974.6
 31
0.0
  0
LINE
  5
3CA
330
17
100
AcDbEntity
  8
A-WALL
100
AcDbLine
 10
202794.97669529665
 20
15974.6
 30
0.0
 11
203092.0
 21
15974.6
 31
0.0
  0
LINE
  5
3CB
330
17
100
AcDbEntity
  8
A-WALL
100
AcDbLine
 10
204108.0
 20
15974.6
 30
0.0
 11
204422.0
 21
15974.6
 31
0.0
  0
LINE
  5
3CC
330
17
100
AcDbEntity
  8
A-WALL
100
AcDbLine
 10
204722.0
 20
15974.6
 30
0.0
 11
205100.0
 21
15974.6
 31
0.0
  0
LINE
  5
3CD
330
17
100
AcDbEntity
  8
A-WALL
100
AcDbLine
 10
206624.0
 20
15974.6
 30
0.0
 11
207250.0
 21
15974.6
 31
0.0
  0
LINE
  5
3CE
330
17
100
AcDbEntity
  8
A-WALL
100
AcDbLine
 10
208266.0
 20
15974.6
 30
0.0
 11
208689.2
 21
15974.6
 31
0.0
  0
LINE
  5
3CF
330
17
100
AcDbEntity
  8
A-WALL
100
AcDbLine
 10
208989.2
 20
15974.6
 30
0.0
 11
210085.8
 21
15974.6
 31
0.0
  0
LINE
  5
3D0
330
17
100
AcDbEntity
  8
WALL 10in
100
AcDbLine
 10
210085.8
 20
15974.6
 30
0.0
 11
210335.8
 21
15974.6
 31
0.0
  0
LINE
  5
3D1
330
17
100
AcDbEntity
  8
A-WALL
100
AcDbLine
 10
210335.8
 20
15974.6
 30
0.0
 11
211432.4
 21
15974.6
 31
0.0
  0
LINE
  5
3D2
330
17
100
AcDbEntity
  8
A-WALL
100
AcDbLine
 10
211732.4
 20
15974.6
 30
0.0
 11
212155.6
 21
15974.6
 31
0.0
  0
LINE
  5
3D3
330
17
100
AcDbEntity
  8
A-WALL
100
AcDbLine
 10
213171.6
 20
15974.6
 30
0.0
 11
213797.6
 21
15974.6
 31
0.0
  0
LINE
  5
3D4
330
17
100
AcDbEntity
  8
A-WALL
100
AcDbLine
 10
215321.6
 20
15974.6
 30
0.0
 11
215699.6
 21
15974.6
 31
0.0
  0
LINE
  5
3D5
330
17
100
AcDbEntity
  8
A-WALL
100
AcDbLine
 10
215999.6
 20
15974.6
 30
0.0
 11
216300.0
 21
15974.6
 31
0.0
  0
LINE
  5
3D6
330
17
100
AcDbEntity
  8
A-WALL
100
AcDbLine
 10
217824.0
 20
15974.6
 30
0.0
 11
218700.0
 21
15974.6
 31
0.0
  0
LINE
  5
3D7
330
17
100
AcDbEntity
  8
A-WALL
100
AcDbLine
 10
219716.0
 20
15974.6
 30
0.0
 11
220221.6
 21
15974.6
 31
0.0
  0
LINE
  5
3D8
330
17
100
AcDbEntity
  8
A-WALL
100
AcDbLine
 10
220546.6
 20
15649.6
 30
0.0
 11
220546.6
 21
15116.0
 31
0.0
  0
LINE
  5
3D9
330
17
100
AcDbEntity
  8
A-WALL
100
AcDbLine
 10
220546.6
 20
14100.0
 30
0.0
 11
220546.6
 21
13526.6
 31
0.0
  0
LINE
  5
3DA
330
17
100
AcDbEntity
  8
A-WALL
100
AcDbLine
 10
220546.6
 20
13526.6
 30
0.0
 11
220546.6
 21
13401.6
 31
0.0
  0
LINE
  5
3DB
330
17
100
AcDbEntity
  8
A-WALL
100
AcDbLine
 10
220546.6
 20
13401.6
 30
0.0
 11
220546.6
 21
11427.6
 31
0.0
  0
LINE
  5
3DC
330
17
100
AcDbEntity
  8
A-WALL
100
AcDbLine
 10
220546.6
 20
11127.6
 30
0.0
 11
220546.6
 21
10820.0
 31
0.0
  0
LINE
  5
3DD
330
17
100
AcDbEntity
  8
A-WALL
100
AcDbLine
 10
220546.6
 20
9296.0
 30
0.0
 11
220546.6
 21
8989.2
 31
0.0
  0
LINE
  5
3DE
330
17
100
AcDbEntity
  8
A-WALL
100
AcDbLine
 10
220546.6
 20
8689.2
 30
0.0
 11
220546.6
 21
8316.0
 31
0.0
  0
LINE
  5
3DF
330
17
100
AcDbEntity
  8
A-WALL
100
AcDbLine
 10
220546.6
 20
7300.0
 30
0.0
 11
220546.6
 21
7125.8
 31
0.0
  0
LINE
  5
3E0
330
17
100
AcDbEntity
  8
A-WALL
100
AcDbLine
 10
220546.6
 20
7125.8
 30
0.0
 11
220546.6
 21
7000.8
 31
0.0
  0
LINE
  5
3E1
330
17
100
AcDbEntity
  8
A-WALL
100
AcDbLine
 10
220546.6
 20
7000.8
 30
0.0
 11
220546.6
 21
5026.8
 31
0.0
  0
LINE
  5
3E2
330
17
100
AcDbEntity
  8
A-WALL
100
AcDbLine
 10
220546.6
 20
4726.8
 30
0.0
 11
220546.6
 21
2816.0
 31
0.0
  0
LINE
  5
3E3
330
17
100
AcDbEntity
  8
A-WALL
100
AcDbLine
 10
220546.6
 20
1800.0
 30
0.0
 11
220546.6
 21
200.0
 31
0.0
  0
LINE
  5
3E4
330
17
100
AcDbEntity
  8
A-WALL
100
AcDbLine
 10
204422.0
 20
-125.0
 30
0.0
 11
203024.0
 21
-125.0
 31
0.0
  0
LINE
  5
3E5
330
17
100
AcDbEntity
  8
A-WALL
100
AcDbLine
 10
201500.0
 20
-125.0
 30
0.0
 11
200200.0
 21
-125.0
 31
0.0
  0
LINE
  5
3E6
330
17
100
AcDbEntity
  8
A-WALL
100
AcDbLine
 10
199875.0
 20
200.0
 30
0.0
 11
199875.0
 21
1800.0
 31
0.0
  0
LINE
  5
3E7
330
17
100
AcDbEntity
  8
A-WALL
100
AcDbLine
 10
199875.0
 20
2816.0
 30
0.0
 11
199875.0
 21
4726.8
 31
0.0
  0
LINE
  5
3E8
330
17
100
AcDbEntity
  8
A-WALL
100
AcDbLine
 10
199875.0
 20
5026.8
 30
0.0
 11
199875.0
 21
7000.8
 31
0.0
  0
LINE
  5
3E9
330
17
100
AcDbEntity
  8
A-WALL
100
AcDbLine
 10
199875.0
 20
7000.8
 30
0.0
 11
199875.0
 21
7125.8
 31
0.0
  0
LINE
  5
3EA
330
17
100
AcDbEntity
  8
A-WALL
100
AcDbLine
 10
199875.0
 20
7125.8
 30
0.0
 11
199875.0
 21
7300.0
 31
0.0
  0
LINE
  5
3EB
330
17
100
AcDbEntity
  8
A-WALL
100
AcDbLine
 10
199875.0
 20
8316.0
 30
0.0
 11
199875.0
 21
8689.2
 31
0.0
  0
LINE
  5
3EC
330
17
100
AcDbEntity
  8
A-WALL
100
AcDbLine
 10
199875.0
 20
8989.2
 30
0.0
 11
199875.0
 21
9296.0
 31
0.0
  0
LINE
  5
3ED
330
17
100
AcDbEntity
  8
A-WALL
100
AcDbLine
 10
199875.0
 20
10820.0
 30
0.0
 11
199875.0
 21
11127.6
 31
0.0
  0
LINE
  5
3EE
330
17
100
AcDbEntity
  8
A-WALL
100
AcDbLine
 10
199875.0
 20
11427.6
 30
0.0
 11
199875.0
 21
13054.623304703364
 31
0.0
  0
LINE
  5
3EF
330
17
100
AcDbEntity
  8
A-WALL
100
AcDbLine
 10
200125.0
 20
4726.8
 30
0.0
 11
200125.0
 21
2816.0
 31
0.0
  0
LINE
  5
3F0
330
17
100
AcDbEntity
  8
A-WALL
100
AcDbLine
 10
200125.0
 20
4726.8
 30
0.0
 11
200125.0
 21
2816.0
 31
0.0
  0
LINE
  5
3F1
330
17
100
AcDbEntity
  8
A-WALL
100
AcDbLine
 10
200125.0
 20
1800.0
 30
0.0
 11
200125.0
 21
200.0
 31
0.0
  0
LINE
  5
3F2
330
17
100
AcDbEntity
  8
A-WALL
100
AcDbLine
 10
200200.0
 20
125.0
 30
0.0
 11
201500.0
 21
125.0
 31
0.0
  0
LINE
  5
3F3
330
17
100
AcDbEntity
  8
A-WALL
100
AcDbLine
 10
203024.0
 20
125.0
 30
0.0
 11
204422.0
 21
125.0
 31
0.0
  0
LINE
  5
3F4
330
17
100
AcDbEntity
  8
wall-5
100
AcDbLine
 10
204509.5
 20
300.0
 30
0.0
 11
204509.5
 21
1676.4
 31
0.0
  0
LINE
  5
3F5
330
17
100
AcDbEntity
  8
wall-5
100
AcDbLine
 10
204509.5
 20
1676.4
 30
0.0
 11
204634.5
 21
1676.4
 31
0.0
  0
LINE
  5
3F6
330
17
100
AcDbEntity
  8
wall-5
100
AcDbLine
 10
204634.5
 20
1676.4
 30
0.0
 11
204634.5
 21
300.0
 31
0.0
  0
LINE
  5
3F7
330
17
100
AcDbEntity
  8
A-WALL
100
AcDbLine
 10
204722.0
 20
125.0
 30
0.0
 11
205112.4
 21
125.0
 31
0.0
  0
LINE
  5
3F8
330
17
100
AcDbEntity
  8
A-WALL
100
AcDbLine
 10
206331.6
 20
125.0
 30
0.0
 11
207079.6
 21
125.0
 31
0.0
  0
LINE
  5
3F9
330
17
100
AcDbEntity
  8
A-WALL
100
AcDbLine
 10
208298.8
 20
125.0
 30
0.0
 11
208689.2
 21
125.0
 31
0.0
  0
LINE
  5
3FA
330
17
100
AcDbEntity
  8
A-WALL
100
AcDbLine
 10
208989.2
 20
125.0
 30
0.0
 11
210085.8
 21
125.0
 31
0.0
  0
LINE
  5
3FB
330
17
100
AcDbEntity
  8
WALL 10in
100
AcDbLine
 10
210085.8
 20
125.0
 30
0.0
 11
210085.8
 21
4751.8
 31
0.0
  0
LINE
  5
3FC
330
17
100
AcDbEntity
  8
WALL 10in
100
AcDbLine
 10
210085.8
 20
4751.8
 30
0.0
 11
210085.8
 21
4814.3
 31
0.0
  0
LINE
  5
3FD
330
17
100
AcDbEntity
  8
wall-5
100
AcDbLine
 10
210085.8
 20
4814.3
 30
0.0
 11
209064.2
 21
4814.3
 31
0.0
  0
LINE
  5
3FE
330
17
100
AcDbEntity
  8
wall-5
100
AcDbLine
 10
208614.2
 20
4814.3
 30
0.0
 11
207714.4
 21
4814.3
 31
0.0
  0
LINE
  5
3FF
330
17
100
AcDbEntity
  8
wall-5
100
AcDbLine
 10
206800.0
 20
4814.3
 30
0.0
 11
205597.0
 21
4814.3
 31
0.0
  0
LINE
  5
400
330
17
100
AcDbEntity
  8
wall-5
100
AcDbLine
 10
205597.0
 20
4814.3
 30
0.0
 11
205472.0
 21
4814.3
 31
0.0
  0
LINE
  5
401
330
17
100
AcDbEntity
  8
wall-5
100
AcDbLine
 10
205472.0
 20
4814.3
 30
0.0
 11
204797.0
 21
4814.3
 31
0.0
  0
LINE
  5
402
330
17
100
AcDbEntity
  8
wall-5
100
AcDbLine
 10
204634.5
 20
4576.8
 30
0.0
 11
204634.5
 21
3200.4
 31
0.0
  0
LINE
  5
403
330
17
100
AcDbEntity
  8
wall-5
100
AcDbLine
 10
204634.5
 20
3200.4
 30
0.0
 11
204509.5
 21
3200.4
 31
0.0
  0
LINE
  5
404
330
17
100
AcDbEntity
  8
wall-5
100
AcDbLine
 10
204509.5
 20
3200.4
 30
0.0
 11
204509.5
 21
4576.8
 31
0.0
  0
LINE
  5
405
330
17
100
AcDbEntity
  8
wall-5
100
AcDbLine
 10
204347.0
 20
4814.3
 30
0.0
 11
204214.4
 21
4814.3
 31
0.0
  0
LINE
  5
406
330
17
100
AcDbEntity
  8
wall-5
100
AcDbLine
 10
203300.0
 20
4814.3
 30
0.0
 11
203163.0
 21
4814.3
 31
0.0
  0
LINE
  5
407
330
17
100
AcDbEntity
  8
wall-5
100
AcDbLine
 10
203163.0
 20
4814.3
 30
0.0
 11
203038.0
 21
4814.3
 31
0.0
  0
LINE
  5
408
330
17
100
AcDbEntity
  8
wall-5
100
AcDbLine
 10
203038.0
 20
4814.3
 30
0.0
 11
200250.0
 21
4814.3
 31
0.0
  0
LINE
  5
409
330
17
100
AcDbEntity
  8
A-WALL
100
AcDbLine
 10
200125.0
 20
7000.8
 30
0.0
 11
200125.0
 21
5026.8
 31
0.0
  0
LINE
  5
40A
330
17
100
AcDbEntity
  8
wall-5
100
AcDbLine
 10
200250.0
 20
4939.3
 30
0.0
 11
203038.0
 21
4939.3
 31
0.0
  0
LINE
  5
40B
330
17
100
AcDbEntity
  8
wall-5
100
AcDbLine
 10
203038.0
 20
4939.3
 30
0.0
 11
203038.0
 21
5351.8
 31
0.0
  0
LINE
  5
40C
330
17
100
AcDbEntity
  8
wall-5
100
AcDbLine
 10
203038.0
 20
5351.8
 30
0.0
 11
200600.0
 21
5351.8
 31
0.0
  0
LINE
  5
40D
330
17
100
AcDbEntity
  8
wall-5
100
AcDbLine
 10
200600.0
 20
5351.8
 30
0.0
 11
200475.0
 21
5351.8
 31
0.0
  0
LINE
  5
40E
330
17
100
AcDbEntity
  8
wall-5
100
AcDbLine
 10
200475.0
 20
5351.8
 30
0.0
 11
200475.0
 21
5476.8
 31
0.0
  0
LINE
  5
40F
330
17
100
AcDbEntity
  8
wall-5
100
AcDbLine
 10
200475.0
 20
5476.8
 30
0.0
 11
200475.0
 21
6000.0
 31
0.0
  0
LINE
  5
410
330
17
100
AcDbEntity
  8
wall-5
100
AcDbLine
 10
200475.0
 20
6457.2
 30
0.0
 11
200475.0
 21
7000.8
 31
0.0
  0
LINE
  5
411
330
17
100
AcDbEntity
  8
wall-5
100
AcDbLine
 10
200475.0
 20
7000.8
 30
0.0
 11
200125.0
 21
7000.8
 31
0.0
  0
LINE
  5
412
330
17
100
AcDbEntity
  8
A-WALL
100
AcDbLine
 10
200125.0
 20
11127.6
 30
0.0
 11
200125.0
 21
10820.0
 31
0.0
  0
LINE
  5
413
330
17
100
AcDbEntity
  8
A-WALL
100
AcDbLine
 10
200125.0
 20
9296.0
 30
0.0
 11
200125.0
 21
8989.2
 31
0.0
  0
LINE
  5
414
330
17
100
AcDbEntity
  8
A-WALL
100
AcDbLine
 10
200125.0
 20
8689.2
 30
0.0
 11
200125.0
 21
8316.0
 31
0.0
  0
LINE
  5
415
330
17
100
AcDbEntity
  8
A-WALL
100
AcDbLine
 10
200125.0
 20
7300.0
 30
0.0
 11
200125.0
 21
7125.8
 31
0.0
  0
LINE
  5
416
330
17
100
AcDbEntity
  8
wall-5
100
AcDbLine
 10
200125.0
 20
7125.8
 30
0.0
 11
200475.0
 21
7125.8
 31
0.0
  0
LINE
  5
417
330
17
100
AcDbEntity
  8
wall-5
100
AcDbLine
 10
200475.0
 20
7125.8
 30
0.0
 11
200600.0
 21
7125.8
 31
0.0
  0
LINE
  5
418
330
17
100
AcDbEntity
  8
wall-5
100
AcDbLine
 10
200600.0
 20
7125.8
 30
0.0
 11
203038.0
 21
7125.8
 31
0.0
  0
LINE
  5
419
330
17
100
AcDbEntity
  8
wall-5
100
AcDbLine
 10
203038.0
 20
7125.8
 30
0.0
 11
203163.0
 21
7125.8
 31
0.0
  0
LINE
  5
41A
330
17
100
AcDbEntity
  8
wall-5
100
AcDbLine
 10
203163.0
 20
7125.8
 30
0.0
 11
203163.0
 21
7000.8
 31
0.0
  0
LINE
  5
41B
330
17
100
AcDbEntity
  8
wall-5
100
AcDbLine
 10
203163.0
 20
7000.8
 30
0.0
 11
203163.0
 21
6662.0
 31
0.0
  0
LINE
  5
41C
330
17
100
AcDbEntity
  8
wall-5
100
AcDbLine
 10
203163.0
 20
5900.0
 30
0.0
 11
203163.0
 21
5476.8
 31
0.0
  0
LINE
  5
41D
330
17
100
AcDbEntity
  8
wall-5
100
AcDbLine
 10
203163.0
 20
5476.8
 30
0.0
 11
203163.0
 21
5351.8
 31
0.0
  0
LINE
  5
41E
330
17
100
AcDbEntity
  8
wall-5
100
AcDbLine
 10
203163.0
 20
5351.8
 30
0.0
 11
203163.0
 21
4939.3
 31
0.0
  0
LINE
  5
41F
330
17
100
AcDbEntity
  8
wall-5
100
AcDbLine
 10
203163.0
 20
4939.3
 30
0.0
 11
203300.0
 21
4939.3
 31
0.0
  0
LINE
  5
420
330
17
100
AcDbEntity
  8
wall-5
100
AcDbLine
 10
204214.4
 20
4939.3
 30
0.0
 11
204347.0
 21
4939.3
 31
0.0
  0
LINE
  5
421
330
17
100
AcDbEntity
  8
WALL 10in
100
AcDbLine
 10
204447.0
 20
5176.8
 30
0.0
 11
204447.0
 21
6376.8
 31
0.0
  0
LINE
  5
422
330
17
100
AcDbEntity
  8
wall-5
100
AcDbLine
 10
204447.0
 20
6376.8
 30
0.0
 11
204447.0
 21
6501.8
 31
0.0
  0
LINE
  5
423
330
17
100
AcDbEntity
  8
WALL 10in
100
AcDbLine
 10
204447.0
 20
6501.8
 30
0.0
 11
204447.0
 21
6675.0
 31
0.0
  0
LINE
  5
424
330
17
100
AcDbEntity
  8
WALL 10in
100
AcDbLine
 10
204447.0
 20
6675.0
 30
0.0
 11
204447.0
 21
6925.0
 31
0.0
  0
LINE
  5
425
330
17
100
AcDbEntity
  8
WALL 10in
100
AcDbLine
 10
204447.0
 20
6925.0
 30
0.0
 11
204447.0
 21
6960.0
 31
0.0
  0
LINE
  5
426
330
17
100
AcDbEntity
  8
WALL 10in
100
AcDbLine
 10
204447.0
 20
8179.2
 30
0.0
 11
204447.0
 21
8539.2
 31
0.0
  0
LINE
  5
427
330
17
100
AcDbEntity
  8
WALL 10in
100
AcDbLine
 10
204447.0
 20
9139.2
 30
0.0
 11
204447.0
 21
10977.6
 31
0.0
  0
LINE
  5
428
330
17
100
AcDbEntity
  8
wall-5
100
AcDbLine
 10
204509.5
 20
11577.6
 30
0.0
 11
204509.5
 21
12000.0
 31
0.0
  0
LINE
  5
429
330
17
100
AcDbEntity
  8
wall-5
100
AcDbLine
 10
204509.5
 20
12914.4
 30
0.0
 11
204509.5
 21
13401.6
 31
0.0
  0
LINE
  5
42A
330
17
100
AcDbEntity
  8
wall-5
100
AcDbLine
 10
204509.5
 20
13401.6
 30
0.0
 11
204264.4
 21
13401.6
 31
0.0
  0
LINE
  5
42B
330
17
100
AcDbEntity
  8
wall-5
100
AcDbLine
 10
203350.0
 20
13401.6
 30
0.0
 11
203163.0
 21
13401.6
 31
0.0
  0
LINE
  5
42C
330
17
100
AcDbEntity
  8
wall-5
100
AcDbLine
 10
203163.0
 20
13401.6
 30
0.0
 11
203163.0
 21
13062.0
 31
0.0
  0
LINE
  5
42D
330
17
100
AcDbEntity
  8
wall-5
100
AcDbLine
 10
203163.0
 20
12300.0
 30
0.0
 11
203163.0
 21
11877.6
 31
0.0
  0
LINE
  5
42E
330
17
100
AcDbEntity
  8
wall-5
100
AcDbLine
 10
203163.0
 20
11877.6
 30
0.0
 11
203163.0
 21
11752.6
 31
0.0
  0
LINE
  5
42F
330
17
100
AcDbEntity
  8
wall-5
100
AcDbLine
 10
203163.0
 20
11752.6
 30
0.0
 11
203163.0
 21
11340.1
 31
0.0
  0
LINE
  5
430
330
17
100
AcDbEntity
  8
wall-5
100
AcDbLine
 10
203163.0
 20
11340.1
 30
0.0
 11
203163.0
 21
11215.1
 31
0.0
  0
LINE
  5
431
330
17
100
AcDbEntity
  8
wall-5
100
AcDbLine
 10
203163.0
 20
11215.1
 30
0.0
 11
203038.0
 21
11215.1
 31
0.0
  0
LINE
  5
432
330
17
100
AcDbEntity
  8
wall-5
100
AcDbLine
 10
203038.0
 20
11215.1
 30
0.0
 11
200250.0
 21
11215.1
 31
0.0
  0
LINE
  5
433
330
17
100
AcDbEntity
  8
A-WALL
100
AcDbLine
 10
200125.0
 20
13054.623304703364
 30
0.0
 11
200125.0
 21
11427.6
 31
0.0
  0
LINE
  5
434
330
17
100
AcDbEntity
  8
wall-5
100
AcDbLine
 10
200250.0
 20
11340.1
 30
0.0
 11
203038.0
 21
11340.1
 31
0.0
  0
LINE
  5
435
330
17
100
AcDbEntity
  8
wall-5
100
AcDbLine
 10
203038.0
 20
11340.1
 30
0.0
 11
203038.0
 21
11752.6
 31
0.0
  0
LINE
  5
436
330
17
100
AcDbEntity
  8
wall-5
100
AcDbLine
 10
203038.0
 20
11752.6
 30
0.0
 11
200600.0
 21
11752.6
 31
0.0
  0
LINE
  5
437
330
17
100
AcDbEntity
  8
wall-5
100
AcDbLine
 10
200600.0
 20
11752.6
 30
0.0
 11
200475.0
 21
11752.6
 31
0.0
  0
LINE
  5
438
330
17
100
AcDbEntity
  8
wall-5
100
AcDbLine
 10
200475.0
 20
11752.6
 30
0.0
 11
200475.0
 21
11877.6
 31
0.0
  0
LINE
  5
439
330
17
100
AcDbEntity
  8
wall-5
100
AcDbLine
 10
200475.0
 20
11877.6
 30
0.0
 11
200475.0
 21
12400.0
 31
0.0
  0
LINE
  5
43A
330
17
100
AcDbEntity
  8
wall-5
100
AcDbLine
 10
200475.0
 20
12857.2
 30
0.0
 11
200475.0
 21
13401.6
 31
0.0
  0
LINE
  5
43B
330
17
100
AcDbEntity
  8
wall-5
100
AcDbLine
 10
200475.0
 20
13401.6
 30
0.0
 11
200475.0
 21
13404.623304703364
 31
0.0
  0
LINE
  5
43C
330
17
100
AcDbEntity
  8
A-WALL
100
AcDbLine
 10
200475.0
 20
13404.623304703364
 30
0.0
 11
200125.0
 21
13054.623304703364
 31
0.0
  0
LINE
  5
43D
330
17
100
AcDbEntity
  8
wall-5
100
AcDbLine
 10
200596.97669529665
 20
13526.6
 30
0.0
 11
200600.0
 21
13526.6
 31
0.0
  0
LINE
  5
43E
330
17
100
AcDbEntity
  8
wall-5
100
AcDbLine
 10
200600.0
 20
13526.6
 30
0.0
 11
203038.0
 21
13526.6
 31
0.0
  0
LINE
  5
43F
330
17
100
AcDbEntity
  8
wall-5
100
AcDbLine
 10
203038.0
 20
13526.6
 30
0.0
 11
203163.0
 21
13526.6
 31
0.0
  0
LINE
  5
440
330
17
100
AcDbEntity
  8
wall-5
100
AcDbLine
 10
203163.0
 20
13526.6
 30
0.0
 11
203350.0
 21
13526.6
 31
0.0
  0
LINE
  5
441
330
17
100
AcDbEntity
  8
wall-5
100
AcDbLine
 10
204264.4
 20
13526.6
 30
0.0
 11
204509.5
 21
13526.6
 31
0.0
  0
LINE
  5
442
330
17
100
AcDbEntity
  8
wall-5
100
AcDbLine
 10
204509.5
 20
13526.6
 30
0.0
 11
204509.5
 21
15549.6
 31
0.0
  0
LINE
  5
443
330
17
100
AcDbEntity
  8
A-WALL
100
AcDbLine
 10
204422.0
 20
15724.6
 30
0.0
 11
204108.0
 21
15724.6
 31
0.0
  0
LINE
  5
444
330
17
100
AcDbEntity
  8
A-WALL
100
AcDbLine
 10
203092.0
 20
15724.6
 30
0.0
 11
202794.97669529665
 21
15724.6
 31
0.0
  0
LINE
  5
445
330
17
100
AcDbEntity
  8
A-WALL
100
AcDbLine
 10
202794.97669529665
 20
15724.6
 30
0.0
 11
202619.45631329235
 21
15549.079617995718
 31
0.0
  0
LINE
  5
446
330
17
100
AcDbEntity
  8
A-WALL
100
AcDbLine
 10
201901.03582360683
 20
14830.659128310184
 30
0.0
 11
200596.97669529665
 21
13526.6
 31
0.0
  0
LINE
  5
447
330
17
100
AcDbEntity
  8
wall-5
100
AcDbLine
 10
200600.0
 20
7000.8
 30
0.0
 11
200600.0
 21
6457.2
 31
0.0
  0
LINE
  5
448
330
17
100
AcDbEntity
  8
wall-5
100
AcDbLine
 10
200600.0
 20
6000.0
 30
0.0
 11
200600.0
 21
5476.8
 31
0.0
  0
LINE
  5
449
330
17
100
AcDbEntity
  8
wall-5
100
AcDbLine
 10
200600.0
 20
5476.8
 30
0.0
 11
203038.0
 21
5476.8
 31
0.0
  0
LINE
  5
44A
330
17
100
AcDbEntity
  8
wall-5
100
AcDbLine
 10
203038.0
 20
5476.8
 30
0.0
 11
203038.0
 21
5900.0
 31
0.0
  0
LINE
  5
44B
330
17
100
AcDbEntity
  8
wall-5
100
AcDbLine
 10
203038.0
 20
6662.0
 30
0.0
 11
203038.0
 21
7000.8
 31
0.0
  0
LINE
  5
44C
330
17
100
AcDbEntity
  8
wall-5
100
AcDbLine
 10
203038.0
 20
7000.8
 30
0.0
 11
200600.0
 21
7000.8
 31
0.0
  0
LINE
  5
44D
330
17
100
AcDbEntity
  8
wall-5
100
AcDbLine
 10
200600.0
 20
13401.6
 30
0.0
 11
200600.0
 21
12857.2
 31
0.0
  0
LINE
  5
44E
330
17
100
AcDbEntity
  8
wall-5
100
AcDbLine
 10
200600.0
 20
12400.0
 30
0.0
 11
200600.0
 21
11877.6
 31
0.0
  0
LINE
  5
44F
330
17
100
AcDbEntity
  8
wall-5
100
AcDbLine
 10
200600.0
 20
11877.6
 30
0.0
 11
203038.0
 21
11877.6
 31
0.0
  0
LINE
  5
450
330
17
100
AcDbEntity
  8
wall-5
100
AcDbLine
 10
203038.0
 20
11877.6
 30
0.0
 11
203038.0
 21
12300.0
 31
0.0
  0
LINE
  5
451
330
17
100
AcDbEntity
  8
wall-5
100
AcDbLine
 10
203038.0
 20
13062.0
 30
0.0
 11
203038.0
 21
13401.6
 31
0.0
  0
LINE
  5
452
330
17
100
AcDbEntity
  8
wall-5
100
AcDbLine
 10
203038.0
 20
13401.6
 30
0.0
 11
200600.0
 21
13401.6
 31
0.0
  0
LINE
  5
453
330
17
100
AcDbEntity
  8
wall-5
100
AcDbLine
 10
204634.5
 20
13401.6
 30
0.0
 11
204634.5
 21
12914.4
 31
0.0
  0
LINE
  5
454
330
17
100
AcDbEntity
  8
wall-5
100
AcDbLine
 10
204634.5
 20
12000.0
 30
0.0
 11
204634.5
 21
11577.6
 31
0.0
  0
LINE
  5
455
330
17
100
AcDbEntity
  8
WALL 10in
100
AcDbLine
 10
204797.0
 20
11402.6
 30
0.0
 11
208714.2
 21
11402.6
 31
0.0
  0
LINE
  5
456
330
17
100
AcDbEntity
  8
WALL 10in
100
AcDbLine
 10
210085.8
 20
11402.6
 30
0.0
 11
210085.8
 21
15724.6
 31
0.0
  0
LINE
  5
457
330
17
100
AcDbEntity
  8
A-WALL
100
AcDbLine
 10
210085.8
 20
15724.6
 30
0.0
 11
208989.2
 21
15724.6
 31
0.0
  0
LINE
  5
458
330
17
100
AcDbEntity
  8
A-WALL
100
AcDbLine
 10
208689.2
 20
15724.6
 30
0.0
 11
208266.0
 21
15724.6
 31
0.0
  0
LINE
  5
459
330
17
100
AcDbEntity
  8
A-WALL
100
AcDbLine
 10
207250.0
 20
15724.6
 30
0.0
 11
206624.0
 21
15724.6
 31
0.0
  0
LINE
  5
45A
330
17
100
AcDbEntity
  8
A-WALL
100
AcDbLine
 10
205100.0
 20
15724.6
 30
0.0
 11
204722.0
 21
15724.6
 31
0.0
  0
LINE
  5
45B
330
17
100
AcDbEntity
  8
wall-5
100
AcDbLine
 10
204634.5
 20
15549.6
 30
0.0
 11
204634.5
 21
13526.6
 31
0.0
  0
LINE
  5
45C
330
17
100
AcDbEntity
  8
wall-5
100
AcDbLine
 10
204634.5
 20
13526.6
 30
0.0
 11
204634.5
 21
13401.6
 31
0.0
  0
LINE
  5
45D
330
17
100
AcDbEntity
  8
A-WALL
100
AcDbLine
 10
210148.3
 20
-125.0
 30
0.0
 11
210085.8
 21
-125.0
 31
0.0
  0
LINE
  5
45E
330
17
100
AcDbEntity
  8
A-WALL
100
AcDbLine
 10
210085.8
 20
-125.0
 30
0.0
 11
208989.2
 21
-125.0
 31
0.0
  0
LINE
  5
45F
330
17
100
AcDbEntity
  8
A-WALL
100
AcDbLine
 10
208689.2
 20
-125.0
 30
0.0
 11
208298.8
 21
-125.0
 31
0.0
  0
LINE
  5
460
330
17
100
AcDbEntity
  8
A-WALL
100
AcDbLine
 10
207079.6
 20
-125.0
 30
0.0
 11
206331.6
 21
-125.0
 31
0.0
  0
LINE
  5
461
330
17
100
AcDbEntity
  8
A-WALL
100
AcDbLine
 10
205112.4
 20
-125.0
 30
0.0
 11
204722.0
 21
-125.0
 31
0.0
  0
LINE
  5
462
330
17
100
AcDbEntity
  8
WALL 10in
100
AcDbLine
 10
204697.0
 20
6376.8
 30
0.0
 11
204697.0
 21
5176.8
 31
0.0
  0
LINE
  5
463
330
17
100
AcDbEntity
  8
wall-5
100
AcDbLine
 10
204797.0
 20
4939.3
 30
0.0
 11
205472.0
 21
4939.3
 31
0.0
  0
LINE
  5
464
330
17
100
AcDbEntity
  8
wall-5
100
AcDbLine
 10
205472.0
 20
4939.3
 30
0.0
 11
205472.0
 21
5700.0
 31
0.0
  0
LINE
  5
465
330
17
100
AcDbEntity
  8
wall-5
100
AcDbLine
 10
205472.0
 20
6004.8
 30
0.0
 11
205472.0
 21
6376.8
 31
0.0
  0
LINE
  5
466
330
17
100
AcDbEntity
  8
wall-5
100
AcDbLine
 10
205472.0
 20
6376.8
 30
0.0
 11
204697.0
 21
6376.8
 31
0.0
  0
LINE
  5
467
330
17
100
AcDbEntity
  8
WALL 10in
100
AcDbLine
 10
204697.0
 20
6675.0
 30
0.0
 11
204697.0
 21
6501.8
 31
0.0
  0
LINE
  5
468
330
17
100
AcDbEntity
  8
wall-5
100
AcDbLine
 10
204697.0
 20
6501.8
 30
0.0
 11
205472.0
 21
6501.8
 31
0.0
  0
LINE
  5
469
330
17
100
AcDbEntity
  8
wall-5
100
AcDbLine
 10
205472.0
 20
6501.8
 30
0.0
 11
205597.0
 21
6501.8
 31
0.0
  0
LINE
  5
46A
330
17
100
AcDbEntity
  8
wall-5
100
AcDbLine
 10
205597.0
 20
6501.8
 30
0.0
 11
205597.0
 21
6376.8
 31
0.0
  0
LINE
  5
46B
330
17
100
AcDbEntity
  8
wall-5
100
AcDbLine
 10
205597.0
 20
6376.8
 30
0.0
 11
205597.0
 21
6004.8
 31
0.0
  0
LINE
  5
46C
330
17
100
AcDbEntity
  8
wall-5
100
AcDbLine
 10
205597.0
 20
5700.0
 30
0.0
 11
205597.0
 21
4939.3
 31
0.0
  0
LINE
  5
46D
330
17
100
AcDbEntity
  8
wall-5
100
AcDbLine
 10
205597.0
 20
4939.3
 30
0.0
 11
206800.0
 21
4939.3
 31
0.0
  0
LINE
  5
46E
330
17
100
AcDbEntity
  8
wall-5
100
AcDbLine
 10
207714.4
 20
4939.3
 30
0.0
 11
208614.2
 21
4939.3
 31
0.0
  0
LINE
  5
46F
330
17
100
AcDbEntity
  8
wall-5
100
AcDbLine
 10
209064.2
 20
4939.3
 30
0.0
 11
210085.8
 21
4939.3
 31
0.0
  0
LINE
  5
470
330
17
100
AcDbEntity
  8
WALL 10in
100
AcDbLine
 10
210085.8
 20
4939.3
 30
0.0
 11
210085.8
 21
5001.8
 31
0.0
  0
LINE
  5
471
330
17
100
AcDbEntity
  8
WALL 10in
100
AcDbLine
 10
210085.8
 20
5001.8
 30
0.0
 11
210085.8
 21
6675.0
 31
0.0
  0
LINE
  5
472
330
17
100
AcDbEntity
  8
WALL 10in
100
AcDbLine
 10
210085.8
 20
6675.0
 30
0.0
 11
204697.0
 21
6675.0
 31
0.0
  0
LINE
  5
473
330
17
100
AcDbEntity
  8
WALL 10in
100
AcDbLine
 10
204697.0
 20
8539.2
 30
0.0
 11
204697.0
 21
8179.2
 31
0.0
  0
LINE
  5
474
330
17
100
AcDbEntity
  8
WALL 10in
100
AcDbLine
 10
204697.0
 20
6960.0
 30
0.0
 11
204697.0
 21
6925.0
 31
0.0
  0
LINE
  5
475
330
17
100
AcDbEntity
  8
WALL 10in
100
AcDbLine
 10
204697.0
 20
6925.0
 30
0.0
 11
210085.8
 21
6925.0
 31
0.0
  0
LINE
  5
476
330
17
100
AcDbEntity
  8
WALL 10in
100
AcDbLine
 10
210085.8
 20
6925.0
 30
0.0
 11
210335.8
 21
6925.0
 31
0.0
  0
LINE
  5
477
330
17
100
AcDbEntity
  8
WALL 10in
100
AcDbLine
 10
210335.8
 20
6925.0
 30
0.0
 11
215724.6
 21
6925.0
 31
0.0
  0
LINE
  5
478
330
17
100
AcDbEntity
  8
WALL 10in
100
AcDbLine
 10
215724.6
 20
6925.0
 30
0.0
 11
215724.6
 21
6960.0
 31
0.0
  0
LINE
  5
479
330
17
100
AcDbEntity
  8
WALL 10in
100
AcDbLine
 10
215724.6
 20
8179.2
 30
0.0
 11
215724.6
 21
8539.2
 31
0.0
  0
LINE
  5
47A
330
17
100
AcDbEntity
  8
WALL 10in
100
AcDbLine
 10
215624.6
 20
8714.2
 30
0.0
 11
211707.4
 21
8714.2
 31
0.0
  0
LINE
  5
47B
330
17
100
AcDbEntity
  8
WALL 10in
100
AcDbLine
 10
211707.4
 20
8714.2
 30
0.0
 11
211707.4
 21
8839.2
 31
0.0
  0
LINE
  5
47C
330
17
100
AcDbEntity
  8
wall-5
100
AcDbLine
 10
211457.4
 20
8839.2
 30
0.0
 11
211457.4
 21
8776.7
 31
0.0
  0
LINE
  5
47D
330
17
100
AcDbEntity
  8
wall-5
100
AcDbLine
 10
211457.4
 20
8776.7
 30
0.0
 11
210660.8
 21
8776.7
 31
0.0
  0
LINE
  5
47E
330
17
100
AcDbEntity
  8
wall-5
100
AcDbLine
 10
209760.8
 20
8776.7
 30
0.0
 11
208964.2
 21
8776.7
 31
0.0
  0
LINE
  5
47F
330
17
100
AcDbEntity
  8
wall-5
100
AcDbLine
 10
208964.2
 20
8776.7
 30
0.0
 11
208964.2
 21
8839.2
 31
0.0
  0
LINE
  5
480
330
17
100
AcDbEntity
  8
WALL 10in
100
AcDbLine
 10
208714.2
 20
8839.2
 30
0.0
 11
208714.2
 21
8714.2
 31
0.0
  0
LINE
  5
481
330
17
100
AcDbEntity
  8
WALL 10in
100
AcDbLine
 10
208714.2
 20
8714.2
 30
0.0
 11
208319.2
 21
8714.2
 31
0.0
  0
LINE
  5
482
330
17
100
AcDbEntity
  8
WALL 10in
100
AcDbLine
 10
207100.0
 20
8714.2
 30
0.0
 11
204797.0
 21
8714.2
 31
0.0
  0
LINE
  5
483
330
17
100
AcDbEntity
  8
WALL 10in
100
AcDbLine
 10
204697.0
 20
10977.6
 30
0.0
 11
204697.0
 21
9139.2
 31
0.0
  0
LINE
  5
484
330
17
100
AcDbEntity
  8
WALL 10in
100
AcDbLine
 10
204797.0
 20
8964.2
 30
0.0
 11
207100.0
 21
8964.2
 31
0.0
  0
LINE
  5
485
330
17
100
AcDbEntity
  8
WALL 10in
100
AcDbLine
 10
208319.2
 20
8964.2
 30
0.0
 11
208714.2
 21
8964.2
 31
0.0
  0
LINE
  5
486
330
17
100
AcDbEntity
  8
WALL 10in
100
AcDbLine
 10
208714.2
 20
11152.6
 30
0.0
 11
204797.0
 21
11152.6
 31
0.0
  0
LINE
  5
487
330
17
100
AcDbEntity
  8
wall-5
100
AcDbLine
 10
208964.2
 20
8901.7
 30
0.0
 11
209760.8
 21
8901.7
 31
0.0
  0
LINE
  5
488
330
17
100
AcDbEntity
  8
wall-5
100
AcDbLine
 10
210660.8
 20
8901.7
 30
0.0
 11
211457.4
 21
8901.7
 31
0.0
  0
LINE
  5
489
330
17
100
AcDbEntity
  8
A-WALL
100
AcDbLine
 10
220221.6
 20
-125.0
 30
0.0
 11
218769.2
 21
-125.0
 31
0.0
  0
LINE
  5
48A
330
17
100
AcDbEntity
  8
A-WALL
100
AcDbLine
 10
217550.0
 20
-125.0
 30
0.0
 11
215999.6
 21
-125.0
 31
0.0
  0
LINE
  5
48B
330
17
100
AcDbEntity
  8
A-WALL
100
AcDbLine
 10
215699.6
 20
-125.0
 30
0.0
 11
215309.2
 21
-125.0
 31
0.0
  0
LINE
  5
48C
330
17
100
AcDbEntity
  8
A-WALL
100
AcDbLine
 10
214090.0
 20
-125.0
 30
0.0
 11
213342.0
 21
-125.0
 31
0.0
  0
LINE
  5
48D
330
17
100
AcDbEntity
  8
A-WALL
100
AcDbLine
 10
212122.8
 20
-125.0
 30
0.0
 11
211732.4
 21
-125.0
 31
0.0
  0
LINE
  5
48E
330
17
100
AcDbEntity
  8
A-WALL
100
AcDbLine
 10
211432.4
 20
-125.0
 30
0.0
 11
210335.8
 21
-125.0
 31
0.0
  0
LINE
  5
48F
330
17
100
AcDbEntity
  8
A-WALL
100
AcDbLine
 10
210335.8
 20
-125.0
 30
0.0
 11
210273.3
 21
-125.0
 31
0.0
  0
LINE
  5
490
330
17
100
AcDbEntity
  8
WALL 10in
100
AcDbLine
 10
210335.8
 20
4751.8
 30
0.0
 11
210335.8
 21
125.0
 31
0.0
  0
LINE
  5
491
330
17
100
AcDbEntity
  8
A-WALL
100
AcDbLine
 10
210335.8
 20
125.0
 30
0.0
 11
211432.4
 21
125.0
 31
0.0
  0
LINE
  5
492
330
17
100
AcDbEntity
  8
A-WALL
100
AcDbLine
 10
211732.4
 20
125.0
 30
0.0
 11
212122.8
 21
125.0
 31
0.0
  0
LINE
  5
493
330
17
100
AcDbEntity
  8
A-WALL
100
AcDbLine
 10
213342.0
 20
125.0
 30
0.0
 11
214090.0
 21
125.0
 31
0.0
  0
LINE
  5
494
330
17
100
AcDbEntity
  8
A-WALL
100
AcDbLine
 10
215309.2
 20
125.0
 30
0.0
 11
215699.6
 21
125.0
 31
0.0
  0
LINE
  5
495
330
17
100
AcDbEntity
  8
wall-5
100
AcDbLine
 10
215787.1
 20
300.0
 30
0.0
 11
215787.1
 21
1676.4
 31
0.0
  0
LINE
  5
496
330
17
100
AcDbEntity
  8
wall-5
100
AcDbLine
 10
215787.1
 20
1676.4
 30
0.0
 11
215912.1
 21
1676.4
 31
0.0
  0
LINE
  5
497
330
17
100
AcDbEntity
  8
wall-5
100
AcDbLine
 10
215912.1
 20
1676.4
 30
0.0
 11
215912.1
 21
300.0
 31
0.0
  0
LINE
  5
498
330
17
100
AcDbEntity
  8
A-WALL
100
AcDbLine
 10
215999.6
 20
125.0
 30
0.0
 11
217550.0
 21
125.0
 31
0.0
  0
LINE
  5
499
330
17
100
AcDbEntity
  8
A-WALL
100
AcDbLine
 10
218769.2
 20
125.0
 30
0.0
 11
220221.6
 21
125.0
 31
0.0
  0
LINE
  5
49A
330
17
100
AcDbEntity
  8
A-WALL
100
AcDbLine
 10
220296.6
 20
200.0
 30
0.0
 11
220296.6
 21
1800.0
 31
0.0
  0
LINE
  5
49B
330
17
100
AcDbEntity
  8
A-WALL
100
AcDbLine
 10
220296.6
 20
2816.0
 30
0.0
 11
220296.6
 21
4726.8
 31
0.0
  0
LINE
  5
49C
330
17
100
AcDbEntity
  8
wall-5
100
AcDbLine
 10
220171.6
 20
4814.3
 30
0.0
 11
217383.6
 21
4814.3
 31
0.0
  0
LINE
  5
49D
330
17
100
AcDbEntity
  8
wall-5
100
AcDbLine
 10
217383.6
 20
4814.3
 30
0.0
 11
217258.6
 21
4814.3
 31
0.0
  0
LINE
  5
49E
330
17
100
AcDbEntity
  8
wall-5
100
AcDbLine
 10
217258.6
 20
4814.3
 30
0.0
 11
217121.6
 21
4814.3
 31
0.0
  0
LINE
  5
49F
330
17
100
AcDbEntity
  8
wall-5
100
AcDbLine
 10
216207.2
 20
4814.3
 30
0.0
 11
216074.6
 21
4814.3
 31
0.0
  0
LINE
  5
4A0
330
17
100
AcDbEntity
  8
wall-5
100
AcDbLine
 10
215912.1
 20
4576.8
 30
0.0
 11
215912.1
 21
3200.4
 31
0.0
  0
LINE
  5
4A1
330
17
100
AcDbEntity
  8
wall-5
100
AcDbLine
 10
215912.1
 20
3200.4
 30
0.0
 11
215787.1
 21
3200.4
 31
0.0
  0
LINE
  5
4A2
330
17
100
AcDbEntity
  8
wall-5
100
AcDbLine
 10
215787.1
 20
3200.4
 30
0.0
 11
215787.1
 21
4576.8
 31
0.0
  0
LINE
  5
4A3
330
17
100
AcDbEntity
  8
wall-5
100
AcDbLine
 10
215624.6
 20
4814.3
 30
0.0
 11
213621.6
 21
4814.3
 31
0.0
  0
LINE
  5
4A4
330
17
100
AcDbEntity
  8
wall-5
100
AcDbLine
 10
212707.2
 20
4814.3
 30
0.0
 11
211732.4
 21
4814.3
 31
0.0
  0
LINE
  5
4A5
330
17
100
AcDbEntity
  8
wall-5
100
AcDbLine
 10
211432.4
 20
4814.3
 30
0.0
 11
210335.8
 21
4814.3
 31
0.0
  0
LINE
  5
4A6
330
17
100
AcDbEntity
  8
WALL 10in
100
AcDbLine
 10
210335.8
 20
4814.3
 30
0.0
 11
210335.8
 21
4751.8
 31
0.0
  0
LINE
  5
4A7
330
17
100
AcDbEntity
  8
WALL 10in
100
AcDbLine
 10
210335.8
 20
5001.8
 30
0.0
 11
210335.8
 21
4939.3
 31
0.0
  0
LINE
  5
4A8
330
17
100
AcDbEntity
  8
wall-5
100
AcDbLine
 10
210335.8
 20
4939.3
 30
0.0
 11
211432.4
 21
4939.3
 31
0.0
  0
LINE
  5
4A9
330
17
100
AcDbEntity
  8
wall-5
100
AcDbLine
 10
211732.4
 20
4939.3
 30
0.0
 11
212707.2
 21
4939.3
 31
0.0
  0
LINE
  5
4AA
330
17
100
AcDbEntity
  8
wall-5
100
AcDbLine
 10
213621.6
 20
4939.3
 30
0.0
 11
215624.6
 21
4939.3
 31
0.0
  0
LINE
  5
4AB
330
17
100
AcDbEntity
  8
WALL 10in
100
AcDbLine
 10
215724.6
 20
5176.8
 30
0.0
 11
215724.6
 21
6675.0
 31
0.0
  0
LINE
  5
4AC
330
17
100
AcDbEntity
  8
WALL 10in
100
AcDbLine
 10
215724.6
 20
6675.0
 30
0.0
 11
210335.8
 21
6675.0
 31
0.0
  0
LINE
  5
4AD
330
17
100
AcDbEntity
  8
WALL 10in
100
AcDbLine
 10
210335.8
 20
6675.0
 30
0.0
 11
210335.8
 21
5001.8
 31
0.0
  0
LINE
  5
4AE
330
17
100
AcDbEntity
  8
WALL 10in
100
AcDbLine
 10
210335.8
 20
15724.6
 30
0.0
 11
210335.8
 21
11402.6
 31
0.0
  0
LINE
  5
4AF
330
17
100
AcDbEntity
  8
wall-5
100
AcDbLine
 10
211707.4
 20
11340.1
 30
0.0
 11
212500.0
 21
11340.1
 31
0.0
  0
LINE
  5
4B0
330
17
100
AcDbEntity
  8
wall-5
100
AcDbLine
 10
213414.4
 20
11340.1
 30
0.0
 11
214824.6
 21
11340.1
 31
0.0
  0
LINE
  5
4B1
330
17
100
AcDbEntity
  8
wall-5
100
AcDbLine
 10
214824.6
 20
11340.1
 30
0.0
 11
214824.6
 21
12777.6
 31
0.0
  0
LINE
  5
4B2
330
17
100
AcDbEntity
  8
wall-5
100
AcDbLine
 10
214824.6
 20
12777.6
 30
0.0
 11
214824.6
 21
12902.6
 31
0.0
  0
LINE
  5
4B3
330
17
100
AcDbEntity
  8
wall-5
100
AcDbLine
 10
214824.6
 20
12902.6
 30
0.0
 11
214949.6
 21
12902.6
 31
0.0
  0
LINE
  5
4B4
330
17
100
AcDbEntity
  8
wall-5
100
AcDbLine
 10
214949.6
 20
12902.6
 30
0.0
 11
215787.1
 21
12902.6
 31
0.0
  0
LINE
  5
4B5
330
17
100
AcDbEntity
  8
wall-5
100
AcDbLine
 10
215787.1
 20
12902.6
 30
0.0
 11
215787.1
 21
13401.6
 31
0.0
  0
LINE
  5
4B6
330
17
100
AcDbEntity
  8
wall-5
100
AcDbLine
 10
215787.1
 20
13401.6
 30
0.0
 11
215787.1
 21
13526.6
 31
0.0
  0
LINE
  5
4B7
330
17
100
AcDbEntity
  8
wall-5
100
AcDbLine
 10
215787.1
 20
13526.6
 30
0.0
 11
215787.1
 21
15549.6
 31
0.0
  0
LINE
  5
4B8
330
17
100
AcDbEntity
  8
A-WALL
100
AcDbLine
 10
215699.6
 20
15724.6
 30
0.0
 11
215321.6
 21
15724.6
 31
0.0
  0
LINE
  5
4B9
330
17
100
AcDbEntity
  8
A-WALL
100
AcDbLine
 10
213797.6
 20
15724.6
 30
0.0
 11
213171.6
 21
15724.6
 31
0.0
  0
LINE
  5
4BA
330
17
100
AcDbEntity
  8
A-WALL
100
AcDbLine
 10
212155.6
 20
15724.6
 30
0.0
 11
211732.4
 21
15724.6
 31
0.0
  0
LINE
  5
4BB
330
17
100
AcDbEntity
  8
A-WALL
100
AcDbLine
 10
211432.4
 20
15724.6
 30
0.0
 11
210335.8
 21
15724.6
 31
0.0
  0
LINE
  5
4BC
330
17
100
AcDbEntity
  8
WALL 10in
100
AcDbLine
 10
211707.4
 20
8964.2
 30
0.0
 11
215624.6
 21
8964.2
 31
0.0
  0
LINE
  5
4BD
330
17
100
AcDbEntity
  8
wall-5
100
AcDbLine
 10
215787.1
 20
9139.2
 30
0.0
 11
215787.1
 21
9500.0
 31
0.0
  0
LINE
  5
4BE
330
17
100
AcDbEntity
  8
wall-5
100
AcDbLine
 10
215787.1
 20
10414.4
 30
0.0
 11
215787.1
 21
10977.6
 31
0.0
  0
LINE
  5
4BF
330
17
100
AcDbEntity
  8
wall-5
100
AcDbLine
 10
215624.6
 20
11215.1
 30
0.0
 11
214949.6
 21
11215.1
 31
0.0
  0
LINE
  5
4C0
330
17
100
AcDbEntity
  8
wall-5
100
AcDbLine
 10
214949.6
 20
11215.1
 30
0.0
 11
214824.6
 21
11215.1
 31
0.0
  0
LINE
  5
4C1
330
17
100
AcDbEntity
  8
wall-5
100
AcDbLine
 10
214824.6
 20
11215.1
 30
0.0
 11
213414.4
 21
11215.1
 31
0.0
  0
LINE
  5
4C2
330
17
100
AcDbEntity
  8
wall-5
100
AcDbLine
 10
212500.0
 20
11215.1
 30
0.0
 11
211707.4
 21
11215.1
 31
0.0
  0
LINE
  5
4C3
330
17
100
AcDbEntity
  8
wall-5
100
AcDbLine
 10
214949.6
 20
12777.6
 30
0.0
 11
214949.6
 21
11340.1
 31
0.0
  0
LINE
  5
4C4
330
17
100
AcDbEntity
  8
wall-5
100
AcDbLine
 10
214949.6
 20
11340.1
 30
0.0
 11
215624.6
 21
11340.1
 31
0.0
  0
LINE
  5
4C5
330
17
100
AcDbEntity
  8
wall-5
100
AcDbLine
 10
215787.1
 20
11577.6
 30
0.0
 11
215787.1
 21
12777.6
 31
0.0
  0
LINE
  5
4C6
330
17
100
AcDbEntity
  8
wall-5
100
AcDbLine
 10
215787.1
 20
12777.6
 30
0.0
 11
214949.6
 21
12777.6
 31
0.0
  0
LINE
  5
4C7
330
17
100
AcDbEntity
  8
wall-5
100
AcDbLine
 10
215912.1
 20
10977.6
 30
0.0
 11
215912.1
 21
10414.4
 31
0.0
  0
LINE
  5
4C8
330
17
100
AcDbEntity
  8
wall-5
100
AcDbLine
 10
215912.1
 20
9500.0
 30
0.0
 11
215912.1
 21
9139.2
 31
0.0
  0
LINE
  5
4C9
330
17
100
AcDbEntity
  8
WALL 10in
100
AcDbLine
 10
215974.6
 20
8539.2
 30
0.0
 11
215974.6
 21
8179.2
 31
0.0
  0
LINE
  5
4CA
330
17
100
AcDbEntity
  8
WALL 10in
100
AcDbLine
 10
215974.6
 20
6960.0
 30
0.0
 11
215974.6
 21
6925.0
 31
0.0
  0
LINE
  5
4CB
330
17
100
AcDbEntity
  8
WALL 10in
100
AcDbLine
 10
215974.6
 20
6925.0
 30
0.0
 11
215974.6
 21
6675.0
 31
0.0
  0
LINE
  5
4CC
330
17
100
AcDbEntity
  8
WALL 10in
100
AcDbLine
 10
215974.6
 20
6675.0
 30
0.0
 11
215974.6
 21
5176.8
 31
0.0
  0
LINE
  5
4CD
330
17
100
AcDbEntity
  8
wall-5
100
AcDbLine
 10
216074.6
 20
4939.3
 30
0.0
 11
216207.2
 21
4939.3
 31
0.0
  0
LINE
  5
4CE
330
17
100
AcDbEntity
  8
wall-5
100
AcDbLine
 10
217121.6
 20
4939.3
 30
0.0
 11
217258.6
 21
4939.3
 31
0.0
  0
LINE
  5
4CF
330
17
100
AcDbEntity
  8
wall-5
100
AcDbLine
 10
217258.6
 20
4939.3
 30
0.0
 11
217258.6
 21
5351.8
 31
0.0
  0
LINE
  5
4D0
330
17
100
AcDbEntity
  8
wall-5
100
AcDbLine
 10
217258.6
 20
5351.8
 30
0.0
 11
217258.6
 21
5476.8
 31
0.0
  0
LINE
  5
4D1
330
17
100
AcDbEntity
  8
wall-5
100
AcDbLine
 10
217258.6
 20
5476.8
 30
0.0
 11
217258.6
 21
5900.0
 31
0.0
  0
LINE
  5
4D2
330
17
100
AcDbEntity
  8
wall-5
100
AcDbLine
 10
217258.6
 20
6662.0
 30
0.0
 11
217258.6
 21
7000.8
 31
0.0
  0
LINE
  5
4D3
330
17
100
AcDbEntity
  8
wall-5
100
AcDbLine
 10
217258.6
 20
7000.8
 30
0.0
 11
217258.6
 21
7125.8
 31
0.0
  0
LINE
  5
4D4
330
17
100
AcDbEntity
  8
wall-5
100
AcDbLine
 10
217258.6
 20
7125.8
 30
0.0
 11
217383.6
 21
7125.8
 31
0.0
  0
LINE
  5
4D5
330
17
100
AcDbEntity
  8
wall-5
100
AcDbLine
 10
217383.6
 20
7125.8
 30
0.0
 11
219821.6
 21
7125.8
 31
0.0
  0
LINE
  5
4D6
330
17
100
AcDbEntity
  8
wall-5
100
AcDbLine
 10
219821.6
 20
7125.8
 30
0.0
 11
219946.6
 21
7125.8
 31
0.0
  0
LINE
  5
4D7
330
17
100
AcDbEntity
  8
wall-5
100
AcDbLine
 10
219946.6
 20
7125.8
 30
0.0
 11
220296.6
 21
7125.8
 31
0.0
  0
LINE
  5
4D8
330
17
100
AcDbEntity
  8
A-WALL
100
AcDbLine
 10
220296.6
 20
7125.8
 30
0.0
 11
220296.6
 21
7300.0
 31
0.0
  0
LINE
  5
4D9
330
17
100
AcDbEntity
  8
A-WALL
100
AcDbLine
 10
220296.6
 20
8316.0
 30
0.0
 11
220296.6
 21
8689.2
 31
0.0
  0
LINE
  5
4DA
330
17
100
AcDbEntity
  8
A-WALL
100
AcDbLine
 10
220296.6
 20
8989.2
 30
0.0
 11
220296.6
 21
9296.0
 31
0.0
  0
LINE
  5
4DB
330
17
100
AcDbEntity
  8
A-WALL
100
AcDbLine
 10
220296.6
 20
10820.0
 30
0.0
 11
220296.6
 21
11127.6
 31
0.0
  0
LINE
  5
4DC
330
17
100
AcDbEntity
  8
wall-5
100
AcDbLine
 10
220171.6
 20
11215.1
 30
0.0
 11
217383.6
 21
11215.1
 31
0.0
  0
LINE
  5
4DD
330
17
100
AcDbEntity
  8
wall-5
100
AcDbLine
 10
217383.6
 20
11215.1
 30
0.0
 11
217258.6
 21
11215.1
 31
0.0
  0
LINE
  5
4DE
330
17
100
AcDbEntity
  8
wall-5
100
AcDbLine
 10
217258.6
 20
11215.1
 30
0.0
 11
217258.6
 21
11340.1
 31
0.0
  0
LINE
  5
4DF
330
17
100
AcDbEntity
  8
wall-5
100
AcDbLine
 10
217258.6
 20
11340.1
 30
0.0
 11
217258.6
 21
11752.6
 31
0.0
  0
LINE
  5
4E0
330
17
100
AcDbEntity
  8
wall-5
100
AcDbLine
 10
217258.6
 20
11752.6
 30
0.0
 11
217258.6
 21
11877.6
 31
0.0
  0
LINE
  5
4E1
330
17
100
AcDbEntity
  8
wall-5
100
AcDbLine
 10
217258.6
 20
11877.6
 30
0.0
 11
217258.6
 21
12300.0
 31
0.0
  0
LINE
  5
4E2
330
17
100
AcDbEntity
  8
wall-5
100
AcDbLine
 10
217258.6
 20
13062.0
 30
0.0
 11
217258.6
 21
13401.6
 31
0.0
  0
LINE
  5
4E3
330
17
100
AcDbEntity
  8
wall-5
100
AcDbLine
 10
217258.6
 20
13401.6
 30
0.0
 11
217071.6
 21
13401.6
 31
0.0
  0
LINE
  5
4E4
330
17
100
AcDbEntity
  8
wall-5
100
AcDbLine
 10
216157.2
 20
13401.6
 30
0.0
 11
215912.1
 21
13401.6
 31
0.0
  0
LINE
  5
4E5
330
17
100
AcDbEntity
  8
wall-5
100
AcDbLine
 10
215912.1
 20
13401.6
 30
0.0
 11
215912.1
 21
12902.6
 31
0.0
  0
LINE
  5
4E6
330
17
100
AcDbEntity
  8
wall-5
100
AcDbLine
 10
215912.1
 20
12902.6
 30
0.0
 11
215912.1
 21
12777.6
 31
0.0
  0
LINE
  5
4E7
330
17
100
AcDbEntity
  8
wall-5
100
AcDbLine
 10
215912.1
 20
12777.6
 30
0.0
 11
215912.1
 21
11577.6
 31
0.0
  0
LINE
  5
4E8
330
17
100
AcDbEntity
  8
wall-5
100
AcDbLine
 10
215912.1
 20
15549.6
 30
0.0
 11
215912.1
 21
13526.6
 31
0.0
  0
LINE
  5
4E9
330
17
100
AcDbEntity
  8
wall-5
100
AcDbLine
 10
215912.1
 20
13526.6
 30
0.0
 11
216157.2
 21
13526.6
 31
0.0
  0
LINE
  5
4EA
330
17
100
AcDbEntity
  8
wall-5
100
AcDbLine
 10
217071.6
 20
13526.6
 30
0.0
 11
217258.6
 21
13526.6
 31
0.0
  0
LINE
  5
4EB
330
17
100
AcDbEntity
  8
wall-5
100
AcDbLine
 10
217258.6
 20
13526.6
 30
0.0
 11
217383.6
 21
13526.6
 31
0.0
  0
LINE
  5
4EC
330
17
100
AcDbEntity
  8
wall-5
100
AcDbLine
 10
217383.6
 20
13526.6
 30
0.0
 11
219821.6
 21
13526.6
 31
0.0
  0
LINE
  5
4ED
330
17
100
AcDbEntity
  8
wall-5
100
AcDbLine
 10
219821.6
 20
13526.6
 30
0.0
 11
219946.6
 21
13526.6
 31
0.0
  0
LINE
  5
4EE
330
17
100
AcDbEntity
  8
wall-5
100
AcDbLine
 10
219946.6
 20
13526.6
 30
0.0
 11
220296.6
 21
13526.6
 31
0.0
  0
LINE
  5
4EF
330
17
100
AcDbEntity
  8
A-WALL
100
AcDbLine
 10
220296.6
 20
13526.6
 30
0.0
 11
220296.6
 21
14100.0
 31
0.0
  0
LINE
  5
4F0
330
17
100
AcDbEntity
  8
A-WALL
100
AcDbLine
 10
220296.6
 20
15116.0
 30
0.0
 11
220296.6
 21
15649.6
 31
0.0
  0
LINE
  5
4F1
330
17
100
AcDbEntity
  8
A-WALL
100
AcDbLine
 10
220221.6
 20
15724.6
 30
0.0
 11
219716.0
 21
15724.6
 31
0.0
  0
LINE
  5
4F2
330
17
100
AcDbEntity
  8
A-WALL
100
AcDbLine
 10
218700.0
 20
15724.6
 30
0.0
 11
217824.0
 21
15724.6
 31
0.0
  0
LINE
  5
4F3
330
17
100
AcDbEntity
  8
A-WALL
100
AcDbLine
 10
216300.0
 20
15724.6
 30
0.0
 11
215999.6
 21
15724.6
 31
0.0
  0
LINE
  5
4F4
330
17
100
AcDbEntity
  8
wall-5
100
AcDbLine
 10
217383.6
 20
5351.8
 30
0.0
 11
217383.6
 21
4939.3
 31
0.0
  0
LINE
  5
4F5
330
17
100
AcDbEntity
  8
wall-5
100
AcDbLine
 10
217383.6
 20
4939.3
 30
0.0
 11
220171.6
 21
4939.3
 31
0.0
  0
LINE
  5
4F6
330
17
100
AcDbEntity
  8
A-WALL
100
AcDbLine
 10
220296.6
 20
5026.8
 30
0.0
 11
220296.6
 21
7000.8
 31
0.0
  0
LINE
  5
4F7
330
17
100
AcDbEntity
  8
wall-5
100
AcDbLine
 10
220296.6
 20
7000.8
 30
0.0
 11
219946.6
 21
7000.8
 31
0.0
  0
LINE
  5
4F8
330
17
100
AcDbEntity
  8
wall-5
100
AcDbLine
 10
219946.6
 20
7000.8
 30
0.0
 11
219946.6
 21
6457.2
 31
0.0
  0
LINE
  5
4F9
330
17
100
AcDbEntity
  8
wall-5
100
AcDbLine
 10
219946.6
 20
6000.0
 30
0.0
 11
219946.6
 21
5476.8
 31
0.0
  0
LINE
  5
4FA
330
17
100
AcDbEntity
  8
wall-5
100
AcDbLine
 10
219946.6
 20
5476.8
 30
0.0
 11
219946.6
 21
5351.8
 31
0.0
  0
LINE
  5
4FB
330
17
100
AcDbEntity
  8
wall-5
100
AcDbLine
 10
219946.6
 20
5351.8
 30
0.0
 11
219821.6
 21
5351.8
 31
0.0
  0
LINE
  5
4FC
330
17
100
AcDbEntity
  8
wall-5
100
AcDbLine
 10
219821.6
 20
5351.8
 30
0.0
 11
217383.6
 21
5351.8
 31
0.0
  0
LINE
  5
4FD
330
17
100
AcDbEntity
  8
wall-5
100
AcDbLine
 10
217383.6
 20
7000.8
 30
0.0
 11
217383.6
 21
6662.0
 31
0.0
  0
LINE
  5
4FE
330
17
100
AcDbEntity
  8
wall-5
100
AcDbLine
 10
217383.6
 20
5900.0
 30
0.0
 11
217383.6
 21
5476.8
 31
0.0
  0
LINE
  5
4FF
330
17
100
AcDbEntity
  8
wall-5
100
AcDbLine
 10
217383.6
 20
5476.8
 30
0.0
 11
219821.6
 21
5476.8
 31
0.0
  0
LINE
  5
500
330
17
100
AcDbEntity
  8
wall-5
100
AcDbLine
 10
219821.6
 20
5476.8
 30
0.0
 11
219821.6
 21
6000.0
 31
0.0
  0
LINE
  5
501
330
17
100
AcDbEntity
  8
wall-5
100
AcDbLine
 10
219821.6
 20
6457.2
 30
0.0
 11
219821.6
 21
7000.8
 31
0.0
  0
LINE
  5
502
330
17
100
AcDbEntity
  8
wall-5
100
AcDbLine
 10
219821.6
 20
7000.8
 30
0.0
 11
217383.6
 21
7000.8
 31
0.0
  0
LINE
  5
503
330
17
100
AcDbEntity
  8
wall-5
100
AcDbLine
 10
217383.6
 20
11752.6
 30
0.0
 11
217383.6
 21
11340.1
 31
0.0
  0
LINE
  5
504
330
17
100
AcDbEntity
  8
wall-5
100
AcDbLine
 10
217383.6
 20
11340.1
 30
0.0
 11
220171.6
 21
11340.1
 31
0.0
  0
LINE
  5
505
330
17
100
AcDbEntity
  8
A-WALL
100
AcDbLine
 10
220296.6
 20
11427.6
 30
0.0
 11
220296.6
 21
13401.6
 31
0.0
  0
LINE
  5
506
330
17
100
AcDbEntity
  8
wall-5
100
AcDbLine
 10
220296.6
 20
13401.6
 30
0.0
 11
219946.6
 21
13401.6
 31
0.0
  0
LINE
  5
507
330
17
100
AcDbEntity
  8
wall-5
100
AcDbLine
 10
219946.6
 20
13401.6
 30
0.0
 11
219946.6
 21
12857.2
 31
0.0
  0
LINE
  5
508
330
17
100
AcDbEntity
  8
wall-5
100
AcDbLine
 10
219946.6
 20
12400.0
 30
0.0
 11
219946.6
 21
11877.6
 31
0.0
  0
LINE
  5
509
330
17
100
AcDbEntity
  8
wall-5
100
AcDbLine
 10
219946.6
 20
11877.6
 30
0.0
 11
219946.6
 21
11752.6
 31
0.0
  0
LINE
  5
50A
330
17
100
AcDbEntity
  8
wall-5
100
AcDbLine
 10
219946.6
 20
11752.6
 30
0.0
 11
219821.6
 21
11752.6
 31
0.0
  0
LINE
  5
50B
330
17
100
AcDbEntity
  8
wall-5
100
AcDbLine
 10
219821.6
 20
11752.6
 30
0.0
 11
217383.6
 21
11752.6
 31
0.0
  0
LINE
  5
50C
330
17
100
AcDbEntity
  8
wall-5
100
AcDbLine
 10
217383.6
 20
13401.6
 30
0.0
 11
217383.6
 21
13062.0
 31
0.0
  0
LINE
  5
50D
330
17
100
AcDbEntity
  8
wall-5
100
AcDbLine
 10
217383.6
 20
12300.0
 30
0.0
 11
217383.6
 21
11877.6
 31
0.0
  0
LINE
  5
50E
330
17
100
AcDbEntity
  8
wall-5
100
AcDbLine
 10
217383.6
 20
11877.6
 30
0.0
 11
219821.6
 21
11877.6
 31
0.0
  0
LINE
  5
50F
330
17
100
AcDbEntity
  8
wall-5
100
AcDbLine
 10
219821.6
 20
11877.6
 30
0.0
 11
219821.6
 21
12400.0
 31
0.0
  0
LINE
  5
510
330
17
100
AcDbEntity
  8
wall-5
100
AcDbLine
 10
219821.6
 20
12857.2
 30
0.0
 11
219821.6
 21
13401.6
 31
0.0
  0
LINE
  5
511
330
17
100
AcDbEntity
  8
wall-5
100
AcDbLine
 10
219821.6
 20
13401.6
 30
0.0
 11
217383.6
 21
13401.6
 31
0.0
  0
LINE
  5
512
330
17
100
AcDbEntity
  8
A-DOOR
100
AcDbLine
 10
215974.6
 20
6960.0
 30
0.0
 11
215724.6
 21
6960.0
 31
0.0
  0
LINE
  5
513
330
17
100
AcDbEntity
  8
A-DOOR
100
AcDbLine
 10
215974.6
 20
8179.2
 30
0.0
 11
215724.6
 21
8179.2
 31
0.0
  0
INSERT
  5
514
330
17
100
AcDbEntity
  8
A-DOOR
100
AcDbBlockReference
  2
DR-400
 10
215974.6
 20
6960.0
 30
0.0
 42
-1.0
 50
90.0
  0
CIRCLE
  5
516
330
17
100
AcDbEntity
  8
A-TAG
100
AcDbCircle
 10
216424.6
 20
7569.6
 30
0.0
 40
190.0
  0
TEXT
  5
517
330
17
100
AcDbEntity
  8
A-TAG
100
AcDbText
 10
216424.6
 20
7569.6
 30
0.0
 40
150.0
  1
D1
 72
1
 11
216424.6
 21
7569.6
 31
0.0
100
AcDbText
 73
2
  0
LINE
  5
518
330
17
100
AcDbEntity
  8
A-DOOR
100
AcDbLine
 10
204697.0
 20
6960.0
 30
0.0
 11
204447.0
 21
6960.0
 31
0.0
  0
LINE
  5
519
330
17
100
AcDbEntity
  8
A-DOOR
100
AcDbLine
 10
204697.0
 20
8179.2
 30
0.0
 11
204447.0
 21
8179.2
 31
0.0
  0
INSERT
  5
51A
330
17
100
AcDbEntity
  8
A-DOOR
100
AcDbBlockReference
  2
DR-400
 10
204447.0
 20
8179.2
 30
0.0
 41
-1.0
 50
90.0
  0
CIRCLE
  5
51C
330
17
100
AcDbEntity
  8
A-TAG
100
AcDbCircle
 10
203997.0
 20
7569.6
 30
0.0
 40
190.0
  0
TEXT
  5
51D
330
17
100
AcDbEntity
  8
A-TAG
100
AcDbText
 10
203997.0
 20
7569.6
 30
0.0
 40
150.0
  1
D1
 72
1
 11
203997.0
 21
7569.6
 31
0.0
100
AcDbText
 73
2
  0
LINE
  5
51E
330
17
100
AcDbEntity
  8
A-DOOR
100
AcDbLine
 10
206800.0
 20
4814.3
 30
0.0
 11
206800.0
 21
4939.3
 31
0.0
  0
LINE
  5
51F
330
17
100
AcDbEntity
  8
A-DOOR
100
AcDbLine
 10
207714.4
 20
4814.3
 30
0.0
 11
207714.4
 21
4939.3
 31
0.0
  0
INSERT
  5
520
330
17
100
AcDbEntity
  8
A-DOOR
100
AcDbBlockReference
  2
DR-300
 10
206800.0
 20
4939.3
 30
0.0
  0
CIRCLE
  5
522
330
17
100
AcDbEntity
  8
A-TAG
100
AcDbCircle
 10
207257.2
 20
5389.3
 30
0.0
 40
190.0
  0
TEXT
  5
523
330
17
100
AcDbEntity
  8
A-TAG
100
AcDbText
 10
207257.2
 20
5389.3
 30
0.0
 40
150.0
  1
D2
 72
1
 11
207257.2
 21
5389.3
 31
0.0
100
AcDbText
 73
2
  0
LINE
  5
524
330
17
100
AcDbEntity
  8
A-DOOR
100
AcDbLine
 10
213621.6
 20
4939.3
 30
0.0
 11
213621.6
 21
4814.3
 31
0.0
  0
LINE
  5
525
330
17
100
AcDbEntity
  8
A-DOOR
100
AcDbLine
 10
212707.2
 20
4939.3
 30
0.0
 11
212707.2
 21
4814.3
 31
0.0
  0
INSERT
  5
526
330
17
100
AcDbEntity
  8
A-DOOR
100
AcDbBlockReference
  2
DR-300
 10
212707.2
 20
4939.3
 30
0.0
 41
-1.0
 42
-1.0
 50
180.0
  0
CIRCLE
  5
528
330
17
100
AcDbEntity
  8
A-TAG
100
AcDbCircle
 10
213164.4
 20
5389.3
 30
0.0
 40
190.0
  0
TEXT
  5
529
330
17
100
AcDbEntity
  8
A-TAG
100
AcDbText
 10
213164.4
 20
5389.3
 30
0.0
 40
150.0
  1
D2
 72
1
 11
213164.4
 21
5389.3
 31
0.0
100
AcDbText
 73
2
  0
LINE
  5
52A
330
17
100
AcDbEntity
  8
A-DOOR
100
AcDbLine
 10
203300.0
 20
4814.3
 30
0.0
 11
203300.0
 21
4939.3
 31
0.0
  0
LINE
  5
52B
330
17
100
AcDbEntity
  8
A-DOOR
100
AcDbLine
 10
204214.4
 20
4814.3
 30
0.0
 11
204214.4
 21
4939.3
 31
0.0
  0
INSERT
  5
52C
330
17
100
AcDbEntity
  8
A-DOOR
100
AcDbBlockReference
  2
DR-300
 10
203300.0
 20
4939.3
 30
0.0
  0
CIRCLE
  5
52E
330
17
100
AcDbEntity
  8
A-TAG
100
AcDbCircle
 10
203757.2
 20
5389.3
 30
0.0
 40
190.0
  0
TEXT
  5
52F
330
17
100
AcDbEntity
  8
A-TAG
100
AcDbText
 10
203757.2
 20
5389.3
 30
0.0
 40
150.0
  1
D2
 72
1
 11
203757.2
 21
5389.3
 31
0.0
100
AcDbText
 73
2
  0
LINE
  5
530
330
17
100
AcDbEntity
  8
A-DOOR
100
AcDbLine
 10
217121.6
 20
4939.3
 30
0.0
 11
217121.6
 21
4814.3
 31
0.0
  0
LINE
  5
531
330
17
100
AcDbEntity
  8
A-DOOR
100
AcDbLine
 10
216207.2
 20
4939.3
 30
0.0
 11
216207.2
 21
4814.3
 31
0.0
  0
INSERT
  5
532
330
17
100
AcDbEntity
  8
A-DOOR
100
AcDbBlockReference
  2
DR-300
 10
216207.2
 20
4939.3
 30
0.0
 41
-1.0
 42
-1.0
 50
180.0
  0
CIRCLE
  5
534
330
17
100
AcDbEntity
  8
A-TAG
100
AcDbCircle
 10
216664.4
 20
5389.3
 30
0.0
 40
190.0
  0
TEXT
  5
535
330
17
100
AcDbEntity
  8
A-TAG
100
AcDbText
 10
216664.4
 20
5389.3
 30
0.0
 40
150.0
  1
D2
 72
1
 11
216664.4
 21
5389.3
 31
0.0
100
AcDbText
 73
2
  0
LINE
  5
536
330
17
100
AcDbEntity
  8
A-DOOR
100
AcDbLine
 10
204634.5
 20
12000.0
 30
0.0
 11
204509.5
 21
12000.0
 31
0.0
  0
LINE
  5
537
330
17
100
AcDbEntity
  8
A-DOOR
100
AcDbLine
 10
204634.5
 20
12914.4
 30
0.0
 11
204509.5
 21
12914.4
 31
0.0
  0
INSERT
  5
538
330
17
100
AcDbEntity
  8
A-DOOR
100
AcDbBlockReference
  2
DR-300
 10
204634.5
 20
12000.0
 30
0.0
 42
-1.0
 50
90.0
  0
CIRCLE
  5
53A
330
17
100
AcDbEntity
  8
A-TAG
100
AcDbCircle
 10
205084.5
 20
12457.2
 30
0.0
 40
190.0
  0
TEXT
  5
53B
330
17
100
AcDbEntity
  8
A-TAG
100
AcDbText
 10
205084.5
 20
12457.2
 30
0.0
 40
150.0
  1
D2
 72
1
 11
205084.5
 21
12457.2
 31
0.0
100
AcDbText
 73
2
  0
LINE
  5
53C
330
17
100
AcDbEntity
  8
A-DOOR
100
AcDbLine
 10
212500.0
 20
11215.1
 30
0.0
 11
212500.0
 21
11340.1
 31
0.0
  0
LINE
  5
53D
330
17
100
AcDbEntity
  8
A-DOOR
100
AcDbLine
 10
213414.4
 20
11215.1
 30
0.0
 11
213414.4
 21
11340.1
 31
0.0
  0
INSERT
  5
53E
330
17
100
AcDbEntity
  8
A-DOOR
100
AcDbBlockReference
  2
DR-300
 10
212500.0
 20
11340.1
 30
0.0
  0
CIRCLE
  5
540
330
17
100
AcDbEntity
  8
A-TAG
100
AcDbCircle
 10
212957.2
 20
11790.1
 30
0.0
 40
190.0
  0
TEXT
  5
541
330
17
100
AcDbEntity
  8
A-TAG
100
AcDbText
 10
212957.2
 20
11790.1
 30
0.0
 40
150.0
  1
D2
 72
1
 11
212957.2
 21
11790.1
 31
0.0
100
AcDbText
 73
2
  0
LINE
  5
542
330
17
100
AcDbEntity
  8
A-DOOR
100
AcDbLine
 10
203350.0
 20
13401.6
 30
0.0
 11
203350.0
 21
13526.6
 31
0.0
  0
LINE
  5
543
330
17
100
AcDbEntity
  8
A-DOOR
100
AcDbLine
 10
204264.4
 20
13401.6
 30
0.0
 11
204264.4
 21
13526.6
 31
0.0
  0
INSERT
  5
544
330
17
100
AcDbEntity
  8
A-DOOR
100
AcDbBlockReference
  2
DR-300
 10
203350.0
 20
13526.6
 30
0.0
  0
CIRCLE
  5
546
330
17
100
AcDbEntity
  8
A-TAG
100
AcDbCircle
 10
203807.2
 20
13976.6
 30
0.0
 40
190.0
  0
TEXT
  5
547
330
17
100
AcDbEntity
  8
A-TAG
100
AcDbText
 10
203807.2
 20
13976.6
 30
0.0
 40
150.0
  1
D2
 72
1
 11
203807.2
 21
13976.6
 31
0.0
100
AcDbText
 73
2
  0
LINE
  5
548
330
17
100
AcDbEntity
  8
A-DOOR
100
AcDbLine
 10
217071.6
 20
13526.6
 30
0.0
 11
217071.6
 21
13401.6
 31
0.0
  0
LINE
  5
549
330
17
100
AcDbEntity
  8
A-DOOR
100
AcDbLine
 10
216157.2
 20
13526.6
 30
0.0
 11
216157.2
 21
13401.6
 31
0.0
  0
INSERT
  5
54A
330
17
100
AcDbEntity
  8
A-DOOR
100
AcDbBlockReference
  2
DR-300
 10
216157.2
 20
13526.6
 30
0.0
 41
-1.0
 42
-1.0
 50
180.0
  0
CIRCLE
  5
54C
330
17
100
AcDbEntity
  8
A-TAG
100
AcDbCircle
 10
216614.4
 20
13976.6
 30
0.0
 40
190.0
  0
TEXT
  5
54D
330
17
100
AcDbEntity
  8
A-TAG
100
AcDbText
 10
216614.4
 20
13976.6
 30
0.0
 40
150.0
  1
D2
 72
1
 11
216614.4
 21
13976.6
 31
0.0
100
AcDbText
 73
2
  0
LINE
  5
54E
330
17
100
AcDbEntity
  8
A-DOOR
100
AcDbLine
 10
215912.1
 20
9500.0
 30
0.0
 11
215787.1
 21
9500.0
 31
0.0
  0
LINE
  5
54F
330
17
100
AcDbEntity
  8
A-DOOR
100
AcDbLine
 10
215912.1
 20
10414.4
 30
0.0
 11
215787.1
 21
10414.4
 31
0.0
  0
LINE
  5
550
330
17
100
AcDbEntity
  8
A-DOOR
100
AcDbLine
 10
215787.1
 20
10414.4
 30
0.0
 11
214872.7
 21
10414.4
 31
0.0
  0
ARC
  5
551
330
17
100
AcDbEntity
  8
A-DOOR
100
AcDbCircle
 10
215787.1
 20
10414.4
 30
0.0
 40
914.4
100
AcDbArc
 50
180.0
 51
270.0
  0
CIRCLE
  5
552
330
17
100
AcDbEntity
  8
A-TAG
100
AcDbCircle
 10
215337.1
 20
9957.2
 30
0.0
 40
190.0
  0
TEXT
  5
553
330
17
100
AcDbEntity
  8
A-TAG
100
AcDbText
 10
215337.1
 20
9957.2
 30
0.0
 40
150.0
  1
D2
 72
1
 11
215337.1
 21
9957.2
 31
0.0
100
AcDbText
 73
2
  0
LINE
  5
554
330
17
100
AcDbEntity
  8
A-DOOR
100
AcDbLine
 10
203163.0
 20
5900.0
 30
0.0
 11
203038.0
 21
5900.0
 31
0.0
  0
LINE
  5
555
330
17
100
AcDbEntity
  8
A-DOOR
100
AcDbLine
 10
203163.0
 20
6662.0
 30
0.0
 11
203038.0
 21
6662.0
 31
0.0
  0
INSERT
  5
556
330
17
100
AcDbEntity
  8
A-DOOR
100
AcDbBlockReference
  2
DR-206
 10
203038.0
 20
5900.0
 30
0.0
 50
90.0
  0
CIRCLE
  5
558
330
17
100
AcDbEntity
  8
A-TAG
100
AcDbCircle
 10
202588.0
 20
6281.0
 30
0.0
 40
190.0
  0
TEXT
  5
559
330
17
100
AcDbEntity
  8
A-TAG
100
AcDbText
 10
202588.0
 20
6281.0
 30
0.0
 40
150.0
  1
D3
 72
1
 11
202588.0
 21
6281.0
 31
0.0
100
AcDbText
 73
2
  0
LINE
  5
55A
330
17
100
AcDbEntity
  8
A-DOOR
100
AcDbLine
 10
203163.0
 20
12300.0
 30
0.0
 11
203038.0
 21
12300.0
 31
0.0
  0
LINE
  5
55B
330
17
100
AcDbEntity
  8
A-DOOR
100
AcDbLine
 10
203163.0
 20
13062.0
 30
0.0
 11
203038.0
 21
13062.0
 31
0.0
  0
INSERT
  5
55C
330
17
100
AcDbEntity
  8
A-DOOR
100
AcDbBlockReference
  2
DR-206
 10
203038.0
 20
12300.0
 30
0.0
 50
90.0
  0
CIRCLE
  5
55E
330
17
100
AcDbEntity
  8
A-TAG
100
AcDbCircle
 10
202588.0
 20
12681.0
 30
0.0
 40
190.0
  0
TEXT
  5
55F
330
17
100
AcDbEntity
  8
A-TAG
100
AcDbText
 10
202588.0
 20
12681.0
 30
0.0
 40
150.0
  1
D3
 72
1
 11
202588.0
 21
12681.0
 31
0.0
100
AcDbText
 73
2
  0
LINE
  5
560
330
17
100
AcDbEntity
  8
A-DOOR
100
AcDbLine
 10
217383.6
 20
5900.0
 30
0.0
 11
217258.6
 21
5900.0
 31
0.0
  0
LINE
  5
561
330
17
100
AcDbEntity
  8
A-DOOR
100
AcDbLine
 10
217383.6
 20
6662.0
 30
0.0
 11
217258.6
 21
6662.0
 31
0.0
  0
INSERT
  5
562
330
17
100
AcDbEntity
  8
A-DOOR
100
AcDbBlockReference
  2
DR-206
 10
217383.6
 20
6662.0
 30
0.0
 41
-1.0
 42
-1.0
 50
90.0
  0
CIRCLE
  5
564
330
17
100
AcDbEntity
  8
A-TAG
100
AcDbCircle
 10
217833.6
 20
6281.0
 30
0.0
 40
190.0
  0
TEXT
  5
565
330
17
100
AcDbEntity
  8
A-TAG
100
AcDbText
 10
217833.6
 20
6281.0
 30
0.0
 40
150.0
  1
D3
 72
1
 11
217833.6
 21
6281.0
 31
0.0
100
AcDbText
 73
2
  0
LINE
  5
566
330
17
100
AcDbEntity
  8
A-DOOR
100
AcDbLine
 10
217383.6
 20
12300.0
 30
0.0
 11
217258.6
 21
12300.0
 31
0.0
  0
LINE
  5
567
330
17
100
AcDbEntity
  8
A-DOOR
100
AcDbLine
 10
217383.6
 20
13062.0
 30
0.0
 11
217258.6
 21
13062.0
 31
0.0
  0
INSERT
  5
568
330
17
100
AcDbEntity
  8
A-DOOR
100
AcDbBlockReference
  2
DR-206
 10
217383.6
 20
13062.0
 30
0.0
 41
-1.0
 42
-1.0
 50
90.0
  0
CIRCLE
  5
56A
330
17
100
AcDbEntity
  8
A-TAG
100
AcDbCircle
 10
217833.6
 20
12681.0
 30
0.0
 40
190.0
  0
TEXT
  5
56B
330
17
100
AcDbEntity
  8
A-TAG
100
AcDbText
 10
217833.6
 20
12681.0
 30
0.0
 40
150.0
  1
D3
 72
1
 11
217833.6
 21
12681.0
 31
0.0
100
AcDbText
 73
2
  0
LINE
  5
56C
330
17
100
AcDbEntity
  8
A-DOOR
100
AcDbLine
 10
207100.0
 20
8714.2
 30
0.0
 11
207100.0
 21
8964.2
 31
0.0
  0
LINE
  5
56D
330
17
100
AcDbEntity
  8
A-DOOR
100
AcDbLine
 10
208319.2
 20
8714.2
 30
0.0
 11
208319.2
 21
8964.2
 31
0.0
  0
INSERT
  5
56E
330
17
100
AcDbEntity
  8
A-DOOR
100
AcDbBlockReference
  2
DR-400
 10
207100.0
 20
8964.2
 30
0.0
  0
CIRCLE
  5
570
330
17
100
AcDbEntity
  8
A-TAG
100
AcDbCircle
 10
207709.6
 20
9414.2
 30
0.0
 40
190.0
  0
TEXT
  5
571
330
17
100
AcDbEntity
  8
A-TAG
100
AcDbText
 10
207709.6
 20
9414.2
 30
0.0
 40
150.0
  1
FD1
 72
1
 11
207709.6
 21
9414.2
 31
0.0
100
AcDbText
 73
2
  0
LINE
  5
572
330
17
100
AcDbEntity
  8
A-DOOR
100
AcDbLine
 10
209760.8
 20
8776.7
 30
0.0
 11
209760.8
 21
8901.7
 31
0.0
  0
LINE
  5
573
330
17
100
AcDbEntity
  8
A-DOOR
100
AcDbLine
 10
210660.8
 20
8776.7
 30
0.0
 11
210660.8
 21
8901.7
 31
0.0
  0
LINE
  5
574
330
17
100
AcDbEntity
  8
A-DOOR
100
AcDbLine
 10
209760.8
 20
8823.575
 30
0.0
 11
210255.8
 21
8823.575
 31
0.0
  0
LINE
  5
575
330
17
100
AcDbEntity
  8
A-DOOR
100
AcDbLine
 10
210165.8
 20
8854.825
 30
0.0
 11
210660.8
 21
8854.825
 31
0.0
  0
CIRCLE
  5
576
330
17
100
AcDbEntity
  8
A-TAG
100
AcDbCircle
 10
210210.8
 20
8326.7
 30
0.0
 40
190.0
  0
TEXT
  5
577
330
17
100
AcDbEntity
  8
A-TAG
100
AcDbText
 10
210210.8
 20
8326.7
 30
0.0
 40
150.0
  1
LD
 72
1
 11
210210.8
 21
8326.7
 31
0.0
100
AcDbText
 73
2
  0
LINE
  5
578
330
17
100
AcDbEntity
  8
A-DOOR
100
AcDbLine
 10
205112.4
 20
-125.0
 30
0.0
 11
205112.4
 21
125.0
 31
0.0
  0
LINE
  5
579
330
17
100
AcDbEntity
  8
A-DOOR
100
AcDbLine
 10
206331.6
 20
-125.0
 30
0.0
 11
206331.6
 21
125.0
 31
0.0
  0
LINE
  5
57A
330
17
100
AcDbEntity
  8
A-DOOR
100
AcDbLine
 10
205112.4
 20
-31.25
 30
0.0
 11
205782.96
 21
-31.25
 31
0.0
  0
LINE
  5
57B
330
17
100
AcDbEntity
  8
A-DOOR
100
AcDbLine
 10
205661.04
 20
31.25
 30
0.0
 11
206331.6
 21
31.25
 31
0.0
  0
CIRCLE
  5
57C
330
17
100
AcDbEntity
  8
A-TAG
100
AcDbCircle
 10
205722.0
 20
575.0
 30
0.0
 40
190.0
  0
TEXT
  5
57D
330
17
100
AcDbEntity
  8
A-TAG
100
AcDbText
 10
205722.0
 20
575.0
 30
0.0
 40
150.0
  1
SD1
 72
1
 11
205722.0
 21
575.0
 31
0.0
100
AcDbText
 73
2
  0
LINE
  5
57E
330
17
100
AcDbEntity
  8
A-DOOR
100
AcDbLine
 10
207079.6
 20
-125.0
 30
0.0
 11
207079.6
 21
125.0
 31
0.0
  0
LINE
  5
57F
330
17
100
AcDbEntity
  8
A-DOOR
100
AcDbLine
 10
208298.8
 20
-125.0
 30
0.0
 11
208298.8
 21
125.0
 31
0.0
  0
LINE
  5
580
330
17
100
AcDbEntity
  8
A-DOOR
100
AcDbLine
 10
207079.6
 20
-31.25
 30
0.0
 11
207750.16
 21
-31.25
 31
0.0
  0
LINE
  5
581
330
17
100
AcDbEntity
  8
A-DOOR
100
AcDbLine
 10
207628.24
 20
31.25
 30
0.0
 11
208298.8
 21
31.25
 31
0.0
  0
CIRCLE
  5
582
330
17
100
AcDbEntity
  8
A-TAG
100
AcDbCircle
 10
207689.2
 20
575.0
 30
0.0
 40
190.0
  0
TEXT
  5
583
330
17
100
AcDbEntity
  8
A-TAG
100
AcDbText
 10
207689.2
 20
575.0
 30
0.0
 40
150.0
  1
SD1
 72
1
 11
207689.2
 21
575.0
 31
0.0
100
AcDbText
 73
2
  0
LINE
  5
584
330
17
100
AcDbEntity
  8
A-DOOR
100
AcDbLine
 10
212122.8
 20
-125.0
 30
0.0
 11
212122.8
 21
125.0
 31
0.0
  0
LINE
  5
585
330
17
100
AcDbEntity
  8
A-DOOR
100
AcDbLine
 10
213342.0
 20
-125.0
 30
0.0
 11
213342.0
 21
125.0
 31
0.0
  0
LINE
  5
586
330
17
100
AcDbEntity
  8
A-DOOR
100
AcDbLine
 10
212122.8
 20
-31.25
 30
0.0
 11
212793.36
 21
-31.25
 31
0.0
  0
LINE
  5
587
330
17
100
AcDbEntity
  8
A-DOOR
100
AcDbLine
 10
212671.44
 20
31.25
 30
0.0
 11
213342.0
 21
31.25
 31
0.0
  0
CIRCLE
  5
588
330
17
100
AcDbEntity
  8
A-TAG
100
AcDbCircle
 10
212732.4
 20
575.0
 30
0.0
 40
190.0
  0
TEXT
  5
589
330
17
100
AcDbEntity
  8
A-TAG
100
AcDbText
 10
212732.4
 20
575.0
 30
0.0
 40
150.0
  1
SD1
 72
1
 11
212732.4
 21
575.0
 31
0.0
100
AcDbText
 73
2
  0
LINE
  5
58A
330
17
100
AcDbEntity
  8
A-DOOR
100
AcDbLine
 10
214090.0
 20
-125.0
 30
0.0
 11
214090.0
 21
125.0
 31
0.0
  0
LINE
  5
58B
330
17
100
AcDbEntity
  8
A-DOOR
100
AcDbLine
 10
215309.2
 20
-125.0
 30
0.0
 11
215309.2
 21
125.0
 31
0.0
  0
LINE
  5
58C
330
17
100
AcDbEntity
  8
A-DOOR
100
AcDbLine
 10
214090.0
 20
-31.25
 30
0.0
 11
214760.56
 21
-31.25
 31
0.0
  0
LINE
  5
58D
330
17
100
AcDbEntity
  8
A-DOOR
100
AcDbLine
 10
214638.64
 20
31.25
 30
0.0
 11
215309.2
 21
31.25
 31
0.0
  0
CIRCLE
  5
58E
330
17
100
AcDbEntity
  8
A-TAG
100
AcDbCircle
 10
214699.6
 20
575.0
 30
0.0
 40
190.0
  0
TEXT
  5
58F
330
17
100
AcDbEntity
  8
A-TAG
100
AcDbText
 10
214699.6
 20
575.0
 30
0.0
 40
150.0
  1
SD1
 72
1
 11
214699.6
 21
575.0
 31
0.0
100
AcDbText
 73
2
  0
LINE
  5
590
330
17
100
AcDbEntity
  8
A-DOOR
100
AcDbLine
 10
217550.0
 20
-125.0
 30
0.0
 11
217550.0
 21
125.0
 31
0.0
  0
LINE
  5
591
330
17
100
AcDbEntity
  8
A-DOOR
100
AcDbLine
 10
218769.2
 20
-125.0
 30
0.0
 11
218769.2
 21
125.0
 31
0.0
  0
LINE
  5
592
330
17
100
AcDbEntity
  8
A-DOOR
100
AcDbLine
 10
217550.0
 20
-31.25
 30
0.0
 11
218220.56
 21
-31.25
 31
0.0
  0
LINE
  5
593
330
17
100
AcDbEntity
  8
A-DOOR
100
AcDbLine
 10
218098.64
 20
31.25
 30
0.0
 11
218769.2
 21
31.25
 31
0.0
  0
CIRCLE
  5
594
330
17
100
AcDbEntity
  8
A-TAG
100
AcDbCircle
 10
218159.6
 20
575.0
 30
0.0
 40
190.0
  0
TEXT
  5
595
330
17
100
AcDbEntity
  8
A-TAG
100
AcDbText
 10
218159.6
 20
575.0
 30
0.0
 40
150.0
  1
SD1
 72
1
 11
218159.6
 21
575.0
 31
0.0
100
AcDbText
 73
2
  0
LINE
  5
596
330
17
100
AcDbEntity
  8
A-GLAZ
100
AcDbLine
 10
200600.0
 20
6000.0
 30
0.0
 11
200475.0
 21
6000.0
 31
0.0
  0
LINE
  5
597
330
17
100
AcDbEntity
  8
A-GLAZ
100
AcDbLine
 10
200600.0
 20
6457.2
 30
0.0
 11
200475.0
 21
6457.2
 31
0.0
  0
LINE
  5
598
330
17
100
AcDbEntity
  8
A-GLAZ
100
AcDbLine
 10
200558.33333333334
 20
6000.0
 30
0.0
 11
200558.33333333334
 21
6457.2
 31
0.0
  0
LINE
  5
599
330
17
100
AcDbEntity
  8
A-GLAZ
100
AcDbLine
 10
200516.66666666666
 20
6000.0
 30
0.0
 11
200516.66666666666
 21
6457.2
 31
0.0
  0
CIRCLE
  5
59A
330
17
100
AcDbEntity
  8
A-TAG
100
AcDbCircle
 10
201050.0
 20
6228.6
 30
0.0
 40
190.0
  0
TEXT
  5
59B
330
17
100
AcDbEntity
  8
A-TAG
100
AcDbText
 10
201050.0
 20
6228.6
 30
0.0
 40
150.0
  1
V1
 72
1
 11
201050.0
 21
6228.6
 31
0.0
100
AcDbText
 73
2
  0
LINE
  5
59C
330
17
100
AcDbEntity
  8
A-GLAZ
100
AcDbLine
 10
200600.0
 20
12400.0
 30
0.0
 11
200475.0
 21
12400.0
 31
0.0
  0
LINE
  5
59D
330
17
100
AcDbEntity
  8
A-GLAZ
100
AcDbLine
 10
200600.0
 20
12857.2
 30
0.0
 11
200475.0
 21
12857.2
 31
0.0
  0
LINE
  5
59E
330
17
100
AcDbEntity
  8
A-GLAZ
100
AcDbLine
 10
200558.33333333334
 20
12400.0
 30
0.0
 11
200558.33333333334
 21
12857.2
 31
0.0
  0
LINE
  5
59F
330
17
100
AcDbEntity
  8
A-GLAZ
100
AcDbLine
 10
200516.66666666666
 20
12400.0
 30
0.0
 11
200516.66666666666
 21
12857.2
 31
0.0
  0
CIRCLE
  5
5A0
330
17
100
AcDbEntity
  8
A-TAG
100
AcDbCircle
 10
201050.0
 20
12628.6
 30
0.0
 40
190.0
  0
TEXT
  5
5A1
330
17
100
AcDbEntity
  8
A-TAG
100
AcDbText
 10
201050.0
 20
12628.6
 30
0.0
 40
150.0
  1
V1
 72
1
 11
201050.0
 21
12628.6
 31
0.0
100
AcDbText
 73
2
  0
LINE
  5
5A2
330
17
100
AcDbEntity
  8
A-GLAZ
100
AcDbLine
 10
219946.6
 20
6000.0
 30
0.0
 11
219821.6
 21
6000.0
 31
0.0
  0
LINE
  5
5A3
330
17
100
AcDbEntity
  8
A-GLAZ
100
AcDbLine
 10
219946.6
 20
6457.2
 30
0.0
 11
219821.6
 21
6457.2
 31
0.0
  0
LINE
  5
5A4
330
17
100
AcDbEntity
  8
A-GLAZ
100
AcDbLine
 10
219904.93333333335
 20
6000.0
 30
0.0
 11
219904.93333333335
 21
6457.2
 31
0.0
  0
LINE
  5
5A5
330
17
100
AcDbEntity
  8
A-GLAZ
100
AcDbLine
 10
219863.26666666666
 20
6000.0
 30
0.0
 11
219863.26666666666
 21
6457.2
 31
0.0
  0
CIRCLE
  5
5A6
330
17
100
AcDbEntity
  8
A-TAG
100
AcDbCircle
 10
219371.6
 20
6228.6
 30
0.0
 40
190.0
  0
TEXT
  5
5A7
330
17
100
AcDbEntity
  8
A-TAG
100
AcDbText
 10
219371.6
 20
6228.6
 30
0.0
 40
150.0
  1
V1
 72
1
 11
219371.6
 21
6228.6
 31
0.0
100
AcDbText
 73
2
  0
LINE
  5
5A8
330
17
100
AcDbEntity
  8
A-GLAZ
100
AcDbLine
 10
219946.6
 20
12400.0
 30
0.0
 11
219821.6
 21
12400.0
 31
0.0
  0
LINE
  5
5A9
330
17
100
AcDbEntity
  8
A-GLAZ
100
AcDbLine
 10
219946.6
 20
12857.2
 30
0.0
 11
219821.6
 21
12857.2
 31
0.0
  0
LINE
  5
5AA
330
17
100
AcDbEntity
  8
A-GLAZ
100
AcDbLine
 10
219904.93333333335
 20
12400.0
 30
0.0
 11
219904.93333333335
 21
12857.2
 31
0.0
  0
LINE
  5
5AB
330
17
100
AcDbEntity
  8
A-GLAZ
100
AcDbLine
 10
219863.26666666666
 20
12400.0
 30
0.0
 11
219863.26666666666
 21
12857.2
 31
0.0
  0
CIRCLE
  5
5AC
330
17
100
AcDbEntity
  8
A-TAG
100
AcDbCircle
 10
219371.6
 20
12628.6
 30
0.0
 40
190.0
  0
TEXT
  5
5AD
330
17
100
AcDbEntity
  8
A-TAG
100
AcDbText
 10
219371.6
 20
12628.6
 30
0.0
 40
150.0
  1
V1
 72
1
 11
219371.6
 21
12628.6
 31
0.0
100
AcDbText
 73
2
  0
LINE
  5
5AE
330
17
100
AcDbEntity
  8
A-GLAZ
100
AcDbLine
 10
205597.0
 20
5700.0
 30
0.0
 11
205472.0
 21
5700.0
 31
0.0
  0
LINE
  5
5AF
330
17
100
AcDbEntity
  8
A-GLAZ
100
AcDbLine
 10
205597.0
 20
6004.8
 30
0.0
 11
205472.0
 21
6004.8
 31
0.0
  0
LINE
  5
5B0
330
17
100
AcDbEntity
  8
A-GLAZ
100
AcDbLine
 10
205555.33333333334
 20
5700.0
 30
0.0
 11
205555.33333333334
 21
6004.8
 31
0.0
  0
LINE
  5
5B1
330
17
100
AcDbEntity
  8
A-GLAZ
100
AcDbLine
 10
205513.66666666666
 20
5700.0
 30
0.0
 11
205513.66666666666
 21
6004.8
 31
0.0
  0
CIRCLE
  5
5B2
330
17
100
AcDbEntity
  8
A-TAG
100
AcDbCircle
 10
206047.0
 20
5852.4
 30
0.0
 40
190.0
  0
TEXT
  5
5B3
330
17
100
AcDbEntity
  8
A-TAG
100
AcDbText
 10
206047.0
 20
5852.4
 30
0.0
 40
150.0
  1
V2
 72
1
 11
206047.0
 21
5852.4
 31
0.0
100
AcDbText
 73
2
  0
LINE
  5
5B4
330
17
100
AcDbEntity
  8
A-GLAZ
100
AcDbLine
 10
199875.0
 20
2816.0
 30
0.0
 11
200125.0
 21
2816.0
 31
0.0
  0
LINE
  5
5B5
330
17
100
AcDbEntity
  8
A-GLAZ
100
AcDbLine
 10
199875.0
 20
1800.0
 30
0.0
 11
200125.0
 21
1800.0
 31
0.0
  0
LINE
  5
5B6
330
17
100
AcDbEntity
  8
A-GLAZ
100
AcDbLine
 10
199958.33333333334
 20
2816.0
 30
0.0
 11
199958.33333333334
 21
1800.0
 31
0.0
  0
LINE
  5
5B7
330
17
100
AcDbEntity
  8
A-GLAZ
100
AcDbLine
 10
200000.0
 20
2816.0
 30
0.0
 11
200000.0
 21
1800.0
 31
0.0
  0
LINE
  5
5B8
330
17
100
AcDbEntity
  8
A-GLAZ
100
AcDbLine
 10
200041.66666666666
 20
2816.0
 30
0.0
 11
200041.66666666666
 21
1800.0
 31
0.0
  0
CIRCLE
  5
5B9
330
17
100
AcDbEntity
  8
A-TAG
100
AcDbCircle
 10
200575.0
 20
2308.0
 30
0.0
 40
190.0
  0
TEXT
  5
5BA
330
17
100
AcDbEntity
  8
A-TAG
100
AcDbText
 10
200575.0
 20
2308.0
 30
0.0
 40
150.0
  1
W1
 72
1
 11
200575.0
 21
2308.0
 31
0.0
100
AcDbText
 73
2
  0
LINE
  5
5BB
330
17
100
AcDbEntity
  8
A-GLAZ
100
AcDbLine
 10
220546.6
 20
14100.0
 30
0.0
 11
220296.6
 21
14100.0
 31
0.0
  0
LINE
  5
5BC
330
17
100
AcDbEntity
  8
A-GLAZ
100
AcDbLine
 10
220546.6
 20
15116.0
 30
0.0
 11
220296.6
 21
15116.0
 31
0.0
  0
LINE
  5
5BD
330
17
100
AcDbEntity
  8
A-GLAZ
100
AcDbLine
 10
220463.26666666666
 20
14100.0
 30
0.0
 11
220463.26666666666
 21
15116.0
 31
0.0
  0
LINE
  5
5BE
330
17
100
AcDbEntity
  8
A-GLAZ
100
AcDbLine
 10
220421.6
 20
14100.0
 30
0.0
 11
220421.6
 21
15116.0
 31
0.0
  0
LINE
  5
5BF
330
17
100
AcDbEntity
  8
A-GLAZ
100
AcDbLine
 10
220379.93333333335
 20
14100.0
 30
0.0
 11
220379.93333333335
 21
15116.0
 31
0.0
  0
CIRCLE
  5
5C0
330
17
100
AcDbEntity
  8
A-TAG
100
AcDbCircle
 10
219846.6
 20
14608.0
 30
0.0
 40
190.0
  0
TEXT
  5
5C1
330
17
100
AcDbEntity
  8
A-TAG
100
AcDbText
 10
219846.6
 20
14608.0
 30
0.0
 40
150.0
  1
W1
 72
1
 11
219846.6
 21
14608.0
 31
0.0
100
AcDbText
 73
2
  0
LINE
  5
5C2
330
17
100
AcDbEntity
  8
A-GLAZ
100
AcDbLine
 10
199875.0
 20
8316.0
 30
0.0
 11
200125.0
 21
8316.0
 31
0.0
  0
LINE
  5
5C3
330
17
100
AcDbEntity
  8
A-GLAZ
100
AcDbLine
 10
199875.0
 20
7300.0
 30
0.0
 11
200125.0
 21
7300.0
 31
0.0
  0
LINE
  5
5C4
330
17
100
AcDbEntity
  8
A-GLAZ
100
AcDbLine
 10
199958.33333333334
 20
8316.0
 30
0.0
 11
199958.33333333334
 21
7300.0
 31
0.0
  0
LINE
  5
5C5
330
17
100
AcDbEntity
  8
A-GLAZ
100
AcDbLine
 10
200000.0
 20
8316.0
 30
0.0
 11
200000.0
 21
7300.0
 31
0.0
  0
LINE
  5
5C6
330
17
100
AcDbEntity
  8
A-GLAZ
100
AcDbLine
 10
200041.66666666666
 20
8316.0
 30
0.0
 11
200041.66666666666
 21
7300.0
 31
0.0
  0
CIRCLE
  5
5C7
330
17
100
AcDbEntity
  8
A-TAG
100
AcDbCircle
 10
200575.0
 20
7808.0
 30
0.0
 40
190.0
  0
TEXT
  5
5C8
330
17
100
AcDbEntity
  8
A-TAG
100
AcDbText
 10
200575.0
 20
7808.0
 30
0.0
 40
150.0
  1
W1
 72
1
 11
200575.0
 21
7808.0
 31
0.0
100
AcDbText
 73
2
  0
LINE
  5
5C9
330
17
100
AcDbEntity
  8
A-GLAZ
100
AcDbLine
 10
202442.67961799572
 20
15725.856313292354
 30
0.0
 11
202619.45631329235
 21
15549.079617995718
 31
0.0
  0
LINE
  5
5CA
330
17
100
AcDbEntity
  8
A-GLAZ
100
AcDbLine
 10
201724.2591283102
 20
15007.435823606822
 30
0.0
 11
201901.03582360683
 21
14830.659128310184
 31
0.0
  0
LINE
  5
5CB
330
17
100
AcDbEntity
  8
A-GLAZ
100
AcDbLine
 10
202501.6051830946
 20
15666.930748193476
 30
0.0
 11
201783.18469340907
 21
14948.510258507942
 31
0.0
  0
LINE
  5
5CC
330
17
100
AcDbEntity
  8
A-GLAZ
100
AcDbLine
 10
202531.06796564403
 20
15637.467965644035
 30
0.0
 11
201812.6474759585
 21
14919.047475958503
 31
0.0
  0
LINE
  5
5CD
330
17
100
AcDbEntity
  8
A-GLAZ
100
AcDbLine
 10
202560.53074819347
 20
15608.005183094596
 30
0.0
 11
201842.11025850795
 21
14889.584693409064
 31
0.0
  0
CIRCLE
  5
5CE
330
17
100
AcDbEntity
  8
A-TAG
100
AcDbCircle
 10
202578.44411998353
 20
14871.671321619006
 30
0.0
 40
190.0
  0
TEXT
  5
5CF
330
17
100
AcDbEntity
  8
A-TAG
100
AcDbText
 10
202578.44411998353
 20
14871.671321619006
 30
0.0
 40
150.0
  1
W1
 72
1
 11
202578.44411998353
 21
14871.671321619006
 31
0.0
100
AcDbText
 73
2
  0
LINE
  5
5D0
330
17
100
AcDbEntity
  8
A-GLAZ
100
AcDbLine
 10
204108.0
 20
15974.6
 30
0.0
 11
204108.0
 21
15724.6
 31
0.0
  0
LINE
  5
5D1
330
17
100
AcDbEntity
  8
A-GLAZ
100
AcDbLine
 10
203092.0
 20
15974.6
 30
0.0
 11
203092.0
 21
15724.6
 31
0.0
  0
LINE
  5
5D2
330
17
100
AcDbEntity
  8
A-GLAZ
100
AcDbLine
 10
204108.0
 20
15891.266666666666
 30
0.0
 11
203092.0
 21
15891.266666666666
 31
0.0
  0
LINE
  5
5D3
330
17
100
AcDbEntity
  8
A-GLAZ
100
AcDbLine
 10
204108.0
 20
15849.6
 30
0.0
 11
203092.0
 21
15849.6
 31
0.0
  0
LINE
  5
5D4
330
17
100
AcDbEntity
  8
A-GLAZ
100
AcDbLine
 10
204108.0
 20
15807.933333333332
 30
0.0
 11
203092.0
 21
15807.933333333332
 31
0.0
  0
CIRCLE
  5
5D5
330
17
100
AcDbEntity
  8
A-TAG
100
AcDbCircle
 10
203600.0
 20
15274.6
 30
0.0
 40
190.0
  0
TEXT
  5
5D6
330
17
100
AcDbEntity
  8
A-TAG
100
AcDbText
 10
203600.0
 20
15274.6
 30
0.0
 40
150.0
  1
W1
 72
1
 11
203600.0
 21
15274.6
 31
0.0
100
AcDbText
 73
2
  0
LINE
  5
5D7
330
17
100
AcDbEntity
  8
A-GLAZ
100
AcDbLine
 10
208266.0
 20
15974.6
 30
0.0
 11
208266.0
 21
15724.6
 31
0.0
  0
LINE
  5
5D8
330
17
100
AcDbEntity
  8
A-GLAZ
100
AcDbLine
 10
207250.0
 20
15974.6
 30
0.0
 11
207250.0
 21
15724.6
 31
0.0
  0
LINE
  5
5D9
330
17
100
AcDbEntity
  8
A-GLAZ
100
AcDbLine
 10
208266.0
 20
15891.266666666666
 30
0.0
 11
207250.0
 21
15891.266666666666
 31
0.0
  0
LINE
  5
5DA
330
17
100
AcDbEntity
  8
A-GLAZ
100
AcDbLine
 10
208266.0
 20
15849.6
 30
0.0
 11
207250.0
 21
15849.6
 31
0.0
  0
LINE
  5
5DB
330
17
100
AcDbEntity
  8
A-GLAZ
100
AcDbLine
 10
208266.0
 20
15807.933333333332
 30
0.0
 11
207250.0
 21
15807.933333333332
 31
0.0
  0
CIRCLE
  5
5DC
330
17
100
AcDbEntity
  8
A-TAG
100
AcDbCircle
 10
207758.0
 20
15274.6
 30
0.0
 40
190.0
  0
TEXT
  5
5DD
330
17
100
AcDbEntity
  8
A-TAG
100
AcDbText
 10
207758.0
 20
15274.6
 30
0.0
 40
150.0
  1
W1
 72
1
 11
207758.0
 21
15274.6
 31
0.0
100
AcDbText
 73
2
  0
LINE
  5
5DE
330
17
100
AcDbEntity
  8
A-GLAZ
100
AcDbLine
 10
213171.6
 20
15974.6
 30
0.0
 11
213171.6
 21
15724.6
 31
0.0
  0
LINE
  5
5DF
330
17
100
AcDbEntity
  8
A-GLAZ
100
AcDbLine
 10
212155.6
 20
15974.6
 30
0.0
 11
212155.6
 21
15724.6
 31
0.0
  0
LINE
  5
5E0
330
17
100
AcDbEntity
  8
A-GLAZ
100
AcDbLine
 10
213171.6
 20
15891.266666666666
 30
0.0
 11
212155.6
 21
15891.266666666666
 31
0.0
  0
LINE
  5
5E1
330
17
100
AcDbEntity
  8
A-GLAZ
100
AcDbLine
 10
213171.6
 20
15849.6
 30
0.0
 11
212155.6
 21
15849.6
 31
0.0
  0
LINE
  5
5E2
330
17
100
AcDbEntity
  8
A-GLAZ
100
AcDbLine
 10
213171.6
 20
15807.933333333332
 30
0.0
 11
212155.6
 21
15807.933333333332
 31
0.0
  0
CIRCLE
  5
5E3
330
17
100
AcDbEntity
  8
A-TAG
100
AcDbCircle
 10
212663.6
 20
15274.6
 30
0.0
 40
190.0
  0
TEXT
  5
5E4
330
17
100
AcDbEntity
  8
A-TAG
100
AcDbText
 10
212663.6
 20
15274.6
 30
0.0
 40
150.0
  1
W1
 72
1
 11
212663.6
 21
15274.6
 31
0.0
100
AcDbText
 73
2
  0
LINE
  5
5E5
330
17
100
AcDbEntity
  8
A-GLAZ
100
AcDbLine
 10
220546.6
 20
1800.0
 30
0.0
 11
220296.6
 21
1800.0
 31
0.0
  0
LINE
  5
5E6
330
17
100
AcDbEntity
  8
A-GLAZ
100
AcDbLine
 10
220546.6
 20
2816.0
 30
0.0
 11
220296.6
 21
2816.0
 31
0.0
  0
LINE
  5
5E7
330
17
100
AcDbEntity
  8
A-GLAZ
100
AcDbLine
 10
220463.26666666666
 20
1800.0
 30
0.0
 11
220463.26666666666
 21
2816.0
 31
0.0
  0
LINE
  5
5E8
330
17
100
AcDbEntity
  8
A-GLAZ
100
AcDbLine
 10
220421.6
 20
1800.0
 30
0.0
 11
220421.6
 21
2816.0
 31
0.0
  0
LINE
  5
5E9
330
17
100
AcDbEntity
  8
A-GLAZ
100
AcDbLine
 10
220379.93333333335
 20
1800.0
 30
0.0
 11
220379.93333333335
 21
2816.0
 31
0.0
  0
CIRCLE
  5
5EA
330
17
100
AcDbEntity
  8
A-TAG
100
AcDbCircle
 10
219846.6
 20
2308.0
 30
0.0
 40
190.0
  0
TEXT
  5
5EB
330
17
100
AcDbEntity
  8
A-TAG
100
AcDbText
 10
219846.6
 20
2308.0
 30
0.0
 40
150.0
  1
W1
 72
1
 11
219846.6
 21
2308.0
 31
0.0
100
AcDbText
 73
2
  0
LINE
  5
5EC
330
17
100
AcDbEntity
  8
A-GLAZ
100
AcDbLine
 10
220546.6
 20
7300.0
 30
0.0
 11
220296.6
 21
7300.0
 31
0.0
  0
LINE
  5
5ED
330
17
100
AcDbEntity
  8
A-GLAZ
100
AcDbLine
 10
220546.6
 20
8316.0
 30
0.0
 11
220296.6
 21
8316.0
 31
0.0
  0
LINE
  5
5EE
330
17
100
AcDbEntity
  8
A-GLAZ
100
AcDbLine
 10
220463.26666666666
 20
7300.0
 30
0.0
 11
220463.26666666666
 21
8316.0
 31
0.0
  0
LINE
  5
5EF
330
17
100
AcDbEntity
  8
A-GLAZ
100
AcDbLine
 10
220421.6
 20
7300.0
 30
0.0
 11
220421.6
 21
8316.0
 31
0.0
  0
LINE
  5
5F0
330
17
100
AcDbEntity
  8
A-GLAZ
100
AcDbLine
 10
220379.93333333335
 20
7300.0
 30
0.0
 11
220379.93333333335
 21
8316.0
 31
0.0
  0
CIRCLE
  5
5F1
330
17
100
AcDbEntity
  8
A-TAG
100
AcDbCircle
 10
219846.6
 20
7808.0
 30
0.0
 40
190.0
  0
TEXT
  5
5F2
330
17
100
AcDbEntity
  8
A-TAG
100
AcDbText
 10
219846.6
 20
7808.0
 30
0.0
 40
150.0
  1
W1
 72
1
 11
219846.6
 21
7808.0
 31
0.0
100
AcDbText
 73
2
  0
LINE
  5
5F3
330
17
100
AcDbEntity
  8
A-GLAZ
100
AcDbLine
 10
219716.0
 20
15974.6
 30
0.0
 11
219716.0
 21
15724.6
 31
0.0
  0
LINE
  5
5F4
330
17
100
AcDbEntity
  8
A-GLAZ
100
AcDbLine
 10
218700.0
 20
15974.6
 30
0.0
 11
218700.0
 21
15724.6
 31
0.0
  0
LINE
  5
5F5
330
17
100
AcDbEntity
  8
A-GLAZ
100
AcDbLine
 10
219716.0
 20
15891.266666666666
 30
0.0
 11
218700.0
 21
15891.266666666666
 31
0.0
  0
LINE
  5
5F6
330
17
100
AcDbEntity
  8
A-GLAZ
100
AcDbLine
 10
219716.0
 20
15849.6
 30
0.0
 11
218700.0
 21
15849.6
 31
0.0
  0
LINE
  5
5F7
330
17
100
AcDbEntity
  8
A-GLAZ
100
AcDbLine
 10
219716.0
 20
15807.933333333332
 30
0.0
 11
218700.0
 21
15807.933333333332
 31
0.0
  0
CIRCLE
  5
5F8
330
17
100
AcDbEntity
  8
A-TAG
100
AcDbCircle
 10
219208.0
 20
15274.6
 30
0.0
 40
190.0
  0
TEXT
  5
5F9
330
17
100
AcDbEntity
  8
A-TAG
100
AcDbText
 10
219208.0
 20
15274.6
 30
0.0
 40
150.0
  1
W1
 72
1
 11
219208.0
 21
15274.6
 31
0.0
100
AcDbText
 73
2
  0
LINE
  5
5FA
330
17
100
AcDbEntity
  8
A-GLAZ
100
AcDbLine
 10
201500.0
 20
-125.0
 30
0.0
 11
201500.0
 21
125.0
 31
0.0
  0
LINE
  5
5FB
330
17
100
AcDbEntity
  8
A-GLAZ
100
AcDbLine
 10
203024.0
 20
-125.0
 30
0.0
 11
203024.0
 21
125.0
 31
0.0
  0
LINE
  5
5FC
330
17
100
AcDbEntity
  8
A-GLAZ
100
AcDbLine
 10
201500.0
 20
-41.666666666666664
 30
0.0
 11
203024.0
 21
-41.666666666666664
 31
0.0
  0
LINE
  5
5FD
330
17
100
AcDbEntity
  8
A-GLAZ
100
AcDbLine
 10
201500.0
 20
0.0
 30
0.0
 11
203024.0
 21
0.0
 31
0.0
  0
LINE
  5
5FE
330
17
100
AcDbEntity
  8
A-GLAZ
100
AcDbLine
 10
201500.0
 20
41.666666666666664
 30
0.0
 11
203024.0
 21
41.666666666666664
 31
0.0
  0
CIRCLE
  5
5FF
330
17
100
AcDbEntity
  8
A-TAG
100
AcDbCircle
 10
202262.0
 20
575.0
 30
0.0
 40
190.0
  0
TEXT
  5
600
330
17
100
AcDbEntity
  8
A-TAG
100
AcDbText
 10
202262.0
 20
575.0
 30
0.0
 40
150.0
  1
W2
 72
1
 11
202262.0
 21
575.0
 31
0.0
100
AcDbText
 73
2
  0
LINE
  5
601
330
17
100
AcDbEntity
  8
A-GLAZ
100
AcDbLine
 10
199875.0
 20
10820.0
 30
0.0
 11
200125.0
 21
10820.0
 31
0.0
  0
LINE
  5
602
330
17
100
AcDbEntity
  8
A-GLAZ
100
AcDbLine
 10
199875.0
 20
9296.0
 30
0.0
 11
200125.0
 21
9296.0
 31
0.0
  0
LINE
  5
603
330
17
100
AcDbEntity
  8
A-GLAZ
100
AcDbLine
 10
199958.33333333334
 20
10820.0
 30
0.0
 11
199958.33333333334
 21
9296.0
 31
0.0
  0
LINE
  5
604
330
17
100
AcDbEntity
  8
A-GLAZ
100
AcDbLine
 10
200000.0
 20
10820.0
 30
0.0
 11
200000.0
 21
9296.0
 31
0.0
  0
LINE
  5
605
330
17
100
AcDbEntity
  8
A-GLAZ
100
AcDbLine
 10
200041.66666666666
 20
10820.0
 30
0.0
 11
200041.66666666666
 21
9296.0
 31
0.0
  0
CIRCLE
  5
606
330
17
100
AcDbEntity
  8
A-TAG
100
AcDbCircle
 10
200575.0
 20
10058.0
 30
0.0
 40
190.0
  0
TEXT
  5
607
330
17
100
AcDbEntity
  8
A-TAG
100
AcDbText
 10
200575.0
 20
10058.0
 30
0.0
 40
150.0
  1
W2
 72
1
 11
200575.0
 21
10058.0
 31
0.0
100
AcDbText
 73
2
  0
LINE
  5
608
330
17
100
AcDbEntity
  8
A-GLAZ
100
AcDbLine
 10
206624.0
 20
15974.6
 30
0.0
 11
206624.0
 21
15724.6
 31
0.0
  0
LINE
  5
609
330
17
100
AcDbEntity
  8
A-GLAZ
100
AcDbLine
 10
205100.0
 20
15974.6
 30
0.0
 11
205100.0
 21
15724.6
 31
0.0
  0
LINE
  5
60A
330
17
100
AcDbEntity
  8
A-GLAZ
100
AcDbLine
 10
206624.0
 20
15891.266666666666
 30
0.0
 11
205100.0
 21
15891.266666666666
 31
0.0
  0
LINE
  5
60B
330
17
100
AcDbEntity
  8
A-GLAZ
100
AcDbLine
 10
206624.0
 20
15849.6
 30
0.0
 11
205100.0
 21
15849.6
 31
0.0
  0
LINE
  5
60C
330
17
100
AcDbEntity
  8
A-GLAZ
100
AcDbLine
 10
206624.0
 20
15807.933333333332
 30
0.0
 11
205100.0
 21
15807.933333333332
 31
0.0
  0
CIRCLE
  5
60D
330
17
100
AcDbEntity
  8
A-TAG
100
AcDbCircle
 10
205862.0
 20
15274.6
 30
0.0
 40
190.0
  0
TEXT
  5
60E
330
17
100
AcDbEntity
  8
A-TAG
100
AcDbText
 10
205862.0
 20
15274.6
 30
0.0
 40
150.0
  1
W2
 72
1
 11
205862.0
 21
15274.6
 31
0.0
100
AcDbText
 73
2
  0
LINE
  5
60F
330
17
100
AcDbEntity
  8
A-GLAZ
100
AcDbLine
 10
215321.6
 20
15974.6
 30
0.0
 11
215321.6
 21
15724.6
 31
0.0
  0
LINE
  5
610
330
17
100
AcDbEntity
  8
A-GLAZ
100
AcDbLine
 10
213797.6
 20
15974.6
 30
0.0
 11
213797.6
 21
15724.6
 31
0.0
  0
LINE
  5
611
330
17
100
AcDbEntity
  8
A-GLAZ
100
AcDbLine
 10
215321.6
 20
15891.266666666666
 30
0.0
 11
213797.6
 21
15891.266666666666
 31
0.0
  0
LINE
  5
612
330
17
100
AcDbEntity
  8
A-GLAZ
100
AcDbLine
 10
215321.6
 20
15849.6
 30
0.0
 11
213797.6
 21
15849.6
 31
0.0
  0
LINE
  5
613
330
17
100
AcDbEntity
  8
A-GLAZ
100
AcDbLine
 10
215321.6
 20
15807.933333333332
 30
0.0
 11
213797.6
 21
15807.933333333332
 31
0.0
  0
CIRCLE
  5
614
330
17
100
AcDbEntity
  8
A-TAG
100
AcDbCircle
 10
214559.6
 20
15274.6
 30
0.0
 40
190.0
  0
TEXT
  5
615
330
17
100
AcDbEntity
  8
A-TAG
100
AcDbText
 10
214559.6
 20
15274.6
 30
0.0
 40
150.0
  1
W2
 72
1
 11
214559.6
 21
15274.6
 31
0.0
100
AcDbText
 73
2
  0
LINE
  5
616
330
17
100
AcDbEntity
  8
A-GLAZ
100
AcDbLine
 10
220546.6
 20
9296.0
 30
0.0
 11
220296.6
 21
9296.0
 31
0.0
  0
LINE
  5
617
330
17
100
AcDbEntity
  8
A-GLAZ
100
AcDbLine
 10
220546.6
 20
10820.0
 30
0.0
 11
220296.6
 21
10820.0
 31
0.0
  0
LINE
  5
618
330
17
100
AcDbEntity
  8
A-GLAZ
100
AcDbLine
 10
220463.26666666666
 20
9296.0
 30
0.0
 11
220463.26666666666
 21
10820.0
 31
0.0
  0
LINE
  5
619
330
17
100
AcDbEntity
  8
A-GLAZ
100
AcDbLine
 10
220421.6
 20
9296.0
 30
0.0
 11
220421.6
 21
10820.0
 31
0.0
  0
LINE
  5
61A
330
17
100
AcDbEntity
  8
A-GLAZ
100
AcDbLine
 10
220379.93333333335
 20
9296.0
 30
0.0
 11
220379.93333333335
 21
10820.0
 31
0.0
  0
CIRCLE
  5
61B
330
17
100
AcDbEntity
  8
A-TAG
100
AcDbCircle
 10
219846.6
 20
10058.0
 30
0.0
 40
190.0
  0
TEXT
  5
61C
330
17
100
AcDbEntity
  8
A-TAG
100
AcDbText
 10
219846.6
 20
10058.0
 30
0.0
 40
150.0
  1
W2
 72
1
 11
219846.6
 21
10058.0
 31
0.0
100
AcDbText
 73
2
  0
LINE
  5
61D
330
17
100
AcDbEntity
  8
A-GLAZ
100
AcDbLine
 10
217824.0
 20
15974.6
 30
0.0
 11
217824.0
 21
15724.6
 31
0.0
  0
LINE
  5
61E
330
17
100
AcDbEntity
  8
A-GLAZ
100
AcDbLine
 10
216300.0
 20
15974.6
 30
0.0
 11
216300.0
 21
15724.6
 31
0.0
  0
LINE
  5
61F
330
17
100
AcDbEntity
  8
A-GLAZ
100
AcDbLine
 10
217824.0
 20
15891.266666666666
 30
0.0
 11
216300.0
 21
15891.266666666666
 31
0.0
  0
LINE
  5
620
330
17
100
AcDbEntity
  8
A-GLAZ
100
AcDbLine
 10
217824.0
 20
15849.6
 30
0.0
 11
216300.0
 21
15849.6
 31
0.0
  0
LINE
  5
621
330
17
100
AcDbEntity
  8
A-GLAZ
100
AcDbLine
 10
217824.0
 20
15807.933333333332
 30
0.0
 11
216300.0
 21
15807.933333333332
 31
0.0
  0
CIRCLE
  5
622
330
17
100
AcDbEntity
  8
A-TAG
100
AcDbCircle
 10
217062.0
 20
15274.6
 30
0.0
 40
190.0
  0
TEXT
  5
623
330
17
100
AcDbEntity
  8
A-TAG
100
AcDbText
 10
217062.0
 20
15274.6
 30
0.0
 40
150.0
  1
W2
 72
1
 11
217062.0
 21
15274.6
 31
0.0
100
AcDbText
 73
2
  0
LINE
  5
624
330
17
100
AcDbEntity
  8
A-HIDDEN
  6
DASHED
100
AcDbLine
 10
204509.5
 20
1676.4
 30
0.0
 11
204509.5
 21
3200.4
 31
0.0
  0
LINE
  5
625
330
17
100
AcDbEntity
  8
A-HIDDEN
  6
DASHED
100
AcDbLine
 10
204634.5
 20
1676.4
 30
0.0
 11
204634.5
 21
3200.4
 31
0.0
  0
LINE
  5
626
330
17
100
AcDbEntity
  8
A-HIDDEN
  6
DASHED
100
AcDbLine
 10
215787.1
 20
1676.4
 30
0.0
 11
215787.1
 21
3200.4
 31
0.0
  0
LINE
  5
627
330
17
100
AcDbEntity
  8
A-HIDDEN
  6
DASHED
100
AcDbLine
 10
215912.1
 20
1676.4
 30
0.0
 11
215912.1
 21
3200.4
 31
0.0
  0
LWPOLYLINE
  5
628
330
17
100
AcDbEntity
  8
A-COLS
100
AcDbPolyline
 90
4
 70
1
 10
199800.0
 20
-200.0
 10
200200.0
 20
-200.0
 10
200200.0
 20
200.0
 10
199800.0
 20
200.0
  0
HATCH
  5
629
330
17
100
AcDbEntity
  8
A-COLS-HATCH
 62
7
100
AcDbHatch
 10
0.0
 20
0.0
 30
0.0
210
0.0
220
0.0
230
1.0
  2
SOLID
 70
1
 71
0
 91
1
 92
3
 72
0
 73
1
 93
4
 10
199800.0
 20
-200.0
 10
200200.0
 20
-200.0
 10
200200.0
 20
200.0
 10
199800.0
 20
200.0
 97
0
 75
1
 76
1
 98
0
  0
LWPOLYLINE
  5
62A
330
17
100
AcDbEntity
  8
A-COLS
100
AcDbPolyline
 90
4
 70
1
 10
204422.0
 20
-300.0
 10
204722.0
 20
-300.0
 10
204722.0
 20
300.0
 10
204422.0
 20
300.0
  0
HATCH
  5
62B
330
17
100
AcDbEntity
  8
A-COLS-HATCH
 62
7
100
AcDbHatch
 10
0.0
 20
0.0
 30
0.0
210
0.0
220
0.0
230
1.0
  2
SOLID
 70
1
 71
0
 91
1
 92
3
 72
0
 73
1
 93
4
 10
204422.0
 20
-300.0
 10
204722.0
 20
-300.0
 10
204722.0
 20
300.0
 10
204422.0
 20
300.0
 97
0
 75
1
 76
1
 98
0
  0
LWPOLYLINE
  5
62C
330
17
100
AcDbEntity
  8
A-COLS
100
AcDbPolyline
 90
4
 70
1
 10
208689.2
 20
-300.0
 10
208989.2
 20
-300.0
 10
208989.2
 20
300.0
 10
208689.2
 20
300.0
  0
HATCH
  5
62D
330
17
100
AcDbEntity
  8
A-COLS-HATCH
 62
7
100
AcDbHatch
 10
0.0
 20
0.0
 30
0.0
210
0.0
220
0.0
230
1.0
  2
SOLID
 70
1
 71
0
 91
1
 92
3
 72
0
 73
1
 93
4
 10
208689.2
 20
-300.0
 10
208989.2
 20
-300.0
 10
208989.2
 20
300.0
 10
208689.2
 20
300.0
 97
0
 75
1
 76
1
 98
0
  0
LWPOLYLINE
  5
62E
330
17
100
AcDbEntity
  8
A-COLS
100
AcDbPolyline
 90
4
 70
1
 10
211432.4
 20
-300.0
 10
211732.4
 20
-300.0
 10
211732.4
 20
300.0
 10
211432.4
 20
300.0
  0
HATCH
  5
62F
330
17
100
AcDbEntity
  8
A-COLS-HATCH
 62
7
100
AcDbHatch
 10
0.0
 20
0.0
 30
0.0
210
0.0
220
0.0
230
1.0
  2
SOLID
 70
1
 71
0
 91
1
 92
3
 72
0
 73
1
 93
4
 10
211432.4
 20
-300.0
 10
211732.4
 20
-300.0
 10
211732.4
 20
300.0
 10
211432.4
 20
300.0
 97
0
 75
1
 76
1
 98
0
  0
LWPOLYLINE
  5
630
330
17
100
AcDbEntity
  8
A-COLS
100
AcDbPolyline
 90
4
 70
1
 10
215699.6
 20
-300.0
 10
215999.6
 20
-300.0
 10
215999.6
 20
300.0
 10
215699.6
 20
300.0
  0
HATCH
  5
631
330
17
100
AcDbEntity
  8
A-COLS-HATCH
 62
7
100
AcDbHatch
 10
0.0
 20
0.0
 30
0.0
210
0.0
220
0.0
230
1.0
  2
SOLID
 70
1
 71
0
 91
1
 92
3
 72
0
 73
1
 93
4
 10
215699.6
 20
-300.0
 10
215999.6
 20
-300.0
 10
215999.6
 20
300.0
 10
215699.6
 20
300.0
 97
0
 75
1
 76
1
 98
0
  0
LWPOLYLINE
  5
632
330
17
100
AcDbEntity
  8
A-COLS
100
AcDbPolyline
 90
4
 70
1
 10
220221.6
 20
-200.0
 10
220621.6
 20
-200.0
 10
220621.6
 20
200.0
 10
220221.6
 20
200.0
  0
HATCH
  5
633
330
17
100
AcDbEntity
  8
A-COLS-HATCH
 62
7
100
AcDbHatch
 10
0.0
 20
0.0
 30
0.0
210
0.0
220
0.0
230
1.0
  2
SOLID
 70
1
 71
0
 91
1
 92
3
 72
0
 73
1
 93
4
 10
220221.6
 20
-200.0
 10
220621.6
 20
-200.0
 10
220621.6
 20
200.0
 10
220221.6
 20
200.0
 97
0
 75
1
 76
1
 98
0
  0
LWPOLYLINE
  5
634
330
17
100
AcDbEntity
  8
A-COLS
100
AcDbPolyline
 90
4
 70
1
 10
199750.0
 20
4726.8
 10
200250.0
 20
4726.8
 10
200250.0
 20
5026.8
 10
199750.0
 20
5026.8
  0
HATCH
  5
635
330
17
100
AcDbEntity
  8
A-COLS-HATCH
 62
7
100
AcDbHatch
 10
0.0
 20
0.0
 30
0.0
210
0.0
220
0.0
230
1.0
  2
SOLID
 70
1
 71
0
 91
1
 92
3
 72
0
 73
1
 93
4
 10
199750.0
 20
4726.8
 10
200250.0
 20
4726.8
 10
200250.0
 20
5026.8
 10
199750.0
 20
5026.8
 97
0
 75
1
 76
1
 98
0
  0
LWPOLYLINE
  5
636
330
17
100
AcDbEntity
  8
A-COLS
100
AcDbPolyline
 90
4
 70
1
 10
204347.0
 20
4576.8
 10
204797.0
 20
4576.8
 10
204797.0
 20
5176.8
 10
204347.0
 20
5176.8
  0
HATCH
  5
637
330
17
100
AcDbEntity
  8
A-COLS-HATCH
 62
7
100
AcDbHatch
 10
0.0
 20
0.0
 30
0.0
210
0.0
220
0.0
230
1.0
  2
SOLID
 70
1
 71
0
 91
1
 92
3
 72
0
 73
1
 93
4
 10
204347.0
 20
4576.8
 10
204797.0
 20
4576.8
 10
204797.0
 20
5176.8
 10
204347.0
 20
5176.8
 97
0
 75
1
 76
1
 98
0
  0
LWPOLYLINE
  5
638
330
17
100
AcDbEntity
  8
A-COLS
100
AcDbPolyline
 90
4
 70
1
 10
208614.2
 20
4576.8
 10
209064.2
 20
4576.8
 10
209064.2
 20
5176.8
 10
208614.2
 20
5176.8
  0
HATCH
  5
639
330
17
100
AcDbEntity
  8
A-COLS-HATCH
 62
7
100
AcDbHatch
 10
0.0
 20
0.0
 30
0.0
210
0.0
220
0.0
230
1.0
  2
SOLID
 70
1
 71
0
 91
1
 92
3
 72
0
 73
1
 93
4
 10
208614.2
 20
4576.8
 10
209064.2
 20
4576.8
 10
209064.2
 20
5176.8
 10
208614.2
 20
5176.8
 97
0
 75
1
 76
1
 98
0
  0
LWPOLYLINE
  5
63A
330
17
100
AcDbEntity
  8
A-COLS
100
AcDbPolyline
 90
4
 70
1
 10
211432.4
 20
4651.8
 10
211732.4
 20
4651.8
 10
211732.4
 20
5101.8
 10
211432.4
 20
5101.8
  0
HATCH
  5
63B
330
17
100
AcDbEntity
  8
A-COLS-HATCH
 62
7
100
AcDbHatch
 10
0.0
 20
0.0
 30
0.0
210
0.0
220
0.0
230
1.0
  2
SOLID
 70
1
 71
0
 91
1
 92
3
 72
0
 73
1
 93
4
 10
211432.4
 20
4651.8
 10
211732.4
 20
4651.8
 10
211732.4
 20
5101.8
 10
211432.4
 20
5101.8
 97
0
 75
1
 76
1
 98
0
  0
LWPOLYLINE
  5
63C
330
17
100
AcDbEntity
  8
A-COLS
100
AcDbPolyline
 90
4
 70
1
 10
215624.6
 20
4576.8
 10
216074.6
 20
4576.8
 10
216074.6
 20
5176.8
 10
215624.6
 20
5176.8
  0
HATCH
  5
63D
330
17
100
AcDbEntity
  8
A-COLS-HATCH
 62
7
100
AcDbHatch
 10
0.0
 20
0.0
 30
0.0
210
0.0
220
0.0
230
1.0
  2
SOLID
 70
1
 71
0
 91
1
 92
3
 72
0
 73
1
 93
4
 10
215624.6
 20
4576.8
 10
216074.6
 20
4576.8
 10
216074.6
 20
5176.8
 10
215624.6
 20
5176.8
 97
0
 75
1
 76
1
 98
0
  0
LWPOLYLINE
  5
63E
330
17
100
AcDbEntity
  8
A-COLS
100
AcDbPolyline
 90
4
 70
1
 10
220171.6
 20
4726.8
 10
220671.6
 20
4726.8
 10
220671.6
 20
5026.8
 10
220171.6
 20
5026.8
  0
HATCH
  5
63F
330
17
100
AcDbEntity
  8
A-COLS-HATCH
 62
7
100
AcDbHatch
 10
0.0
 20
0.0
 30
0.0
210
0.0
220
0.0
230
1.0
  2
SOLID
 70
1
 71
0
 91
1
 92
3
 72
0
 73
1
 93
4
 10
220171.6
 20
4726.8
 10
220671.6
 20
4726.8
 10
220671.6
 20
5026.8
 10
220171.6
 20
5026.8
 97
0
 75
1
 76
1
 98
0
  0
LWPOLYLINE
  5
640
330
17
100
AcDbEntity
  8
A-COLS
100
AcDbPolyline
 90
4
 70
1
 10
199750.0
 20
8689.2
 10
200250.0
 20
8689.2
 10
200250.0
 20
8989.2
 10
199750.0
 20
8989.2
  0
HATCH
  5
641
330
17
100
AcDbEntity
  8
A-COLS-HATCH
 62
7
100
AcDbHatch
 10
0.0
 20
0.0
 30
0.0
210
0.0
220
0.0
230
1.0
  2
SOLID
 70
1
 71
0
 91
1
 92
3
 72
0
 73
1
 93
4
 10
199750.0
 20
8689.2
 10
200250.0
 20
8689.2
 10
200250.0
 20
8989.2
 10
199750.0
 20
8989.2
 97
0
 75
1
 76
1
 98
0
  0
LWPOLYLINE
  5
642
330
17
100
AcDbEntity
  8
A-COLS
100
AcDbPolyline
 90
4
 70
1
 10
204347.0
 20
8539.2
 10
204797.0
 20
8539.2
 10
204797.0
 20
9139.2
 10
204347.0
 20
9139.2
  0
HATCH
  5
643
330
17
100
AcDbEntity
  8
A-COLS-HATCH
 62
7
100
AcDbHatch
 10
0.0
 20
0.0
 30
0.0
210
0.0
220
0.0
230
1.0
  2
SOLID
 70
1
 71
0
 91
1
 92
3
 72
0
 73
1
 93
4
 10
204347.0
 20
8539.2
 10
204797.0
 20
8539.2
 10
204797.0
 20
9139.2
 10
204347.0
 20
9139.2
 97
0
 75
1
 76
1
 98
0
  0
LWPOLYLINE
  5
644
330
17
100
AcDbEntity
  8
A-COLS
100
AcDbPolyline
 90
4
 70
1
 10
215624.6
 20
8539.2
 10
216074.6
 20
8539.2
 10
216074.6
 20
9139.2
 10
215624.6
 20
9139.2
  0
HATCH
  5
645
330
17
100
AcDbEntity
  8
A-COLS-HATCH
 62
7
100
AcDbHatch
 10
0.0
 20
0.0
 30
0.0
210
0.0
220
0.0
230
1.0
  2
SOLID
 70
1
 71
0
 91
1
 92
3
 72
0
 73
1
 93
4
 10
215624.6
 20
8539.2
 10
216074.6
 20
8539.2
 10
216074.6
 20
9139.2
 10
215624.6
 20
9139.2
 97
0
 75
1
 76
1
 98
0
  0
LWPOLYLINE
  5
646
330
17
100
AcDbEntity
  8
A-COLS
100
AcDbPolyline
 90
4
 70
1
 10
220171.6
 20
8689.2
 10
220671.6
 20
8689.2
 10
220671.6
 20
8989.2
 10
220171.6
 20
8989.2
  0
HATCH
  5
647
330
17
100
AcDbEntity
  8
A-COLS-HATCH
 62
7
100
AcDbHatch
 10
0.0
 20
0.0
 30
0.0
210
0.0
220
0.0
230
1.0
  2
SOLID
 70
1
 71
0
 91
1
 92
3
 72
0
 73
1
 93
4
 10
220171.6
 20
8689.2
 10
220671.6
 20
8689.2
 10
220671.6
 20
8989.2
 10
220171.6
 20
8989.2
 97
0
 75
1
 76
1
 98
0
  0
LWPOLYLINE
  5
648
330
17
100
AcDbEntity
  8
A-COLS
100
AcDbPolyline
 90
4
 70
1
 10
201513.0213562373
 20
13983.025253169417
 10
201866.5747468306
 20
14336.57864376269
 10
201654.4427124746
 20
14548.710678118654
 10
201300.88932188135
 20
14195.15728752538
  0
HATCH
  5
649
330
17
100
AcDbEntity
  8
A-COLS-HATCH
 62
7
100
AcDbHatch
 10
0.0
 20
0.0
 30
0.0
210
0.0
220
0.0
230
1.0
  2
SOLID
 70
1
 71
0
 91
1
 92
3
 72
0
 73
1
 93
4
 10
201513.0213562373
 20
13983.025253169417
 10
201866.5747468306
 20
14336.57864376269
 10
201654.4427124746
 20
14548.710678118654
 10
201300.88932188135
 20
14195.15728752538
 97
0
 75
1
 76
1
 98
0
  0
LWPOLYLINE
  5
64A
330
17
100
AcDbEntity
  8
A-COLS
100
AcDbPolyline
 90
4
 70
1
 10
199750.0
 20
11127.6
 10
200250.0
 20
11127.6
 10
200250.0
 20
11427.6
 10
199750.0
 20
11427.6
  0
HATCH
  5
64B
330
17
100
AcDbEntity
  8
A-COLS-HATCH
 62
7
100
AcDbHatch
 10
0.0
 20
0.0
 30
0.0
210
0.0
220
0.0
230
1.0
  2
SOLID
 70
1
 71
0
 91
1
 92
3
 72
0
 73
1
 93
4
 10
199750.0
 20
11127.6
 10
200250.0
 20
11127.6
 10
200250.0
 20
11427.6
 10
199750.0
 20
11427.6
 97
0
 75
1
 76
1
 98
0
  0
LWPOLYLINE
  5
64C
330
17
100
AcDbEntity
  8
A-COLS
100
AcDbPolyline
 90
4
 70
1
 10
204347.0
 20
10977.6
 10
204797.0
 20
10977.6
 10
204797.0
 20
11577.6
 10
204347.0
 20
11577.6
  0
HATCH
  5
64D
330
17
100
AcDbEntity
  8
A-COLS-HATCH
 62
7
100
AcDbHatch
 10
0.0
 20
0.0
 30
0.0
210
0.0
220
0.0
230
1.0
  2
SOLID
 70
1
 71
0
 91
1
 92
3
 72
0
 73
1
 93
4
 10
204347.0
 20
10977.6
 10
204797.0
 20
10977.6
 10
204797.0
 20
11577.6
 10
204347.0
 20
11577.6
 97
0
 75
1
 76
1
 98
0
  0
LWPOLYLINE
  5
64E
330
17
100
AcDbEntity
  8
A-COLS
100
AcDbPolyline
 90
4
 70
1
 10
215624.6
 20
10977.6
 10
216074.6
 20
10977.6
 10
216074.6
 20
11577.6
 10
215624.6
 20
11577.6
  0
HATCH
  5
64F
330
17
100
AcDbEntity
  8
A-COLS-HATCH
 62
7
100
AcDbHatch
 10
0.0
 20
0.0
 30
0.0
210
0.0
220
0.0
230
1.0
  2
SOLID
 70
1
 71
0
 91
1
 92
3
 72
0
 73
1
 93
4
 10
215624.6
 20
10977.6
 10
216074.6
 20
10977.6
 10
216074.6
 20
11577.6
 10
215624.6
 20
11577.6
 97
0
 75
1
 76
1
 98
0
  0
LWPOLYLINE
  5
650
330
17
100
AcDbEntity
  8
A-COLS
100
AcDbPolyline
 90
4
 70
1
 10
220171.6
 20
11127.6
 10
220671.6
 20
11127.6
 10
220671.6
 20
11427.6
 10
220171.6
 20
11427.6
  0
HATCH
  5
651
330
17
100
AcDbEntity
  8
A-COLS-HATCH
 62
7
100
AcDbHatch
 10
0.0
 20
0.0
 30
0.0
210
0.0
220
0.0
230
1.0
  2
SOLID
 70
1
 71
0
 91
1
 92
3
 72
0
 73
1
 93
4
 10
220171.6
 20
11127.6
 10
220671.6
 20
11127.6
 10
220671.6
 20
11427.6
 10
220171.6
 20
11427.6
 97
0
 75
1
 76
1
 98
0
  0
LWPOLYLINE
  5
652
330
17
100
AcDbEntity
  8
A-COLS
100
AcDbPolyline
 90
4
 70
1
 10
204422.0
 20
15549.6
 10
204722.0
 20
15549.6
 10
204722.0
 20
16149.6
 10
204422.0
 20
16149.6
  0
HATCH
  5
653
330
17
100
AcDbEntity
  8
A-COLS-HATCH
 62
7
100
AcDbHatch
 10
0.0
 20
0.0
 30
0.0
210
0.0
220
0.0
230
1.0
  2
SOLID
 70
1
 71
0
 91
1
 92
3
 72
0
 73
1
 93
4
 10
204422.0
 20
15549.6
 10
204722.0
 20
15549.6
 10
204722.0
 20
16149.6
 10
204422.0
 20
16149.6
 97
0
 75
1
 76
1
 98
0
  0
LWPOLYLINE
  5
654
330
17
100
AcDbEntity
  8
A-COLS
100
AcDbPolyline
 90
4
 70
1
 10
208689.2
 20
15549.6
 10
208989.2
 20
15549.6
 10
208989.2
 20
16149.6
 10
208689.2
 20
16149.6
  0
HATCH
  5
655
330
17
100
AcDbEntity
  8
A-COLS-HATCH
 62
7
100
AcDbHatch
 10
0.0
 20
0.0
 30
0.0
210
0.0
220
0.0
230
1.0
  2
SOLID
 70
1
 71
0
 91
1
 92
3
 72
0
 73
1
 93
4
 10
208689.2
 20
15549.6
 10
208989.2
 20
15549.6
 10
208989.2
 20
16149.6
 10
208689.2
 20
16149.6
 97
0
 75
1
 76
1
 98
0
  0
LWPOLYLINE
  5
656
330
17
100
AcDbEntity
  8
A-COLS
100
AcDbPolyline
 90
4
 70
1
 10
211432.4
 20
15549.6
 10
211732.4
 20
15549.6
 10
211732.4
 20
16149.6
 10
211432.4
 20
16149.6
  0
HATCH
  5
657
330
17
100
AcDbEntity
  8
A-COLS-HATCH
 62
7
100
AcDbHatch
 10
0.0
 20
0.0
 30
0.0
210
0.0
220
0.0
230
1.0
  2
SOLID
 70
1
 71
0
 91
1
 92
3
 72
0
 73
1
 93
4
 10
211432.4
 20
15549.6
 10
211732.4
 20
15549.6
 10
211732.4
 20
16149.6
 10
211432.4
 20
16149.6
 97
0
 75
1
 76
1
 98
0
  0
LWPOLYLINE
  5
658
330
17
100
AcDbEntity
  8
A-COLS
100
AcDbPolyline
 90
4
 70
1
 10
215699.6
 20
15549.6
 10
215999.6
 20
15549.6
 10
215999.6
 20
16149.6
 10
215699.6
 20
16149.6
  0
HATCH
  5
659
330
17
100
AcDbEntity
  8
A-COLS-HATCH
 62
7
100
AcDbHatch
 10
0.0
 20
0.0
 30
0.0
210
0.0
220
0.0
230
1.0
  2
SOLID
 70
1
 71
0
 91
1
 92
3
 72
0
 73
1
 93
4
 10
215699.6
 20
15549.6
 10
215999.6
 20
15549.6
 10
215999.6
 20
16149.6
 10
215699.6
 20
16149.6
 97
0
 75
1
 76
1
 98
0
  0
LWPOLYLINE
  5
65A
330
17
100
AcDbEntity
  8
A-COLS
100
AcDbPolyline
 90
4
 70
1
 10
220221.6
 20
15649.6
 10
220621.6
 20
15649.6
 10
220621.6
 20
16049.6
 10
220221.6
 20
16049.6
  0
HATCH
  5
65B
330
17
100
AcDbEntity
  8
A-COLS-HATCH
 62
7
100
AcDbHatch
 10
0.0
 20
0.0
 30
0.0
210
0.0
220
0.0
230
1.0
  2
SOLID
 70
1
 71
0
 91
1
 92
3
 72
0
 73
1
 93
4
 10
220221.6
 20
15649.6
 10
220621.6
 20
15649.6
 10
220621.6
 20
16049.6
 10
220221.6
 20
16049.6
 97
0
 75
1
 76
1
 98
0
  0
LWPOLYLINE
  5
65C
330
17
100
AcDbEntity
  8
A-RCC
100
AcDbPolyline
 90
4
 70
1
 10
208714.2
 20
8839.2
 10
208964.2
 20
8839.2
 10
208964.2
 20
11402.6
 10
208714.2
 20
11402.6
  0
HATCH
  5
65D
330
17
100
AcDbEntity
  8
A-RCC-HATCH
 62
7
100
AcDbHatch
 10
0.0
 20
0.0
 30
0.0
210
0.0
220
0.0
230
1.0
  2
ANSI31
 70
0
 71
0
 91
1
 92
3
 72
0
 73
1
 93
4
 10
208714.2
 20
8839.2
 10
208964.2
 20
8839.2
 10
208964.2
 20
11402.6
 10
208714.2
 20
11402.6
 97
0
 75
1
 76
1
 52
0.0
 41
20.0
 77
0
 78
1
 53
45.0
 43
0.0
 44
0.0
 45
-44.901280606
 46
44.901280606
 79
0
 98
0
  0
LWPOLYLINE
  5
65E
330
17
100
AcDbEntity
  8
A-RCC
100
AcDbPolyline
 90
4
 70
1
 10
211457.4
 20
8839.2
 10
211707.4
 20
8839.2
 10
211707.4
 20
11402.6
 10
211457.4
 20
11402.6
  0
HATCH
  5
65F
330
17
100
AcDbEntity
  8
A-RCC-HATCH
 62
7
100
AcDbHatch
 10
0.0
 20
0.0
 30
0.0
210
0.0
220
0.0
230
1.0
  2
ANSI31
 70
0
 71
0
 91
1
 92
3
 72
0
 73
1
 93
4
 10
211457.4
 20
8839.2
 10
211707.4
 20
8839.2
 10
211707.4
 20
11402.6
 10
211457.4
 20
11402.6
 97
0
 75
1
 76
1
 52
0.0
 41
20.0
 77
0
 78
1
 53
45.0
 43
0.0
 44
0.0
 45
-44.901280606
 46
44.901280606
 79
0
 98
0
  0
LWPOLYLINE
  5
660
330
17
100
AcDbEntity
  8
A-RCC
100
AcDbPolyline
 90
4
 70
1
 10
208964.2
 20
11152.6
 10
211457.4
 20
11152.6
 10
211457.4
 20
11402.6
 10
208964.2
 20
11402.6
  0
HATCH
  5
661
330
17
100
AcDbEntity
  8
A-RCC-HATCH
 62
7
100
AcDbHatch
 10
0.0
 20
0.0
 30
0.0
210
0.0
220
0.0
230
1.0
  2
ANSI31
 70
0
 71
0
 91
1
 92
3
 72
0
 73
1
 93
4
 10
208964.2
 20
11152.6
 10
211457.4
 20
11152.6
 10
211457.4
 20
11402.6
 10
208964.2
 20
11402.6
 97
0
 75
1
 76
1
 52
0.0
 41
20.0
 77
0
 78
1
 53
45.0
 43
0.0
 44
0.0
 45
-44.901280606
 46
44.901280606
 79
0
 98
0
  0
LWPOLYLINE
  5
662
330
17
100
AcDbEntity
  8
A-LOW-WALL
100
AcDbPolyline
 90
4
 70
1
 10
204572.0
 20
-1524.0
 10
204648.2
 20
-1524.0
 10
204648.2
 20
-125.0
 10
204572.0
 20
-125.0
  0
LWPOLYLINE
  5
663
330
17
100
AcDbEntity
  8
A-LOW-WALL
100
AcDbPolyline
 90
4
 70
1
 10
204572.0
 20
-1524.0
 10
219022.6
 20
-1524.0
 10
219022.6
 20
-1447.8
 10
204572.0
 20
-1447.8
  0
ARC
  5
664
330
17
100
AcDbEntity
  8
A-LOW-WALL
100
AcDbCircle
 10
219022.6
 20
0.0
 30
0.0
 40
1447.8
100
AcDbArc
 50
270.0
 51
355.04703670900153
  0
ARC
  5
665
330
17
100
AcDbEntity
  8
A-LOW-WALL
100
AcDbCircle
 10
219022.6
 20
0.0
 30
0.0
 40
1524.0
100
AcDbArc
 50
270.0
 51
355.29525778070274
  0
LWPOLYLINE
  5
666
330
17
100
AcDbEntity
  8
A-LOW-WALL
100
AcDbPolyline
 90
4
 70
1
 10
210148.3
 20
-1447.8
 10
210273.3
 20
-1447.8
 10
210273.3
 20
-125.0
 10
210148.3
 20
-125.0
  0
MTEXT
  5
667
330
17
100
AcDbEntity
  8
A-ROOM-NAME
100
AcDbMText
 10
213061.6
 20
13560.0
 30
0.0
 40
180.0
 71
5
  1
BED-01\P17'-11" x 14'-5"
  0
MTEXT
  5
668
330
17
100
AcDbEntity
  8
A-ROOM-NAME
100
AcDbMText
 10
217021.6
 20
14500.0
 30
0.0
 40
180.0
 71
5
  1
BED-02\P14'-5" x 7'-3"
  0
MTEXT
  5
669
330
17
100
AcDbEntity
  8
A-ROOM-NAME
100
AcDbMText
 10
215370.0
 20
12100.0
 30
0.0
 40
180.0
 71
5
  1
DUCT
  0
MTEXT
  5
66A
330
17
100
AcDbEntity
  8
A-ROOM-NAME
100
AcDbMText
 10
218121.6
 20
9200.0
 30
0.0
 40
180.0
 71
5
  1
F.LIVING\P14'-5" x 27'-9"
  0
MTEXT
  5
66B
330
17
100
AcDbEntity
  8
A-ROOM-NAME
100
AcDbMText
 10
212621.6
 20
5800.0
 30
0.0
 40
180.0
 71
5
  1
KITCHEN\P17'-8" x 5'-8"
  0
MTEXT
  5
66C
330
17
100
AcDbEntity
  8
A-ROOM-NAME
100
AcDbMText
 10
213061.6
 20
2440.0
 30
0.0
 40
180.0
 71
5
  1
LIVING\P17'-11" x 15'-5"
  0
MTEXT
  5
66D
330
17
100
AcDbEntity
  8
A-ROOM-NAME
100
AcDbMText
 10
218121.6
 20
2440.0
 30
0.0
 40
180.0
 71
5
  1
DINING\P14'-5" x 15'-5"
  0
MTEXT
  5
66E
330
17
100
AcDbEntity
  8
A-ROOM-NAME
100
AcDbMText
 10
220121.6
 20
6000.0
 30
0.0
 40
180.0
 71
5
  1
SHAFT
  0
MTEXT
  5
66F
330
17
100
AcDbEntity
  8
A-ROOM-NAME
100
AcDbMText
 10
220121.6
 20
12400.0
 30
0.0
 40
180.0
 71
5
  1
SHAFT
  0
MTEXT
  5
670
330
17
100
AcDbEntity
  8
A-ROOM-NAME
100
AcDbMText
 10
213700.0
 20
10060.0
 30
0.0
 40
180.0
 71
5
  1
STUDY\P13'-5" x 7'-5"
  0
MTEXT
  5
671
330
17
100
AcDbEntity
  8
A-ROOM-NAME
100
AcDbMText
 10
218601.6
 20
6240.0
 30
0.0
 40
180.0
 71
5
  1
TOILET-03\P8'-0" x 5'-0"
  0
MTEXT
  5
672
330
17
100
AcDbEntity
  8
A-ROOM-NAME
100
AcDbMText
 10
218601.6
 20
12640.0
 30
0.0
 40
180.0
 71
5
  1
TOILET-04\P8'-0" x 5'-0"
  0
MTEXT
  5
673
330
17
100
AcDbEntity
  8
A-ROOM-NAME
100
AcDbMText
 10
213021.6
 20
-790.0
 30
0.0
 40
180.0
 71
5
  1
VERANDAH\P33'-5" x 4'-4"
  0
MTEXT
  5
674
330
17
100
AcDbEntity
  8
A-ROOM-NAME
100
AcDbMText
 10
210210.8
 20
10060.0
 30
0.0
 40
180.0
 71
5
  1
LIFT
  0
MTEXT
  5
675
330
17
100
AcDbEntity
  8
A-ROOM-NAME
100
AcDbMText
 10
210210.8
 20
7820.0
 30
0.0
 40
180.0
 71
5
  1
LIFT LOBBY\P36'-2" x 6'-3"
  0
MTEXT
  5
676
330
17
100
AcDbEntity
  8
A-ROOM-NAME
100
AcDbMText
 10
206700.0
 20
10060.0
 30
0.0
 40
180.0
 71
5
  1
STAIR
  0
MTEXT
  5
677
330
17
100
AcDbEntity
  8
A-ROOM-NAME
100
AcDbMText
 10
207360.0
 20
13560.0
 30
0.0
 40
180.0
 71
5
  1
BED-01\P18'-0" x 14'-0"
  0
MTEXT
  5
678
330
17
100
AcDbEntity
  8
A-ROOM-NAME
100
AcDbMText
 10
203400.0
 20
14500.0
 30
0.0
 40
180.0
 71
5
  1
BED-02\P12'-10" x 7'-3"
  0
MTEXT
  5
679
330
17
100
AcDbEntity
  8
A-ROOM-NAME
100
AcDbMText
 10
205170.0
 20
5700.0
 30
0.0
 40
180.0
 71
5
  1
DUCT
  0
MTEXT
  5
67A
330
17
100
AcDbEntity
  8
A-ROOM-NAME
100
AcDbMText
 10
202300.0
 20
9200.0
 30
0.0
 40
180.0
 71
5
  1
F.LIVING\P14'-5" x 27'-9"
  0
MTEXT
  5
67B
330
17
100
AcDbEntity
  8
A-ROOM-NAME
100
AcDbMText
 10
207800.0
 20
5800.0
 30
0.0
 40
180.0
 71
5
  1
KITCHEN\P17'-8" x 5'-8"
  0
MTEXT
  5
67C
330
17
100
AcDbEntity
  8
A-ROOM-NAME
100
AcDbMText
 10
207360.0
 20
2440.0
 30
0.0
 40
180.0
 71
5
  1
LIVING\P17'-11" x 15'-5"
  0
MTEXT
  5
67D
330
17
100
AcDbEntity
  8
A-ROOM-NAME
100
AcDbMText
 10
202300.0
 20
2440.0
 30
0.0
 40
180.0
 71
5
  1
DINING\P14'-5" x 15'-5"
  0
MTEXT
  5
67E
330
17
100
AcDbEntity
  8
A-ROOM-NAME
100
AcDbMText
 10
200300.0
 20
6000.0
 30
0.0
 40
180.0
 71
5
  1
SHAFT
  0
MTEXT
  5
67F
330
17
100
AcDbEntity
  8
A-ROOM-NAME
100
AcDbMText
 10
200300.0
 20
12400.0
 30
0.0
 40
180.0
 71
5
  1
SHAFT
  0
MTEXT
  5
680
330
17
100
AcDbEntity
  8
A-ROOM-NAME
100
AcDbMText
 10
201820.0
 20
6240.0
 30
0.0
 40
180.0
 71
5
  1
TOILET-01\P8'-0" x 5'-0"
  0
MTEXT
  5
681
330
17
100
AcDbEntity
  8
A-ROOM-NAME
100
AcDbMText
 10
203872.0
 20
12890.0
 30
0.0
 40
180.0
 71
5
  1
TOILET-02\P8'-0" x 5'-0"
  0
LEADER
  5
682
330
17
100
AcDbEntity
  8
A-ROOM-NAME
100
AcDbLeader
  3
EZDXF
 73
3
 76
2
 10
203272.0
 20
12890.0
 30
0.0
 10
201820.0
 20
12640.0
 30
0.0
  0
MTEXT
  5
683
330
17
100
AcDbEntity
  8
A-ROOM-NAME
100
AcDbMText
 10
207400.0
 20
-790.0
 30
0.0
 40
180.0
 71
5
  1
VERANDAH\P18'-1" x 4'-4"
  0
INSERT
  5
684
330
17
100
AcDbEntity
  8
A-FURN
100
AcDbBlockReference
  2
FURN-BED
 10
207400.0
 20
14200.0
 30
0.0
  0
INSERT
  5
686
330
17
100
AcDbEntity
  8
A-FURN
100
AcDbBlockReference
  2
FURN-BED
 10
213021.6
 20
14200.0
 30
0.0
 41
-1.0
  0
INSERT
  5
688
330
17
100
AcDbEntity
  8
A-FURN
100
AcDbBlockReference
  2
FURN-SOFA
 10
207400.0
 20
900.0
 30
0.0
  0
INSERT
  5
68A
330
17
100
AcDbEntity
  8
A-FURN
100
AcDbBlockReference
  2
FURN-DINING
 10
202300.0
 20
3500.0
 30
0.0
  0
LWPOLYLINE
  5
68C
330
17
100
AcDbEntity
  8
A-FURN
100
AcDbPolyline
 90
4
 70
1
 10
206200.0
 20
1700.0
 10
208600.0
 20
1700.0
 10
208600.0
 20
3300.0
 10
206200.0
 20
3300.0
  0
LINE
  5
68D
330
17
100
AcDbEntity
  8
A-STAIR
100
AcDbLine
 10
205916.2
 20
10058.4
 30
0.0
 11
207666.2
 21
10058.4
 31
0.0
  0
LINE
  5
68E
330
17
100
AcDbEntity
  8
A-STAIR
100
AcDbLine
 10
205916.2
 20
8964.2
 30
0.0
 11
205916.2
 21
11152.6
 31
0.0
  0
LINE
  5
68F
330
17
100
AcDbEntity
  8
A-STAIR
100
AcDbLine
 10
206166.2
 20
8964.2
 30
0.0
 11
206166.2
 21
11152.6
 31
0.0
  0
LINE
  5
690
330
17
100
AcDbEntity
  8
A-STAIR
100
AcDbLine
 10
206416.2
 20
8964.2
 30
0.0
 11
206416.2
 21
11152.6
 31
0.0
  0
LINE
  5
691
330
17
100
AcDbEntity
  8
A-STAIR
100
AcDbLine
 10
206666.2
 20
8964.2
 30
0.0
 11
206666.2
 21
11152.6
 31
0.0
  0
LINE
  5
692
330
17
100
AcDbEntity
  8
A-STAIR
100
AcDbLine
 10
206916.2
 20
8964.2
 30
0.0
 11
206916.2
 21
11152.6
 31
0.0
  0
LINE
  5
693
330
17
100
AcDbEntity
  8
A-STAIR
100
AcDbLine
 10
207166.2
 20
8964.2
 30
0.0
 11
207166.2
 21
11152.6
 31
0.0
  0
LINE
  5
694
330
17
100
AcDbEntity
  8
A-STAIR
100
AcDbLine
 10
207416.2
 20
8964.2
 30
0.0
 11
207416.2
 21
11152.6
 31
0.0
  0
TEXT
  5
695
330
17
100
AcDbEntity
  8
A-STAIR
100
AcDbText
 10
206197.0
 20
9658.4
 30
0.0
 40
160.0
  1
UP
 11
206197.0
 21
9658.4
 31
0.0
100
AcDbText
  0
LINE
  5
696
330
17
100
AcDbEntity
  8
A-TEXT
100
AcDbLine
 10
208964.2
 20
8901.7
 30
0.0
 11
211457.4
 21
11152.6
 31
0.0
  0
LINE
  5
697
330
17
100
AcDbEntity
  8
A-TEXT
100
AcDbLine
 10
208964.2
 20
11152.6
 30
0.0
 11
211457.4
 21
8901.7
 31
0.0
  0
LINE
  5
698
330
17
100
AcDbEntity
  8
A-TEXT
100
AcDbLine
 10
204872.0
 20
5176.8
 30
0.0
 11
205472.0
 21
6376.8
 31
0.0
  0
LINE
  5
699
330
17
100
AcDbEntity
  8
A-TEXT
100
AcDbLine
 10
204872.0
 20
6376.8
 30
0.0
 11
205472.0
 21
5176.8
 31
0.0
  0
LINE
  5
69A
330
17
100
AcDbEntity
  8
A-TEXT
100
AcDbLine
 10
214949.6
 20
11577.6
 30
0.0
 11
215549.6
 21
12777.6
 31
0.0
  0
LINE
  5
69B
330
17
100
AcDbEntity
  8
A-TEXT
100
AcDbLine
 10
214949.6
 20
12777.6
 30
0.0
 11
215549.6
 21
11577.6
 31
0.0
  0
TEXT
  5
69C
330
17
100
AcDbEntity
  8
A-LEVEL
100
AcDbText
 10
200000.0
 20
-2600.0
 30
0.0
 40
180.0
  1
LEVEL (+)11'-0" TO (+)61'-0"
 11
200000.0
 21
-2600.0
 31
0.0
100
AcDbText
  0
TEXT
  5
69D
330
17
100
AcDbEntity
  8
A-SCHED-TEXT
100
AcDbText
 10
300000.0
 20
400.0
 30
0.0
 40
180.0
  1
DOOR & WINDOW SCHEDULE (1ST TO 6TH FLOOR)
 11
300000.0
 21
400.0
 31
0.0
100
AcDbText
  0
TEXT
  5
69E
330
17
100
AcDbEntity
  8
A-SCHED-TEXT
100
AcDbText
 10
300000.0
 20
-250.0
 30
0.0
 40
150.0
  1
DOOR
 11
300000.0
 21
-250.0
 31
0.0
100
AcDbText
  0
LINE
  5
69F
330
17
100
AcDbEntity
  8
A-SCHED
100
AcDbLine
 10
300000.0
 20
-500.0
 30
0.0
 11
305600.0
 21
-500.0
 31
0.0
  0
LINE
  5
6A0
330
17
100
AcDbEntity
  8
A-SCHED
100
AcDbLine
 10
300000.0
 20
-1020.0
 30
0.0
 11
305600.0
 21
-1020.0
 31
0.0
  0
LINE
  5
6A1
330
17
100
AcDbEntity
  8
A-SCHED
100
AcDbLine
 10
300000.0
 20
-1540.0
 30
0.0
 11
305600.0
 21
-1540.0
 31
0.0
  0
LINE
  5
6A2
330
17
100
AcDbEntity
  8
A-SCHED
100
AcDbLine
 10
300000.0
 20
-500.0
 30
0.0
 11
300000.0
 21
-1540.0
 31
0.0
  0
LINE
  5
6A3
330
17
100
AcDbEntity
  8
A-SCHED
100
AcDbLine
 10
300700.0
 20
-500.0
 30
0.0
 11
300700.0
 21
-1540.0
 31
0.0
  0
LINE
  5
6A4
330
17
100
AcDbEntity
  8
A-SCHED
100
AcDbLine
 10
302200.0
 20
-500.0
 30
0.0
 11
302200.0
 21
-1540.0
 31
0.0
  0
LINE
  5
6A5
330
17
100
AcDbEntity
  8
A-SCHED
100
AcDbLine
 10
304100.0
 20
-500.0
 30
0.0
 11
304100.0
 21
-1540.0
 31
0.0
  0
LINE
  5
6A6
330
17
100
AcDbEntity
  8
A-SCHED
100
AcDbLine
 10
305600.0
 20
-500.0
 30
0.0
 11
305600.0
 21
-1540.0
 31
0.0
  0
MTEXT
  5
6A7
330
17
100
AcDbEntity
  8
A-SCHED-TEXT
100
AcDbMText
 10
300350.0
 20
-760.0
 30
0.0
 40
120.0
 41
600.0
 71
5
  1
SL.
  0
MTEXT
  5
6A8
330
17
100
AcDbEntity
  8
A-SCHED-TEXT
100
AcDbMText
 10
301450.0
 20
-760.0
 30
0.0
 40
120.0
 41
1400.0
 71
5
  1
MAIN DOOR
  0
MTEXT
  5
6A9
330
17
100
AcDbEntity
  8
A-SCHED-TEXT
100
AcDbMText
 10
303150.0
 20
-760.0
 30
0.0
 40
120.0
 41
1800.0
 71
5
  1
SIZE (W x H)
  0
MTEXT
  5
6AA
330
17
100
AcDbEntity
  8
A-SCHED-TEXT
100
AcDbMText
 10
304850.0
 20
-760.0
 30
0.0
 40
120.0
 41
1400.0
 71
5
  1
QUANTITY
  0
MTEXT
  5
6AB
330
17
100
AcDbEntity
  8
A-SCHED-TEXT
100
AcDbMText
 10
300350.0
 20
-1280.0
 30
0.0
 40
120.0
 41
600.0
 71
5
  1
01.
  0
MTEXT
  5
6AC
330
17
100
AcDbEntity
  8
A-SCHED-TEXT
100
AcDbMText
 10
301450.0
 20
-1280.0
 30
0.0
 40
120.0
 41
1400.0
 71
5
  1
D-1
  0
MTEXT
  5
6AD
330
17
100
AcDbEntity
  8
A-SCHED-TEXT
100
AcDbMText
 10
303150.0
 20
-1280.0
 30
0.0
 40
120.0
 41
1800.0
 71
5
  1
4'-0"\PX 7'-0"
  0
MTEXT
  5
6AE
330
17
100
AcDbEntity
  8
A-SCHED-TEXT
100
AcDbMText
 10
304850.0
 20
-1280.0
 30
0.0
 40
120.0
 41
1400.0
 71
5
  1
02 NOS
  0
LINE
  5
6AF
330
17
100
AcDbEntity
  8
A-SCHED
100
AcDbLine
 10
300000.0
 20
-1790.0
 30
0.0
 11
305600.0
 21
-1790.0
 31
0.0
  0
LINE
  5
6B0
330
17
100
AcDbEntity
  8
A-SCHED
100
AcDbLine
 10
300000.0
 20
-2310.0
 30
0.0
 11
305600.0
 21
-2310.0
 31
0.0
  0
LINE
  5
6B1
330
17
100
AcDbEntity
  8
A-SCHED
100
AcDbLine
 10
300000.0
 20
-2830.0
 30
0.0
 11
305600.0
 21
-2830.0
 31
0.0
  0
LINE
  5
6B2
330
17
100
AcDbEntity
  8
A-SCHED
100
AcDbLine
 10
300000.0
 20
-1790.0
 30
0.0
 11
300000.0
 21
-2830.0
 31
0.0
  0
LINE
  5
6B3
330
17
100
AcDbEntity
  8
A-SCHED
100
AcDbLine
 10
300700.0
 20
-1790.0
 30
0.0
 11
300700.0
 21
-2830.0
 31
0.0
  0
LINE
  5
6B4
330
17
100
AcDbEntity
  8
A-SCHED
100
AcDbLine
 10
302200.0
 20
-1790.0
 30
0.0
 11
302200.0
 21
-2830.0
 31
0.0
  0
LINE
  5
6B5
330
17
100
AcDbEntity
  8
A-SCHED
100
AcDbLine
 10
304100.0
 20
-1790.0
 30
0.0
 11
304100.0
 21
-2830.0
 31
0.0
  0
LINE
  5
6B6
330
17
100
AcDbEntity
  8
A-SCHED
100
AcDbLine
 10
305600.0
 20
-1790.0
 30
0.0
 11
305600.0
 21
-2830.0
 31
0.0
  0
MTEXT
  5
6B7
330
17
100
AcDbEntity
  8
A-SCHED-TEXT
100
AcDbMText
 10
300350.0
 20
-2050.0
 30
0.0
 40
120.0
 41
600.0
 71
5
  1
SL.
  0
MTEXT
  5
6B8
330
17
100
AcDbEntity
  8
A-SCHED-TEXT
100
AcDbMText
 10
301450.0
 20
-2050.0
 30
0.0
 40
120.0
 41
1400.0
 71
5
  1
FIRE DOOR
  0
MTEXT
  5
6B9
330
17
100
AcDbEntity
  8
A-SCHED-TEXT
100
AcDbMText
 10
303150.0
 20
-2050.0
 30
0.0
 40
120.0
 41
1800.0
 71
5
  1
SIZE (W x H)
  0
MTEXT
  5
6BA
330
17
100
AcDbEntity
  8
A-SCHED-TEXT
100
AcDbMText
 10
304850.0
 20
-2050.0
 30
0.0
 40
120.0
 41
1400.0
 71
5
  1
QUANTITY
  0
MTEXT
  5
6BB
330
17
100
AcDbEntity
  8
A-SCHED-TEXT
100
AcDbMText
 10
300350.0
 20
-2570.0
 30
0.0
 40
120.0
 41
600.0
 71
5
  1
01.
  0
MTEXT
  5
6BC
330
17
100
AcDbEntity
  8
A-SCHED-TEXT
100
AcDbMText
 10
301450.0
 20
-2570.0
 30
0.0
 40
120.0
 41
1400.0
 71
5
  1
FD-1
  0
MTEXT
  5
6BD
330
17
100
AcDbEntity
  8
A-SCHED-TEXT
100
AcDbMText
 10
303150.0
 20
-2570.0
 30
0.0
 40
120.0
 41
1800.0
 71
5
  1
4'-0"\PX 7'-0"
  0
MTEXT
  5
6BE
330
17
100
AcDbEntity
  8
A-SCHED-TEXT
100
AcDbMText
 10
304850.0
 20
-2570.0
 30
0.0
 40
120.0
 41
1400.0
 71
5
  1
01 NO
  0
LINE
  5
6BF
330
17
100
AcDbEntity
  8
A-SCHED
100
AcDbLine
 10
300000.0
 20
-3080.0
 30
0.0
 11
305600.0
 21
-3080.0
 31
0.0
  0
LINE
  5
6C0
330
17
100
AcDbEntity
  8
A-SCHED
100
AcDbLine
 10
300000.0
 20
-3600.0
 30
0.0
 11
305600.0
 21
-3600.0
 31
0.0
  0
LINE
  5
6C1
330
17
100
AcDbEntity
  8
A-SCHED
100
AcDbLine
 10
300000.0
 20
-4120.0
 30
0.0
 11
305600.0
 21
-4120.0
 31
0.0
  0
LINE
  5
6C2
330
17
100
AcDbEntity
  8
A-SCHED
100
AcDbLine
 10
300000.0
 20
-3080.0
 30
0.0
 11
300000.0
 21
-4120.0
 31
0.0
  0
LINE
  5
6C3
330
17
100
AcDbEntity
  8
A-SCHED
100
AcDbLine
 10
300700.0
 20
-3080.0
 30
0.0
 11
300700.0
 21
-4120.0
 31
0.0
  0
LINE
  5
6C4
330
17
100
AcDbEntity
  8
A-SCHED
100
AcDbLine
 10
302200.0
 20
-3080.0
 30
0.0
 11
302200.0
 21
-4120.0
 31
0.0
  0
LINE
  5
6C5
330
17
100
AcDbEntity
  8
A-SCHED
100
AcDbLine
 10
304100.0
 20
-3080.0
 30
0.0
 11
304100.0
 21
-4120.0
 31
0.0
  0
LINE
  5
6C6
330
17
100
AcDbEntity
  8
A-SCHED
100
AcDbLine
 10
305600.0
 20
-3080.0
 30
0.0
 11
305600.0
 21
-4120.0
 31
0.0
  0
MTEXT
  5
6C7
330
17
100
AcDbEntity
  8
A-SCHED-TEXT
100
AcDbMText
 10
300350.0
 20
-3340.0
 30
0.0
 40
120.0
 41
600.0
 71
5
  1
SL.
  0
MTEXT
  5
6C8
330
17
100
AcDbEntity
  8
A-SCHED-TEXT
100
AcDbMText
 10
301450.0
 20
-3340.0
 30
0.0
 40
120.0
 41
1400.0
 71
5
  1
SLIDING DOOR
  0
MTEXT
  5
6C9
330
17
100
AcDbEntity
  8
A-SCHED-TEXT
100
AcDbMText
 10
303150.0
 20
-3340.0
 30
0.0
 40
120.0
 41
1800.0
 71
5
  1
SIZE (W x H)
  0
MTEXT
  5
6CA
330
17
100
AcDbEntity
  8
A-SCHED-TEXT
100
AcDbMText
 10
304850.0
 20
-3340.0
 30
0.0
 40
120.0
 41
1400.0
 71
5
  1
QUANTITY
  0
MTEXT
  5
6CB
330
17
100
AcDbEntity
  8
A-SCHED-TEXT
100
AcDbMText
 10
300350.0
 20
-3860.0
 30
0.0
 40
120.0
 41
600.0
 71
5
  1
01.
  0
MTEXT
  5
6CC
330
17
100
AcDbEntity
  8
A-SCHED-TEXT
100
AcDbMText
 10
301450.0
 20
-3860.0
 30
0.0
 40
120.0
 41
1400.0
 71
5
  1
SD-1
  0
MTEXT
  5
6CD
330
17
100
AcDbEntity
  8
A-SCHED-TEXT
100
AcDbMText
 10
303150.0
 20
-3860.0
 30
0.0
 40
120.0
 41
1800.0
 71
5
  1
4'-0"\PX 7'-0"
  0
MTEXT
  5
6CE
330
17
100
AcDbEntity
  8
A-SCHED-TEXT
100
AcDbMText
 10
304850.0
 20
-3860.0
 30
0.0
 40
120.0
 41
1400.0
 71
5
  1
05 NOS
  0
LINE
  5
6CF
330
17
100
AcDbEntity
  8
A-SCHED
100
AcDbLine
 10
300000.0
 20
-4370.0
 30
0.0
 11
305600.0
 21
-4370.0
 31
0.0
  0
LINE
  5
6D0
330
17
100
AcDbEntity
  8
A-SCHED
100
AcDbLine
 10
300000.0
 20
-4890.0
 30
0.0
 11
305600.0
 21
-4890.0
 31
0.0
  0
LINE
  5
6D1
330
17
100
AcDbEntity
  8
A-SCHED
100
AcDbLine
 10
300000.0
 20
-5410.0
 30
0.0
 11
305600.0
 21
-5410.0
 31
0.0
  0
LINE
  5
6D2
330
17
100
AcDbEntity
  8
A-SCHED
100
AcDbLine
 10
300000.0
 20
-4370.0
 30
0.0
 11
300000.0
 21
-5410.0
 31
0.0
  0
LINE
  5
6D3
330
17
100
AcDbEntity
  8
A-SCHED
100
AcDbLine
 10
300700.0
 20
-4370.0
 30
0.0
 11
300700.0
 21
-5410.0
 31
0.0
  0
LINE
  5
6D4
330
17
100
AcDbEntity
  8
A-SCHED
100
AcDbLine
 10
302200.0
 20
-4370.0
 30
0.0
 11
302200.0
 21
-5410.0
 31
0.0
  0
LINE
  5
6D5
330
17
100
AcDbEntity
  8
A-SCHED
100
AcDbLine
 10
304100.0
 20
-4370.0
 30
0.0
 11
304100.0
 21
-5410.0
 31
0.0
  0
LINE
  5
6D6
330
17
100
AcDbEntity
  8
A-SCHED
100
AcDbLine
 10
305600.0
 20
-4370.0
 30
0.0
 11
305600.0
 21
-5410.0
 31
0.0
  0
MTEXT
  5
6D7
330
17
100
AcDbEntity
  8
A-SCHED-TEXT
100
AcDbMText
 10
300350.0
 20
-4630.0
 30
0.0
 40
120.0
 41
600.0
 71
5
  1
SL.
  0
MTEXT
  5
6D8
330
17
100
AcDbEntity
  8
A-SCHED-TEXT
100
AcDbMText
 10
301450.0
 20
-4630.0
 30
0.0
 40
120.0
 41
1400.0
 71
5
  1
FLUSH DOOR
  0
MTEXT
  5
6D9
330
17
100
AcDbEntity
  8
A-SCHED-TEXT
100
AcDbMText
 10
303150.0
 20
-4630.0
 30
0.0
 40
120.0
 41
1800.0
 71
5
  1
SIZE (W x H)
  0
MTEXT
  5
6DA
330
17
100
AcDbEntity
  8
A-SCHED-TEXT
100
AcDbMText
 10
304850.0
 20
-4630.0
 30
0.0
 40
120.0
 41
1400.0
 71
5
  1
QUANTITY
  0
MTEXT
  5
6DB
330
17
100
AcDbEntity
  8
A-SCHED-TEXT
100
AcDbMText
 10
300350.0
 20
-5150.0
 30
0.0
 40
120.0
 41
600.0
 71
5
  1
01.
  0
MTEXT
  5
6DC
330
17
100
AcDbEntity
  8
A-SCHED-TEXT
100
AcDbMText
 10
301450.0
 20
-5150.0
 30
0.0
 40
120.0
 41
1400.0
 71
5
  1
D-2
  0
MTEXT
  5
6DD
330
17
100
AcDbEntity
  8
A-SCHED-TEXT
100
AcDbMText
 10
303150.0
 20
-5150.0
 30
0.0
 40
120.0
 41
1800.0
 71
5
  1
3'-0"\PX 7'-0"
  0
MTEXT
  5
6DE
330
17
100
AcDbEntity
  8
A-SCHED-TEXT
100
AcDbMText
 10
304850.0
 20
-5150.0
 30
0.0
 40
120.0
 41
1400.0
 71
5
  1
08 NOS
  0
LINE
  5
6DF
330
17
100
AcDbEntity
  8
A-SCHED
100
AcDbLine
 10
300000.0
 20
-5660.0
 30
0.0
 11
305600.0
 21
-5660.0
 31
0.0
  0
LINE
  5
6E0
330
17
100
AcDbEntity
  8
A-SCHED
100
AcDbLine
 10
300000.0
 20
-6180.0
 30
0.0
 11
305600.0
 21
-6180.0
 31
0.0
  0
LINE
  5
6E1
330
17
100
AcDbEntity
  8
A-SCHED
100
AcDbLine
 10
300000.0
 20
-6700.0
 30
0.0
 11
305600.0
 21
-6700.0
 31
0.0
  0
LINE
  5
6E2
330
17
100
AcDbEntity
  8
A-SCHED
100
AcDbLine
 10
300000.0
 20
-5660.0
 30
0.0
 11
300000.0
 21
-6700.0
 31
0.0
  0
LINE
  5
6E3
330
17
100
AcDbEntity
  8
A-SCHED
100
AcDbLine
 10
300700.0
 20
-5660.0
 30
0.0
 11
300700.0
 21
-6700.0
 31
0.0
  0
LINE
  5
6E4
330
17
100
AcDbEntity
  8
A-SCHED
100
AcDbLine
 10
302200.0
 20
-5660.0
 30
0.0
 11
302200.0
 21
-6700.0
 31
0.0
  0
LINE
  5
6E5
330
17
100
AcDbEntity
  8
A-SCHED
100
AcDbLine
 10
304100.0
 20
-5660.0
 30
0.0
 11
304100.0
 21
-6700.0
 31
0.0
  0
LINE
  5
6E6
330
17
100
AcDbEntity
  8
A-SCHED
100
AcDbLine
 10
305600.0
 20
-5660.0
 30
0.0
 11
305600.0
 21
-6700.0
 31
0.0
  0
MTEXT
  5
6E7
330
17
100
AcDbEntity
  8
A-SCHED-TEXT
100
AcDbMText
 10
300350.0
 20
-5920.0
 30
0.0
 40
120.0
 41
600.0
 71
5
  1
SL.
  0
MTEXT
  5
6E8
330
17
100
AcDbEntity
  8
A-SCHED-TEXT
100
AcDbMText
 10
301450.0
 20
-5920.0
 30
0.0
 40
120.0
 41
1400.0
 71
5
  1
TOILET DOOR
  0
MTEXT
  5
6E9
330
17
100
AcDbEntity
  8
A-SCHED-TEXT
100
AcDbMText
 10
303150.0
 20
-5920.0
 30
0.0
 40
120.0
 41
1800.0
 71
5
  1
SIZE (W x H)
  0
MTEXT
  5
6EA
330
17
100
AcDbEntity
  8
A-SCHED-TEXT
100
AcDbMText
 10
304850.0
 20
-5920.0
 30
0.0
 40
120.0
 41
1400.0
 71
5
  1
QUANTITY
  0
MTEXT
  5
6EB
330
17
100
AcDbEntity
  8
A-SCHED-TEXT
100
AcDbMText
 10
300350.0
 20
-6440.0
 30
0.0
 40
120.0
 41
600.0
 71
5
  1
01.
  0
MTEXT
  5
6EC
330
17
100
AcDbEntity
  8
A-SCHED-TEXT
100
AcDbMText
 10
301450.0
 20
-6440.0
 30
0.0
 40
120.0
 41
1400.0
 71
5
  1
D-3
  0
MTEXT
  5
6ED
330
17
100
AcDbEntity
  8
A-SCHED-TEXT
100
AcDbMText
 10
303150.0
 20
-6440.0
 30
0.0
 40
120.0
 41
1800.0
 71
5
  1
2'-6"\PX 7'-0"
  0
MTEXT
  5
6EE
330
17
100
AcDbEntity
  8
A-SCHED-TEXT
100
AcDbMText
 10
304850.0
 20
-6440.0
 30
0.0
 40
120.0
 41
1400.0
 71
5
  1
04 NOS
  0
LINE
  5
6EF
330
17
100
AcDbEntity
  8
A-SCHED
100
AcDbLine
 10
300000.0
 20
-6950.0
 30
0.0
 11
305600.0
 21
-6950.0
 31
0.0
  0
LINE
  5
6F0
330
17
100
AcDbEntity
  8
A-SCHED
100
AcDbLine
 10
300000.0
 20
-7470.0
 30
0.0
 11
305600.0
 21
-7470.0
 31
0.0
  0
LINE
  5
6F1
330
17
100
AcDbEntity
  8
A-SCHED
100
AcDbLine
 10
300000.0
 20
-7990.0
 30
0.0
 11
305600.0
 21
-7990.0
 31
0.0
  0
LINE
  5
6F2
330
17
100
AcDbEntity
  8
A-SCHED
100
AcDbLine
 10
300000.0
 20
-6950.0
 30
0.0
 11
300000.0
 21
-7990.0
 31
0.0
  0
LINE
  5
6F3
330
17
100
AcDbEntity
  8
A-SCHED
100
AcDbLine
 10
300700.0
 20
-6950.0
 30
0.0
 11
300700.0
 21
-7990.0
 31
0.0
  0
LINE
  5
6F4
330
17
100
AcDbEntity
  8
A-SCHED
100
AcDbLine
 10
302200.0
 20
-6950.0
 30
0.0
 11
302200.0
 21
-7990.0
 31
0.0
  0
LINE
  5
6F5
330
17
100
AcDbEntity
  8
A-SCHED
100
AcDbLine
 10
304100.0
 20
-6950.0
 30
0.0
 11
304100.0
 21
-7990.0
 31
0.0
  0
LINE
  5
6F6
330
17
100
AcDbEntity
  8
A-SCHED
100
AcDbLine
 10
305600.0
 20
-6950.0
 30
0.0
 11
305600.0
 21
-7990.0
 31
0.0
  0
MTEXT
  5
6F7
330
17
100
AcDbEntity
  8
A-SCHED-TEXT
100
AcDbMText
 10
300350.0
 20
-7210.0
 30
0.0
 40
120.0
 41
600.0
 71
5
  1
SL.
  0
MTEXT
  5
6F8
330
17
100
AcDbEntity
  8
A-SCHED-TEXT
100
AcDbMText
 10
301450.0
 20
-7210.0
 30
0.0
 40
120.0
 41
1400.0
 71
5
  1
LIFT DOOR
  0
MTEXT
  5
6F9
330
17
100
AcDbEntity
  8
A-SCHED-TEXT
100
AcDbMText
 10
303150.0
 20
-7210.0
 30
0.0
 40
120.0
 41
1800.0
 71
5
  1
SIZE (W x H)
  0
MTEXT
  5
6FA
330
17
100
AcDbEntity
  8
A-SCHED-TEXT
100
AcDbMText
 10
304850.0
 20
-7210.0
 30
0.0
 40
120.0
 41
1400.0
 71
5
  1
QUANTITY
  0
MTEXT
  5
6FB
330
17
100
AcDbEntity
  8
A-SCHED-TEXT
100
AcDbMText
 10
300350.0
 20
-7730.0
 30
0.0
 40
120.0
 41
600.0
 71
5
  1
01.
  0
MTEXT
  5
6FC
330
17
100
AcDbEntity
  8
A-SCHED-TEXT
100
AcDbMText
 10
301450.0
 20
-7730.0
 30
0.0
 40
120.0
 41
1400.0
 71
5
  1
LD
  0
MTEXT
  5
6FD
330
17
100
AcDbEntity
  8
A-SCHED-TEXT
100
AcDbMText
 10
303150.0
 20
-7730.0
 30
0.0
 40
120.0
 41
1800.0
 71
5
  1
900\PX 2100
  0
MTEXT
  5
6FE
330
17
100
AcDbEntity
  8
A-SCHED-TEXT
100
AcDbMText
 10
304850.0
 20
-7730.0
 30
0.0
 40
120.0
 41
1400.0
 71
5
  1
01 NO
  0
TEXT
  5
6FF
330
17
100
AcDbEntity
  8
A-SCHED-TEXT
100
AcDbText
 10
300000.0
 20
-8490.0
 30
0.0
 40
150.0
  1
WINDOW & VENTILATOR
 11
300000.0
 21
-8490.0
 31
0.0
100
AcDbText
  0
LINE
  5
700
330
17
100
AcDbEntity
  8
A-SCHED
100
AcDbLine
 10
300000.0
 20
-8740.0
 30
0.0
 11
305600.0
 21
-8740.0
 31
0.0
  0
LINE
  5
701
330
17
100
AcDbEntity
  8
A-SCHED
100
AcDbLine
 10
300000.0
 20
-9260.0
 30
0.0
 11
305600.0
 21
-9260.0
 31
0.0
  0
LINE
  5
702
330
17
100
AcDbEntity
  8
A-SCHED
100
AcDbLine
 10
300000.0
 20
-9780.0
 30
0.0
 11
305600.0
 21
-9780.0
 31
0.0
  0
LINE
  5
703
330
17
100
AcDbEntity
  8
A-SCHED
100
AcDbLine
 10
300000.0
 20
-8740.0
 30
0.0
 11
300000.0
 21
-9780.0
 31
0.0
  0
LINE
  5
704
330
17
100
AcDbEntity
  8
A-SCHED
100
AcDbLine
 10
300700.0
 20
-8740.0
 30
0.0
 11
300700.0
 21
-9780.0
 31
0.0
  0
LINE
  5
705
330
17
100
AcDbEntity
  8
A-SCHED
100
AcDbLine
 10
302200.0
 20
-8740.0
 30
0.0
 11
302200.0
 21
-9780.0
 31
0.0
  0
LINE
  5
706
330
17
100
AcDbEntity
  8
A-SCHED
100
AcDbLine
 10
304100.0
 20
-8740.0
 30
0.0
 11
304100.0
 21
-9780.0
 31
0.0
  0
LINE
  5
707
330
17
100
AcDbEntity
  8
A-SCHED
100
AcDbLine
 10
305600.0
 20
-8740.0
 30
0.0
 11
305600.0
 21
-9780.0
 31
0.0
  0
MTEXT
  5
708
330
17
100
AcDbEntity
  8
A-SCHED-TEXT
100
AcDbMText
 10
300350.0
 20
-9000.0
 30
0.0
 40
120.0
 41
600.0
 71
5
  1
SL.
  0
MTEXT
  5
709
330
17
100
AcDbEntity
  8
A-SCHED-TEXT
100
AcDbMText
 10
301450.0
 20
-9000.0
 30
0.0
 40
120.0
 41
1400.0
 71
5
  1
WINDOW
  0
MTEXT
  5
70A
330
17
100
AcDbEntity
  8
A-SCHED-TEXT
100
AcDbMText
 10
303150.0
 20
-9000.0
 30
0.0
 40
120.0
 41
1800.0
 71
5
  1
SIZE (W x H)
  0
MTEXT
  5
70B
330
17
100
AcDbEntity
  8
A-SCHED-TEXT
100
AcDbMText
 10
304850.0
 20
-9000.0
 30
0.0
 40
120.0
 41
1400.0
 71
5
  1
QUANTITY
  0
MTEXT
  5
70C
330
17
100
AcDbEntity
  8
A-SCHED-TEXT
100
AcDbMText
 10
300350.0
 20
-9520.0
 30
0.0
 40
120.0
 41
600.0
 71
5
  1
01.
  0
MTEXT
  5
70D
330
17
100
AcDbEntity
  8
A-SCHED-TEXT
100
AcDbMText
 10
301450.0
 20
-9520.0
 30
0.0
 40
120.0
 41
1400.0
 71
5
  1
W-1
  0
MTEXT
  5
70E
330
17
100
AcDbEntity
  8
A-SCHED-TEXT
100
AcDbMText
 10
303150.0
 20
-9520.0
 30
0.0
 40
120.0
 41
1800.0
 71
5
  1
3'-4"\PX 4'-0"
  0
MTEXT
  5
70F
330
17
100
AcDbEntity
  8
A-SCHED-TEXT
100
AcDbMText
 10
304850.0
 20
-9520.0
 30
0.0
 40
120.0
 41
1400.0
 71
5
  1
10 NOS
  0
LINE
  5
710
330
17
100
AcDbEntity
  8
A-SCHED
100
AcDbLine
 10
300000.0
 20
-10030.0
 30
0.0
 11
305600.0
 21
-10030.0
 31
0.0
  0
LINE
  5
711
330
17
100
AcDbEntity
  8
A-SCHED
100
AcDbLine
 10
300000.0
 20
-10550.0
 30
0.0
 11
305600.0
 21
-10550.0
 31
0.0
  0
LINE
  5
712
330
17
100
AcDbEntity
  8
A-SCHED
100
AcDbLine
 10
300000.0
 20
-11070.0
 30
0.0
 11
305600.0
 21
-11070.0
 31
0.0
  0
LINE
  5
713
330
17
100
AcDbEntity
  8
A-SCHED
100
AcDbLine
 10
300000.0
 20
-10030.0
 30
0.0
 11
300000.0
 21
-11070.0
 31
0.0
  0
LINE
  5
714
330
17
100
AcDbEntity
  8
A-SCHED
100
AcDbLine
 10
300700.0
 20
-10030.0
 30
0.0
 11
300700.0
 21
-11070.0
 31
0.0
  0
LINE
  5
715
330
17
100
AcDbEntity
  8
A-SCHED
100
AcDbLine
 10
302200.0
 20
-10030.0
 30
0.0
 11
302200.0
 21
-11070.0
 31
0.0
  0
LINE
  5
716
330
17
100
AcDbEntity
  8
A-SCHED
100
AcDbLine
 10
304100.0
 20
-10030.0
 30
0.0
 11
304100.0
 21
-11070.0
 31
0.0
  0
LINE
  5
717
330
17
100
AcDbEntity
  8
A-SCHED
100
AcDbLine
 10
305600.0
 20
-10030.0
 30
0.0
 11
305600.0
 21
-11070.0
 31
0.0
  0
MTEXT
  5
718
330
17
100
AcDbEntity
  8
A-SCHED-TEXT
100
AcDbMText
 10
300350.0
 20
-10290.0
 30
0.0
 40
120.0
 41
600.0
 71
5
  1
SL.
  0
MTEXT
  5
719
330
17
100
AcDbEntity
  8
A-SCHED-TEXT
100
AcDbMText
 10
301450.0
 20
-10290.0
 30
0.0
 40
120.0
 41
1400.0
 71
5
  1
WINDOW WITH SUNSHADE
  0
MTEXT
  5
71A
330
17
100
AcDbEntity
  8
A-SCHED-TEXT
100
AcDbMText
 10
303150.0
 20
-10290.0
 30
0.0
 40
120.0
 41
1800.0
 71
5
  1
SIZE (W x H)
  0
MTEXT
  5
71B
330
17
100
AcDbEntity
  8
A-SCHED-TEXT
100
AcDbMText
 10
304850.0
 20
-10290.0
 30
0.0
 40
120.0
 41
1400.0
 71
5
  1
QUANTITY
  0
MTEXT
  5
71C
330
17
100
AcDbEntity
  8
A-SCHED-TEXT
100
AcDbMText
 10
300350.0
 20
-10810.0
 30
0.0
 40
120.0
 41
600.0
 71
5
  1
01.
  0
MTEXT
  5
71D
330
17
100
AcDbEntity
  8
A-SCHED-TEXT
100
AcDbMText
 10
301450.0
 20
-10810.0
 30
0.0
 40
120.0
 41
1400.0
 71
5
  1
W-2
  0
MTEXT
  5
71E
330
17
100
AcDbEntity
  8
A-SCHED-TEXT
100
AcDbMText
 10
303150.0
 20
-10810.0
 30
0.0
 40
120.0
 41
1800.0
 71
5
  1
5'-0"\PX 4'-0"
  0
MTEXT
  5
71F
330
17
100
AcDbEntity
  8
A-SCHED-TEXT
100
AcDbMText
 10
304850.0
 20
-10810.0
 30
0.0
 40
120.0
 41
1400.0
 71
5
  1
06 NOS
  0
LINE
  5
720
330
17
100
AcDbEntity
  8
A-SCHED
100
AcDbLine
 10
300000.0
 20
-11320.0
 30
0.0
 11
305600.0
 21
-11320.0
 31
0.0
  0
LINE
  5
721
330
17
100
AcDbEntity
  8
A-SCHED
100
AcDbLine
 10
300000.0
 20
-11840.0
 30
0.0
 11
305600.0
 21
-11840.0
 31
0.0
  0
LINE
  5
722
330
17
100
AcDbEntity
  8
A-SCHED
100
AcDbLine
 10
300000.0
 20
-12360.0
 30
0.0
 11
305600.0
 21
-12360.0
 31
0.0
  0
LINE
  5
723
330
17
100
AcDbEntity
  8
A-SCHED
100
AcDbLine
 10
300000.0
 20
-11320.0
 30
0.0
 11
300000.0
 21
-12360.0
 31
0.0
  0
LINE
  5
724
330
17
100
AcDbEntity
  8
A-SCHED
100
AcDbLine
 10
300700.0
 20
-11320.0
 30
0.0
 11
300700.0
 21
-12360.0
 31
0.0
  0
LINE
  5
725
330
17
100
AcDbEntity
  8
A-SCHED
100
AcDbLine
 10
302200.0
 20
-11320.0
 30
0.0
 11
302200.0
 21
-12360.0
 31
0.0
  0
LINE
  5
726
330
17
100
AcDbEntity
  8
A-SCHED
100
AcDbLine
 10
304100.0
 20
-11320.0
 30
0.0
 11
304100.0
 21
-12360.0
 31
0.0
  0
LINE
  5
727
330
17
100
AcDbEntity
  8
A-SCHED
100
AcDbLine
 10
305600.0
 20
-11320.0
 30
0.0
 11
305600.0
 21
-12360.0
 31
0.0
  0
MTEXT
  5
728
330
17
100
AcDbEntity
  8
A-SCHED-TEXT
100
AcDbMText
 10
300350.0
 20
-11580.0
 30
0.0
 40
120.0
 41
600.0
 71
5
  1
SL.
  0
MTEXT
  5
729
330
17
100
AcDbEntity
  8
A-SCHED-TEXT
100
AcDbMText
 10
301450.0
 20
-11580.0
 30
0.0
 40
120.0
 41
1400.0
 71
5
  1
VENTILATOR
  0
MTEXT
  5
72A
330
17
100
AcDbEntity
  8
A-SCHED-TEXT
100
AcDbMText
 10
303150.0
 20
-11580.0
 30
0.0
 40
120.0
 41
1800.0
 71
5
  1
SIZE (W x H)
  0
MTEXT
  5
72B
330
17
100
AcDbEntity
  8
A-SCHED-TEXT
100
AcDbMText
 10
304850.0
 20
-11580.0
 30
0.0
 40
120.0
 41
1400.0
 71
5
  1
QUANTITY
  0
MTEXT
  5
72C
330
17
100
AcDbEntity
  8
A-SCHED-TEXT
100
AcDbMText
 10
300350.0
 20
-12100.0
 30
0.0
 40
120.0
 41
600.0
 71
5
  1
01.
  0
MTEXT
  5
72D
330
17
100
AcDbEntity
  8
A-SCHED-TEXT
100
AcDbMText
 10
301450.0
 20
-12100.0
 30
0.0
 40
120.0
 41
1400.0
 71
5
  1
V-1
  0
MTEXT
  5
72E
330
17
100
AcDbEntity
  8
A-SCHED-TEXT
100
AcDbMText
 10
303150.0
 20
-12100.0
 30
0.0
 40
120.0
 41
1800.0
 71
5
  1
1'-6"\PX 1'-0"
  0
MTEXT
  5
72F
330
17
100
AcDbEntity
  8
A-SCHED-TEXT
100
AcDbMText
 10
304850.0
 20
-12100.0
 30
0.0
 40
120.0
 41
1400.0
 71
5
  1
04 NOS
  0
LINE
  5
730
330
17
100
AcDbEntity
  8
A-SCHED
100
AcDbLine
 10
300000.0
 20
-12610.0
 30
0.0
 11
305600.0
 21
-12610.0
 31
0.0
  0
LINE
  5
731
330
17
100
AcDbEntity
  8
A-SCHED
100
AcDbLine
 10
300000.0
 20
-13130.0
 30
0.0
 11
305600.0
 21
-13130.0
 31
0.0
  0
LINE
  5
732
330
17
100
AcDbEntity
  8
A-SCHED
100
AcDbLine
 10
300000.0
 20
-13650.0
 30
0.0
 11
305600.0
 21
-13650.0
 31
0.0
  0
LINE
  5
733
330
17
100
AcDbEntity
  8
A-SCHED
100
AcDbLine
 10
300000.0
 20
-12610.0
 30
0.0
 11
300000.0
 21
-13650.0
 31
0.0
  0
LINE
  5
734
330
17
100
AcDbEntity
  8
A-SCHED
100
AcDbLine
 10
300700.0
 20
-12610.0
 30
0.0
 11
300700.0
 21
-13650.0
 31
0.0
  0
LINE
  5
735
330
17
100
AcDbEntity
  8
A-SCHED
100
AcDbLine
 10
302200.0
 20
-12610.0
 30
0.0
 11
302200.0
 21
-13650.0
 31
0.0
  0
LINE
  5
736
330
17
100
AcDbEntity
  8
A-SCHED
100
AcDbLine
 10
304100.0
 20
-12610.0
 30
0.0
 11
304100.0
 21
-13650.0
 31
0.0
  0
LINE
  5
737
330
17
100
AcDbEntity
  8
A-SCHED
100
AcDbLine
 10
305600.0
 20
-12610.0
 30
0.0
 11
305600.0
 21
-13650.0
 31
0.0
  0
MTEXT
  5
738
330
17
100
AcDbEntity
  8
A-SCHED-TEXT
100
AcDbMText
 10
300350.0
 20
-12870.0
 30
0.0
 40
120.0
 41
600.0
 71
5
  1
SL.
  0
MTEXT
  5
739
330
17
100
AcDbEntity
  8
A-SCHED-TEXT
100
AcDbMText
 10
301450.0
 20
-12870.0
 30
0.0
 40
120.0
 41
1400.0
 71
5
  1
LOUVRE
  0
MTEXT
  5
73A
330
17
100
AcDbEntity
  8
A-SCHED-TEXT
100
AcDbMText
 10
303150.0
 20
-12870.0
 30
0.0
 40
120.0
 41
1800.0
 71
5
  1
SIZE (W x H)
  0
MTEXT
  5
73B
330
17
100
AcDbEntity
  8
A-SCHED-TEXT
100
AcDbMText
 10
304850.0
 20
-12870.0
 30
0.0
 40
120.0
 41
1400.0
 71
5
  1
QUANTITY
  0
MTEXT
  5
73C
330
17
100
AcDbEntity
  8
A-SCHED-TEXT
100
AcDbMText
 10
300350.0
 20
-13390.0
 30
0.0
 40
120.0
 41
600.0
 71
5
  1
01.
  0
MTEXT
  5
73D
330
17
100
AcDbEntity
  8
A-SCHED-TEXT
100
AcDbMText
 10
301450.0
 20
-13390.0
 30
0.0
 40
120.0
 41
1400.0
 71
5
  1
V-2
  0
MTEXT
  5
73E
330
17
100
AcDbEntity
  8
A-SCHED-TEXT
100
AcDbMText
 10
303150.0
 20
-13390.0
 30
0.0
 40
120.0
 41
1800.0
 71
5
  1
1'-0"\PX 1'-0"
  0
MTEXT
  5
73F
330
17
100
AcDbEntity
  8
A-SCHED-TEXT
100
AcDbMText
 10
304850.0
 20
-13390.0
 30
0.0
 40
120.0
 41
1400.0
 71
5
  1
01 NO
  0
TEXT
  5
740
330
17
100
AcDbEntity
  8
A-SCHED-TEXT
100
AcDbText
 10
300000.0
 20
-14050.0
 30
0.0
 40
130.0
  1
NOTE: QUANTITY PER FLOOR.
 11
300000.0
 21
-14050.0
 31
0.0
100
AcDbText
  0
TEXT
  5
741
330
17
100
AcDbEntity
  8
A-SCHED-TEXT
100
AcDbText
 10
0.0
 20
-99600.0
 30
0.0
 40
180.0
  1
ROOM FINISH SCHEDULE
 11
0.0
 21
-99600.0
 31
0.0
100
AcDbText
  0
LINE
  5
742
330
17
100
AcDbEntity
  8
A-SCHED
100
AcDbLine
 10
0.0
 20
-100000.0
 30
0.0
 11
16200.0
 21
-100000.0
 31
0.0
  0
LINE
  5
743
330
17
100
AcDbEntity
  8
A-SCHED
100
AcDbLine
 10
0.0
 20
-100900.0
 30
0.0
 11
16200.0
 21
-100900.0
 31
0.0
  0
LINE
  5
744
330
17
100
AcDbEntity
  8
A-SCHED
100
AcDbLine
 10
0.0
 20
-101800.0
 30
0.0
 11
16200.0
 21
-101800.0
 31
0.0
  0
LINE
  5
745
330
17
100
AcDbEntity
  8
A-SCHED
100
AcDbLine
 10
0.0
 20
-102700.0
 30
0.0
 11
16200.0
 21
-102700.0
 31
0.0
  0
LINE
  5
746
330
17
100
AcDbEntity
  8
A-SCHED
100
AcDbLine
 10
0.0
 20
-103600.0
 30
0.0
 11
16200.0
 21
-103600.0
 31
0.0
  0
LINE
  5
747
330
17
100
AcDbEntity
  8
A-SCHED
100
AcDbLine
 10
0.0
 20
-104500.0
 30
0.0
 11
16200.0
 21
-104500.0
 31
0.0
  0
LINE
  5
748
330
17
100
AcDbEntity
  8
A-SCHED
100
AcDbLine
 10
0.0
 20
-105400.0
 30
0.0
 11
16200.0
 21
-105400.0
 31
0.0
  0
LINE
  5
749
330
17
100
AcDbEntity
  8
A-SCHED
100
AcDbLine
 10
0.0
 20
-106300.0
 30
0.0
 11
16200.0
 21
-106300.0
 31
0.0
  0
LINE
  5
74A
330
17
100
AcDbEntity
  8
A-SCHED
100
AcDbLine
 10
0.0
 20
-100000.0
 30
0.0
 11
0.0
 21
-106300.0
 31
0.0
  0
LINE
  5
74B
330
17
100
AcDbEntity
  8
A-SCHED
100
AcDbLine
 10
2600.0
 20
-100000.0
 30
0.0
 11
2600.0
 21
-106300.0
 31
0.0
  0
LINE
  5
74C
330
17
100
AcDbEntity
  8
A-SCHED
100
AcDbLine
 10
5400.0
 20
-100000.0
 30
0.0
 11
5400.0
 21
-106300.0
 31
0.0
  0
LINE
  5
74D
330
17
100
AcDbEntity
  8
A-SCHED
100
AcDbLine
 10
6800.0
 20
-100000.0
 30
0.0
 11
6800.0
 21
-106300.0
 31
0.0
  0
LINE
  5
74E
330
17
100
AcDbEntity
  8
A-SCHED
100
AcDbLine
 10
10200.0
 20
-100000.0
 30
0.0
 11
10200.0
 21
-106300.0
 31
0.0
  0
LINE
  5
74F
330
17
100
AcDbEntity
  8
A-SCHED
100
AcDbLine
 10
13200.0
 20
-100000.0
 30
0.0
 11
13200.0
 21
-106300.0
 31
0.0
  0
LINE
  5
750
330
17
100
AcDbEntity
  8
A-SCHED
100
AcDbLine
 10
16200.0
 20
-100000.0
 30
0.0
 11
16200.0
 21
-106300.0
 31
0.0
  0
MTEXT
  5
751
330
17
100
AcDbEntity
  8
A-SCHED-TEXT
100
AcDbMText
 10
1300.0
 20
-100450.0
 30
0.0
 40
120.0
 41
2500.0
 71
5
  1
ROOM
  0
MTEXT
  5
752
330
17
100
AcDbEntity
  8
A-SCHED-TEXT
100
AcDbMText
 10
4000.0
 20
-100450.0
 30
0.0
 40
120.0
 41
2700.0
 71
5
  1
FLOOR
  0
MTEXT
  5
753
330
17
100
AcDbEntity
  8
A-SCHED-TEXT
100
AcDbMText
 10
6100.0
 20
-100450.0
 30
0.0
 40
120.0
 41
1300.0
 71
5
  1
SKIRTING
  0
MTEXT
  5
754
330
17
100
AcDbEntity
  8
A-SCHED-TEXT
100
AcDbMText
 10
8500.0
 20
-100450.0
 30
0.0
 40
120.0
 41
3300.0
 71
5
  1
WALL
  0
MTEXT
  5
755
330
17
100
AcDbEntity
  8
A-SCHED-TEXT
100
AcDbMText
 10
11700.0
 20
-100450.0
 30
0.0
 40
120.0
 41
2900.0
 71
5
  1
DADO
  0
MTEXT
  5
756
330
17
100
AcDbEntity
  8
A-SCHED-TEXT
100
AcDbMText
 10
14700.0
 20
-100450.0
 30
0.0
 40
120.0
 41
2900.0
 71
5
  1
CEILING
  0
MTEXT
  5
757
330
17
100
AcDbEntity
  8
A-SCHED-TEXT
100
AcDbMText
 10
1300.0
 20
-101350.0
 30
0.0
 40
120.0
 41
2500.0
 71
5
  1
LIVING, DINING, F.LIVING, BED, STUDY
  0
MTEXT
  5
758
330
17
100
AcDbEntity
  8
A-SCHED-TEXT
100
AcDbMText
 10
4000.0
 20
-101350.0
 30
0.0
 40
120.0
 41
2700.0
 71
5
  1
24"x24" HOMOGENEOUS FLOOR TILES
  0
MTEXT
  5
759
330
17
100
AcDbEntity
  8
A-SCHED-TEXT
100
AcDbMText
 10
6100.0
 20
-101350.0
 30
0.0
 40
120.0
 41
1300.0
 71
5
  1
0'-4" HIGH
  0
MTEXT
  5
75A
330
17
100
AcDbEntity
  8
A-SCHED-TEXT
100
AcDbMText
 10
8500.0
 20
-101350.0
 30
0.0
 40
120.0
 41
3300.0
 71
5
  1
12 THK. 1:6 C.M. PLASTER, 3 COATS PLASTIC PAINT
  0
MTEXT
  5
75B
330
17
100
AcDbEntity
  8
A-SCHED-TEXT
100
AcDbMText
 10
11700.0
 20
-101350.0
 30
0.0
 40
120.0
 41
2900.0
 71
5
  1
-
  0
MTEXT
  5
75C
330
17
100
AcDbEntity
  8
A-SCHED-TEXT
100
AcDbMText
 10
14700.0
 20
-101350.0
 30
0.0
 40
120.0
 41
2900.0
 71
5
  1
6 THK. 1:4 C.M. PLASTER, 3 COATS PLASTIC PAINT
  0
MTEXT
  5
75D
330
17
100
AcDbEntity
  8
A-SCHED-TEXT
100
AcDbMText
 10
1300.0
 20
-102250.0
 30
0.0
 40
120.0
 41
2500.0
 71
5
  1
KITCHEN
  0
MTEXT
  5
75E
330
17
100
AcDbEntity
  8
A-SCHED-TEXT
100
AcDbMText
 10
4000.0
 20
-102250.0
 30
0.0
 40
120.0
 41
2700.0
 71
5
  1
12"x12" ANTI-SKID CERAMIC TILES
  0
MTEXT
  5
75F
330
17
100
AcDbEntity
  8
A-SCHED-TEXT
100
AcDbMText
 10
6100.0
 20
-102250.0
 30
0.0
 40
120.0
 41
1300.0
 71
5
  1
-
  0
MTEXT
  5
760
330
17
100
AcDbEntity
  8
A-SCHED-TEXT
100
AcDbMText
 10
8500.0
 20
-102250.0
 30
0.0
 40
120.0
 41
3300.0
 71
5
  1
12 THK. 1:6 C.M. PLASTER ABOVE DADO, 3 COATS PLASTIC PAINT
  0
MTEXT
  5
761
330
17
100
AcDbEntity
  8
A-SCHED-TEXT
100
AcDbMText
 10
11700.0
 20
-102250.0
 30
0.0
 40
120.0
 41
2900.0
 71
5
  1
10"x16" GLAZED WALL TILES TO 5'-0" ON ALL WALLS
  0
MTEXT
  5
762
330
17
100
AcDbEntity
  8
A-SCHED-TEXT
100
AcDbMText
 10
14700.0
 20
-102250.0
 30
0.0
 40
120.0
 41
2900.0
 71
5
  1
6 THK. 1:4 C.M. PLASTER, 3 COATS PLASTIC PAINT
  0
MTEXT
  5
763
330
17
100
AcDbEntity
  8
A-SCHED-TEXT
100
AcDbMText
 10
1300.0
 20
-103150.0
 30
0.0
 40
120.0
 41
2500.0
 71
5
  1
TOILET
  0
MTEXT
  5
764
330
17
100
AcDbEntity
  8
A-SCHED-TEXT
100
AcDbMText
 10
4000.0
 20
-103150.0
 30
0.0
 40
120.0
 41
2700.0
 71
5
  1
12"x12" ANTI-SKID CERAMIC TILES
  0
MTEXT
  5
765
330
17
100
AcDbEntity
  8
A-SCHED-TEXT
100
AcDbMText
 10
6100.0
 20
-103150.0
 30
0.0
 40
120.0
 41
1300.0
 71
5
  1
-
  0
MTEXT
  5
766
330
17
100
AcDbEntity
  8
A-SCHED-TEXT
100
AcDbMText
 10
8500.0
 20
-103150.0
 30
0.0
 40
120.0
 41
3300.0
 71
5
  1
12 THK. 1:6 C.M. PLASTER ABOVE DADO, 3 COATS PLASTIC PAINT
  0
MTEXT
  5
767
330
17
100
AcDbEntity
  8
A-SCHED-TEXT
100
AcDbMText
 10
11700.0
 20
-103150.0
 30
0.0
 40
120.0
 41
2900.0
 71
5
  1
10"x16" GLAZED WALL TILES TO 7'-0" ON ALL WALLS
  0
MTEXT
  5
768
330
17
100
AcDbEntity
  8
A-SCHED-TEXT
100
AcDbMText
 10
14700.0
 20
-103150.0
 30
0.0
 40
120.0
 41
2900.0
 71
5
  1
6 THK. 1:4 C.M. PLASTER, 3 COATS PLASTIC PAINT
  0
MTEXT
  5
769
330
17
100
AcDbEntity
  8
A-SCHED-TEXT
100
AcDbMText
 10
1300.0
 20
-104050.0
 30
0.0
 40
120.0
 41
2500.0
 71
5
  1
LIFT LOBBY
  0
MTEXT
  5
76A
330
17
100
AcDbEntity
  8
A-SCHED-TEXT
100
AcDbMText
 10
4000.0
 20
-104050.0
 30
0.0
 40
120.0
 41
2700.0
 71
5
  1
24"x24" GRANITE
  0
MTEXT
  5
76B
330
17
100
AcDbEntity
  8
A-SCHED-TEXT
100
AcDbMText
 10
6100.0
 20
-104050.0
 30
0.0
 40
120.0
 41
1300.0
 71
5
  1
0'-4" HIGH
  0
MTEXT
  5
76C
330
17
100
AcDbEntity
  8
A-SCHED-TEXT
100
AcDbMText
 10
8500.0
 20
-104050.0
 30
0.0
 40
120.0
 41
3300.0
 71
5
  1
12 THK. 1:6 C.M. PLASTER, 3 COATS PLASTIC PAINT
  0
MTEXT
  5
76D
330
17
100
AcDbEntity
  8
A-SCHED-TEXT
100
AcDbMText
 10
11700.0
 20
-104050.0
 30
0.0
 40
120.0
 41
2900.0
 71
5
  1
-
  0
MTEXT
  5
76E
330
17
100
AcDbEntity
  8
A-SCHED-TEXT
100
AcDbMText
 10
14700.0
 20
-104050.0
 30
0.0
 40
120.0
 41
2900.0
 71
5
  1
6 THK. 1:4 C.M. PLASTER, 3 COATS PLASTIC PAINT
  0
MTEXT
  5
76F
330
17
100
AcDbEntity
  8
A-SCHED-TEXT
100
AcDbMText
 10
1300.0
 20
-104950.0
 30
0.0
 40
120.0
 41
2500.0
 71
5
  1
GUARD, DRIVER, METER
  0
MTEXT
  5
770
330
17
100
AcDbEntity
  8
A-SCHED-TEXT
100
AcDbMText
 10
4000.0
 20
-104950.0
 30
0.0
 40
120.0
 41
2700.0
 71
5
  1
12"x12" CERAMIC TILES
  0
MTEXT
  5
771
330
17
100
AcDbEntity
  8
A-SCHED-TEXT
100
AcDbMText
 10
6100.0
 20
-104950.0
 30
0.0
 40
120.0
 41
1300.0
 71
5
  1
0'-4" HIGH
  0
MTEXT
  5
772
330
17
100
AcDbEntity
  8
A-SCHED-TEXT
100
AcDbMText
 10
8500.0
 20
-104950.0
 30
0.0
 40
120.0
 41
3300.0
 71
5
  1
12 THK. 1:6 C.M. PLASTER, 2 COATS DISTEMPER
  0
MTEXT
  5
773
330
17
100
AcDbEntity
  8
A-SCHED-TEXT
100
AcDbMText
 10
11700.0
 20
-104950.0
 30
0.0
 40
120.0
 41
2900.0
 71
5
  1
-
  0
MTEXT
  5
774
330
17
100
AcDbEntity
  8
A-SCHED-TEXT
100
AcDbMText
 10
14700.0
 20
-104950.0
 30
0.0
 40
120.0
 41
2900.0
 71
5
  1
6 THK. 1:4 C.M. PLASTER, 2 COATS DISTEMPER
  0
MTEXT
  5
775
330
17
100
AcDbEntity
  8
A-SCHED-TEXT
100
AcDbMText
 10
1300.0
 20
-105850.0
 30
0.0
 40
120.0
 41
2500.0
 71
5
  1
VERANDAH
  0
MTEXT
  5
776
330
17
100
AcDbEntity
  8
A-SCHED-TEXT
100
AcDbMText
 10
4000.0
 20
-105850.0
 30
0.0
 40
120.0
 41
2700.0
 71
5
  1
12"x12" ANTI-SKID CERAMIC TILES
  0
MTEXT
  5
777
330
17
100
AcDbEntity
  8
A-SCHED-TEXT
100
AcDbMText
 10
6100.0
 20
-105850.0
 30
0.0
 40
120.0
 41
1300.0
 71
5
  1
-
  0
MTEXT
  5
778
330
17
100
AcDbEntity
  8
A-SCHED-TEXT
100
AcDbMText
 10
8500.0
 20
-105850.0
 30
0.0
 40
120.0
 41
3300.0
 71
5
  1
-
  0
MTEXT
  5
779
330
17
100
AcDbEntity
  8
A-SCHED-TEXT
100
AcDbMText
 10
11700.0
 20
-105850.0
 30
0.0
 40
120.0
 41
2900.0
 71
5
  1
-
  0
MTEXT
  5
77A
330
17
100
AcDbEntity
  8
A-SCHED-TEXT
100
AcDbMText
 10
14700.0
 20
-105850.0
 30
0.0
 40
120.0
 41
2900.0
 71
5
  1
-
  0
TEXT
  5
77B
330
17
100
AcDbEntity
  8
A-SCHED-TEXT
100
AcDbText
 10
0.0
 20
-106600.0
 30
0.0
 40
120.0
  1
NOTES: 1. CEILING HEIGHTS AS SECTION A-A (CLEAR, FFL TO SLAB SOFFIT).
 11
0.0
 21
-106600.0
 31
0.0
100
AcDbText
  0
TEXT
  5
77C
330
17
100
AcDbEntity
  8
A-SCHED-TEXT
100
AcDbText
 10
0.0
 20
-106850.0
 30
0.0
 40
120.0
  1
2. PLASTER AND PAINT ABOVE THE SKIRTING OR THE DADO.
 11
0.0
 21
-106850.0
 31
0.0
100
AcDbText
  0
TEXT
  5
77D
330
17
100
AcDbEntity
  8
A-SCHED-TEXT
100
AcDbText
 10
100000.0
 20
-99600.0
 30
0.0
 40
180.0
  1
FLOOR TILE LEGEND
 11
100000.0
 21
-99600.0
 31
0.0
100
AcDbText
  0
LINE
  5
77E
330
17
100
AcDbEntity
  8
A-SCHED
100
AcDbLine
 10
100000.0
 20
-100000.0
 30
0.0
 11
107700.0
 21
-100000.0
 31
0.0
  0
LINE
  5
77F
330
17
100
AcDbEntity
  8
A-SCHED
100
AcDbLine
 10
100000.0
 20
-100520.0
 30
0.0
 11
107700.0
 21
-100520.0
 31
0.0
  0
LINE
  5
780
330
17
100
AcDbEntity
  8
A-SCHED
100
AcDbLine
 10
100000.0
 20
-101040.0
 30
0.0
 11
107700.0
 21
-101040.0
 31
0.0
  0
LINE
  5
781
330
17
100
AcDbEntity
  8
A-SCHED
100
AcDbLine
 10
100000.0
 20
-101560.0
 30
0.0
 11
107700.0
 21
-101560.0
 31
0.0
  0
LINE
  5
782
330
17
100
AcDbEntity
  8
A-SCHED
100
AcDbLine
 10
100000.0
 20
-102080.0
 30
0.0
 11
107700.0
 21
-102080.0
 31
0.0
  0
LINE
  5
783
330
17
100
AcDbEntity
  8
A-SCHED
100
AcDbLine
 10
100000.0
 20
-102600.0
 30
0.0
 11
107700.0
 21
-102600.0
 31
0.0
  0
LINE
  5
784
330
17
100
AcDbEntity
  8
A-SCHED
100
AcDbLine
 10
100000.0
 20
-100000.0
 30
0.0
 11
100000.0
 21
-102600.0
 31
0.0
  0
LINE
  5
785
330
17
100
AcDbEntity
  8
A-SCHED
100
AcDbLine
 10
100900.0
 20
-100000.0
 30
0.0
 11
100900.0
 21
-102600.0
 31
0.0
  0
LINE
  5
786
330
17
100
AcDbEntity
  8
A-SCHED
100
AcDbLine
 10
103900.0
 20
-100000.0
 30
0.0
 11
103900.0
 21
-102600.0
 31
0.0
  0
LINE
  5
787
330
17
100
AcDbEntity
  8
A-SCHED
100
AcDbLine
 10
105100.0
 20
-100000.0
 30
0.0
 11
105100.0
 21
-102600.0
 31
0.0
  0
LINE
  5
788
330
17
100
AcDbEntity
  8
A-SCHED
100
AcDbLine
 10
106400.0
 20
-100000.0
 30
0.0
 11
106400.0
 21
-102600.0
 31
0.0
  0
LINE
  5
789
330
17
100
AcDbEntity
  8
A-SCHED
100
AcDbLine
 10
107700.0
 20
-100000.0
 30
0.0
 11
107700.0
 21
-102600.0
 31
0.0
  0
MTEXT
  5
78A
330
17
100
AcDbEntity
  8
A-SCHED-TEXT
100
AcDbMText
 10
102400.0
 20
-100260.0
 30
0.0
 40
120.0
 41
2900.0
 71
5
  1
APPLIED TO
  0
MTEXT
  5
78B
330
17
100
AcDbEntity
  8
A-SCHED-TEXT
100
AcDbMText
 10
104500.0
 20
-100260.0
 30
0.0
 40
120.0
 41
1100.0
 71
5
  1
CODE
  0
MTEXT
  5
78C
330
17
100
AcDbEntity
  8
A-SCHED-TEXT
100
AcDbMText
 10
105750.0
 20
-100260.0
 30
0.0
 40
120.0
 41
1200.0
 71
5
  1
SIZE
  0
MTEXT
  5
78D
330
17
100
AcDbEntity
  8
A-SCHED-TEXT
100
AcDbMText
 10
107050.0
 20
-100260.0
 30
0.0
 40
120.0
 41
1200.0
 71
5
  1
COLOUR
  0
MTEXT
  5
78E
330
17
100
AcDbEntity
  8
A-SCHED-TEXT
100
AcDbMText
 10
102400.0
 20
-100780.0
 30
0.0
 40
120.0
 41
2900.0
 71
5
  1
LIVING, DINING, F.LIVING, BED, STUDY
  0
MTEXT
  5
78F
330
17
100
AcDbEntity
  8
A-SCHED-TEXT
100
AcDbMText
 10
104500.0
 20
-100780.0
 30
0.0
 40
120.0
 41
1100.0
 71
5
  1
HT-601
  0
MTEXT
  5
790
330
17
100
AcDbEntity
  8
A-SCHED-TEXT
100
AcDbMText
 10
105750.0
 20
-100780.0
 30
0.0
 40
120.0
 41
1200.0
 71
5
  1
24'' X 24''
  0
MTEXT
  5
791
330
17
100
AcDbEntity
  8
A-SCHED-TEXT
100
AcDbMText
 10
107050.0
 20
-100780.0
 30
0.0
 40
120.0
 41
1200.0
 71
5
  1
IVORY
  0
MTEXT
  5
792
330
17
100
AcDbEntity
  8
A-SCHED-TEXT
100
AcDbMText
 10
102400.0
 20
-101300.0
 30
0.0
 40
120.0
 41
2900.0
 71
5
  1
KITCHEN, TOILET, VERANDAH
  0
MTEXT
  5
793
330
17
100
AcDbEntity
  8
A-SCHED-TEXT
100
AcDbMText
 10
104500.0
 20
-101300.0
 30
0.0
 40
120.0
 41
1100.0
 71
5
  1
CT-305
  0
MTEXT
  5
794
330
17
100
AcDbEntity
  8
A-SCHED-TEXT
100
AcDbMText
 10
105750.0
 20
-101300.0
 30
0.0
 40
120.0
 41
1200.0
 71
5
  1
12'' X 12''
  0
MTEXT
  5
795
330
17
100
AcDbEntity
  8
A-SCHED-TEXT
100
AcDbMText
 10
107050.0
 20
-101300.0
 30
0.0
 40
120.0
 41
1200.0
 71
5
  1
GREY
  0
MTEXT
  5
796
330
17
100
AcDbEntity
  8
A-SCHED-TEXT
100
AcDbMText
 10
102400.0
 20
-101820.0
 30
0.0
 40
120.0
 41
2900.0
 71
5
  1
LIFT LOBBY
  0
MTEXT
  5
797
330
17
100
AcDbEntity
  8
A-SCHED-TEXT
100
AcDbMText
 10
104500.0
 20
-101820.0
 30
0.0
 40
120.0
 41
1100.0
 71
5
  1
GR-602
  0
MTEXT
  5
798
330
17
100
AcDbEntity
  8
A-SCHED-TEXT
100
AcDbMText
 10
105750.0
 20
-101820.0
 30
0.0
 40
120.0
 41
1200.0
 71
5
  1
24'' X 24''
  0
MTEXT
  5
799
330
17
100
AcDbEntity
  8
A-SCHED-TEXT
100
AcDbMText
 10
107050.0
 20
-101820.0
 30
0.0
 40
120.0
 41
1200.0
 71
5
  1
BLACK
  0
MTEXT
  5
79A
330
17
100
AcDbEntity
  8
A-SCHED-TEXT
100
AcDbMText
 10
102400.0
 20
-102340.0
 30
0.0
 40
120.0
 41
2900.0
 71
5
  1
GUARD, DRIVER, METER
  0
MTEXT
  5
79B
330
17
100
AcDbEntity
  8
A-SCHED-TEXT
100
AcDbMText
 10
104500.0
 20
-102340.0
 30
0.0
 40
120.0
 41
1100.0
 71
5
  1
CT-301
  0
MTEXT
  5
79C
330
17
100
AcDbEntity
  8
A-SCHED-TEXT
100
AcDbMText
 10
105750.0
 20
-102340.0
 30
0.0
 40
120.0
 41
1200.0
 71
5
  1
12'' X 12''
  0
MTEXT
  5
79D
330
17
100
AcDbEntity
  8
A-SCHED-TEXT
100
AcDbMText
 10
107050.0
 20
-102340.0
 30
0.0
 40
120.0
 41
1200.0
 71
5
  1
BEIGE
  0
HATCH
  5
79E
330
17
100
AcDbEntity
  8
A-SCHED
 62
7
100
AcDbHatch
 10
0.0
 20
0.0
 30
0.0
210
0.0
220
0.0
230
1.0
  2
ANSI37
 70
0
 71
0
 91
1
 92
3
 72
0
 73
1
 93
4
 10
100150.0
 20
-100940.0
 10
100750.0
 20
-100940.0
 10
100750.0
 20
-100620.0
 10
100150.0
 20
-100620.0
 97
0
 75
1
 76
1
 52
0.0
 41
5.0
 77
0
 78
2
 53
45.0
 43
0.0
 44
0.0
 45
-11.2253201515
 46
11.2253201515
 79
0
 53
135.0
 43
0.0
 44
0.0
 45
-11.2253201515
 46
-11.2253201515
 79
0
 98
0
  0
HATCH
  5
79F
330
17
100
AcDbEntity
  8
A-SCHED
 62
7
100
AcDbHatch
 10
0.0
 20
0.0
 30
0.0
210
0.0
220
0.0
230
1.0
  2
ANSI37
 70
0
 71
0
 91
1
 92
3
 72
0
 73
1
 93
4
 10
100150.0
 20
-101460.0
 10
100750.0
 20
-101460.0
 10
100750.0
 20
-101140.0
 10
100150.0
 20
-101140.0
 97
0
 75
1
 76
1
 52
0.0
 41
6.0
 77
0
 78
2
 53
45.0
 43
0.0
 44
0.0
 45
-13.4703841818
 46
13.4703841818
 79
0
 53
135.0
 43
0.0
 44
0.0
 45
-13.4703841818
 46
-13.4703841818
 79
0
 98
0
  0
HATCH
  5
7A0
330
17
100
AcDbEntity
  8
A-SCHED
 62
7
100
AcDbHatch
 10
0.0
 20
0.0
 30
0.0
210
0.0
220
0.0
230
1.0
  2
ANSI37
 70
0
 71
0
 91
1
 92
3
 72
0
 73
1
 93
4
 10
100150.0
 20
-101980.0
 10
100750.0
 20
-101980.0
 10
100750.0
 20
-101660.0
 10
100150.0
 20
-101660.0
 97
0
 75
1
 76
1
 52
0.0
 41
7.0
 77
0
 78
2
 53
45.0
 43
0.0
 44
0.0
 45
-15.7154482121
 46
15.7154482121
 79
0
 53
135.0
 43
0.0
 44
0.0
 45
-15.7154482121
 46
-15.7154482121
 79
0
 98
0
  0
HATCH
  5
7A1
330
17
100
AcDbEntity
  8
A-SCHED
 62
7
100
AcDbHatch
 10
0.0
 20
0.0
 30
0.0
210
0.0
220
0.0
230
1.0
  2
ANSI37
 70
0
 71
0
 91
1
 92
3
 72
0
 73
1
 93
4
 10
100150.0
 20
-102500.0
 10
100750.0
 20
-102500.0
 10
100750.0
 20
-102180.0
 10
100150.0
 20
-102180.0
 97
0
 75
1
 76
1
 52
0.0
 41
8.0
 77
0
 78
2
 53
45.0
 43
0.0
 44
0.0
 45
-17.9605122424
 46
17.9605122424
 79
0
 53
135.0
 43
0.0
 44
0.0
 45
-17.9605122424
 46
-17.9605122424
 79
0
 98
0
  0
TEXT
  5
7A2
330
17
100
AcDbEntity
  8
A-SCHED-TEXT
100
AcDbText
 10
200000.0
 20
-99600.0
 30
0.0
 40
180.0
  1
WALL TYPES
 11
200000.0
 21
-99600.0
 31
0.0
100
AcDbText
  0
LINE
  5
7A3
330
17
100
AcDbEntity
  8
A-SCHED
100
AcDbLine
 10
200000.0
 20
-100000.0
 30
0.0
 11
212200.0
 21
-100000.0
 31
0.0
  0
LINE
  5
7A4
330
17
100
AcDbEntity
  8
A-SCHED
100
AcDbLine
 10
200000.0
 20
-100900.0
 30
0.0
 11
212200.0
 21
-100900.0
 31
0.0
  0
LINE
  5
7A5
330
17
100
AcDbEntity
  8
A-SCHED
100
AcDbLine
 10
200000.0
 20
-101800.0
 30
0.0
 11
212200.0
 21
-101800.0
 31
0.0
  0
LINE
  5
7A6
330
17
100
AcDbEntity
  8
A-SCHED
100
AcDbLine
 10
200000.0
 20
-102700.0
 30
0.0
 11
212200.0
 21
-102700.0
 31
0.0
  0
LINE
  5
7A7
330
17
100
AcDbEntity
  8
A-SCHED
100
AcDbLine
 10
200000.0
 20
-103600.0
 30
0.0
 11
212200.0
 21
-103600.0
 31
0.0
  0
LINE
  5
7A8
330
17
100
AcDbEntity
  8
A-SCHED
100
AcDbLine
 10
200000.0
 20
-100000.0
 30
0.0
 11
200000.0
 21
-103600.0
 31
0.0
  0
LINE
  5
7A9
330
17
100
AcDbEntity
  8
A-SCHED
100
AcDbLine
 10
201000.0
 20
-100000.0
 30
0.0
 11
201000.0
 21
-103600.0
 31
0.0
  0
LINE
  5
7AA
330
17
100
AcDbEntity
  8
A-SCHED
100
AcDbLine
 10
202600.0
 20
-100000.0
 30
0.0
 11
202600.0
 21
-103600.0
 31
0.0
  0
LINE
  5
7AB
330
17
100
AcDbEntity
  8
A-SCHED
100
AcDbLine
 10
207800.0
 20
-100000.0
 30
0.0
 11
207800.0
 21
-103600.0
 31
0.0
  0
LINE
  5
7AC
330
17
100
AcDbEntity
  8
A-SCHED
100
AcDbLine
 10
212200.0
 20
-100000.0
 30
0.0
 11
212200.0
 21
-103600.0
 31
0.0
  0
MTEXT
  5
7AD
330
17
100
AcDbEntity
  8
A-SCHED-TEXT
100
AcDbMText
 10
200500.0
 20
-100450.0
 30
0.0
 40
120.0
 41
900.0
 71
5
  1
MARK
  0
MTEXT
  5
7AE
330
17
100
AcDbEntity
  8
A-SCHED-TEXT
100
AcDbMText
 10
201800.0
 20
-100450.0
 30
0.0
 40
120.0
 41
1500.0
 71
5
  1
THICKNESS
  0
MTEXT
  5
7AF
330
17
100
AcDbEntity
  8
A-SCHED-TEXT
100
AcDbMText
 10
205200.0
 20
-100450.0
 30
0.0
 40
120.0
 41
5100.0
 71
5
  1
DESCRIPTION
  0
MTEXT
  5
7B0
330
17
100
AcDbEntity
  8
A-SCHED-TEXT
100
AcDbMText
 10
210000.0
 20
-100450.0
 30
0.0
 40
120.0
 41
4300.0
 71
5
  1
WHERE
  0
MTEXT
  5
7B1
330
17
100
AcDbEntity
  8
A-SCHED-TEXT
100
AcDbMText
 10
200500.0
 20
-101350.0
 30
0.0
 40
120.0
 41
900.0
 71
5
  1
BW250
  0
MTEXT
  5
7B2
330
17
100
AcDbEntity
  8
A-SCHED-TEXT
100
AcDbMText
 10
201800.0
 20
-101350.0
 30
0.0
 40
120.0
 41
1500.0
 71
5
  1
250 (0'-10")
  0
MTEXT
  5
7B3
330
17
100
AcDbEntity
  8
A-SCHED-TEXT
100
AcDbMText
 10
205200.0
 20
-101350.0
 30
0.0
 40
120.0
 41
5100.0
 71
5
  1
250 THK. (10") FIRST CLASS BRICK WALL IN 1:4 C.M.
  0
MTEXT
  5
7B4
330
17
100
AcDbEntity
  8
A-SCHED-TEXT
100
AcDbMText
 10
210000.0
 20
-101350.0
 30
0.0
 40
120.0
 41
4300.0
 71
5
  1
EXTERNAL WALLS, FLAT / FLAT AND FLAT / LOBBY PARTY WALLS, STAIR ENCLOSURE
  0
MTEXT
  5
7B5
330
17
100
AcDbEntity
  8
A-SCHED-TEXT
100
AcDbMText
 10
200500.0
 20
-102250.0
 30
0.0
 40
120.0
 41
900.0
 71
5
  1
BW125
  0
MTEXT
  5
7B6
330
17
100
AcDbEntity
  8
A-SCHED-TEXT
100
AcDbMText
 10
201800.0
 20
-102250.0
 30
0.0
 40
120.0
 41
1500.0
 71
5
  1
125 (0'-5")
  0
MTEXT
  5
7B7
330
17
100
AcDbEntity
  8
A-SCHED-TEXT
100
AcDbMText
 10
205200.0
 20
-102250.0
 30
0.0
 40
120.0
 41
5100.0
 71
5
  1
125 THK. (5") FIRST CLASS BRICK WALL IN 1:4 C.M., 2 NOS 6 mm DIA BARS AT EVERY 4TH LAYER
  0
MTEXT
  5
7B8
330
17
100
AcDbEntity
  8
A-SCHED-TEXT
100
AcDbMText
 10
210000.0
 20
-102250.0
 30
0.0
 40
120.0
 41
4300.0
 71
5
  1
PARTITIONS, TOILET WALLS, DUCT AND SHAFT ENCLOSURES
  0
MTEXT
  5
7B9
330
17
100
AcDbEntity
  8
A-SCHED-TEXT
100
AcDbMText
 10
200500.0
 20
-103150.0
 30
0.0
 40
120.0
 41
900.0
 71
5
  1
RCC
  0
MTEXT
  5
7BA
330
17
100
AcDbEntity
  8
A-SCHED-TEXT
100
AcDbMText
 10
201800.0
 20
-103150.0
 30
0.0
 40
120.0
 41
1500.0
 71
5
  1
SEE STR.
  0
MTEXT
  5
7BB
330
17
100
AcDbEntity
  8
A-SCHED-TEXT
100
AcDbMText
 10
205200.0
 20
-103150.0
 30
0.0
 40
120.0
 41
5100.0
 71
5
  1
RCC SHEAR WALL (LIFT CORE) - SEE STRUCTURAL DRAWING S-23
  0
MTEXT
  5
7BC
330
17
100
AcDbEntity
  8
A-SCHED-TEXT
100
AcDbMText
 10
210000.0
 20
-103150.0
 30
0.0
 40
120.0
 41
4300.0
 71
5
  1
LIFT CORE
  0
LINE
  5
7BD
330
17
100
AcDbEntity
  8
A-SECT
  6
DASHED
100
AcDbLine
 10
296976.0
 20
-100457.2
 30
0.0
 11
317349.6
 21
-100457.2
 31
0.0
  0
TEXT
  5
7BE
330
17
100
AcDbEntity
  8
A-LEVEL
100
AcDbText
 10
317649.6
 20
-100457.2
 30
0.0
 40
180.0
  1
E.G.L. (-)1'-6"
 11
317649.6
 21
-100457.2
 31
0.0
100
AcDbText
  0
LINE
  5
7BF
330
17
100
AcDbEntity
  8
A-SECT
100
AcDbLine
 10
298476.0
 20
-100000.0
 30
0.0
 11
315849.6
 21
-100000.0
 31
0.0
  0
MTEXT
  5
7C0
330
17
100
AcDbEntity
  8
A-LEVEL
100
AcDbMText
 10
318749.6
 20
-100000.0
 30
0.0
 40
180.0
 71
4
  1
GROUND FLOOR\PFFL (+)0'-0"
  0
LWPOLYLINE
  5
7C1
330
17
100
AcDbEntity
  8
A-SECT
100
AcDbPolyline
 90
4
 70
1
 10
298476.0
 20
-96772.2
 10
315849.6
 20
-96772.2
 10
315849.6
 20
-96647.2
 10
298476.0
 20
-96647.2
  0
MTEXT
  5
7C2
330
17
100
AcDbEntity
  8
A-LEVEL
100
AcDbMText
 10
318749.6
 20
-96647.2
 30
0.0
 40
180.0
 71
4
  1
1ST FLOOR\PFFL (+)11'-0"
  0
LWPOLYLINE
  5
7C3
330
17
100
AcDbEntity
  8
A-SECT
100
AcDbPolyline
 90
4
 70
1
 10
298476.0
 20
-93724.2
 10
315849.6
 20
-93724.2
 10
315849.6
 20
-93599.2
 10
298476.0
 20
-93599.2
  0
MTEXT
  5
7C4
330
17
100
AcDbEntity
  8
A-LEVEL
100
AcDbMText
 10
318749.6
 20
-93599.2
 30
0.0
 40
180.0
 71
4
  1
2ND FLOOR\PFFL (+)21'-0"
  0
LWPOLYLINE
  5
7C5
330
17
100
AcDbEntity
  8
A-SECT
100
AcDbPolyline
 90
4
 70
1
 10
298476.0
 20
-90676.2
 10
315849.6
 20
-90676.2
 10
315849.6
 20
-90551.2
 10
298476.0
 20
-90551.2
  0
MTEXT
  5
7C6
330
17
100
AcDbEntity
  8
A-LEVEL
100
AcDbMText
 10
318749.6
 20
-90551.2
 30
0.0
 40
180.0
 71
4
  1
3RD FLOOR\PFFL (+)31'-0"
  0
LWPOLYLINE
  5
7C7
330
17
100
AcDbEntity
  8
A-SECT
100
AcDbPolyline
 90
4
 70
1
 10
298476.0
 20
-87628.2
 10
315849.6
 20
-87628.2
 10
315849.6
 20
-87503.2
 10
298476.0
 20
-87503.2
  0
MTEXT
  5
7C8
330
17
100
AcDbEntity
  8
A-LEVEL
100
AcDbMText
 10
318749.6
 20
-87503.2
 30
0.0
 40
180.0
 71
4
  1
4TH FLOOR\PFFL (+)41'-0"
  0
LWPOLYLINE
  5
7C9
330
17
100
AcDbEntity
  8
A-SECT
100
AcDbPolyline
 90
4
 70
1
 10
298476.0
 20
-84580.2
 10
315849.6
 20
-84580.2
 10
315849.6
 20
-84455.2
 10
298476.0
 20
-84455.2
  0
MTEXT
  5
7CA
330
17
100
AcDbEntity
  8
A-LEVEL
100
AcDbMText
 10
318749.6
 20
-84455.2
 30
0.0
 40
180.0
 71
4
  1
5TH FLOOR\PFFL (+)51'-0"
  0
LWPOLYLINE
  5
7CB
330
17
100
AcDbEntity
  8
A-SECT
100
AcDbPolyline
 90
4
 70
1
 10
298476.0
 20
-81532.2
 10
315849.6
 20
-81532.2
 10
315849.6
 20
-81407.2
 10
298476.0
 20
-81407.2
  0
MTEXT
  5
7CC
330
17
100
AcDbEntity
  8
A-LEVEL
100
AcDbMText
 10
318749.6
 20
-81407.2
 30
0.0
 40
180.0
 71
4
  1
6TH FLOOR\PFFL (+)61'-0"
  0
LWPOLYLINE
  5
7CD
330
17
100
AcDbEntity
  8
A-SECT
100
AcDbPolyline
 90
4
 70
1
 10
300000.0
 20
-78484.2
 10
315849.6
 20
-78484.2
 10
315849.6
 20
-78359.2
 10
300000.0
 20
-78359.2
  0
MTEXT
  5
7CE
330
17
100
AcDbEntity
  8
A-LEVEL
100
AcDbMText
 10
318749.6
 20
-78359.2
 30
0.0
 40
180.0
 71
4
  1
ROOF\PFFL (+)71'-0"
  0
MTEXT
  5
7CF
330
17
100
AcDbEntity
  8
A-TEXT
100
AcDbMText
 10
307924.8
 20
-98323.6
 30
0.0
 40
170.0
 71
5
  1
CLEAR HT. 10'-7" (3227.8)
  0
MTEXT
  5
7D0
330
17
100
AcDbEntity
  8
A-TEXT
100
AcDbMText
 10
307924.8
 20
-95123.2
 30
0.0
 40
170.0
 71
5
  1
CLEAR HT. 9'-7" (2923)
  0
LWPOLYLINE
  5
7D1
330
17
100
AcDbEntity
  8
A-SECT
100
AcDbPolyline
 90
4
 70
1
 10
299875.0
 20
-96647.2
 10
300125.0
 20
-96647.2
 10
300125.0
 20
-94199.2
 10
299875.0
 20
-94199.2
  0
LWPOLYLINE
  5
7D2
330
17
100
AcDbEntity
  8
A-SECT
100
AcDbPolyline
 90
4
 70
1
 10
315724.6
 20
-96647.2
 10
315974.6
 20
-96647.2
 10
315974.6
 20
-94199.2
 10
315724.6
 20
-94199.2
  0
MTEXT
  5
7D3
330
17
100
AcDbEntity
  8
A-TEXT
100
AcDbMText
 10
307924.8
 20
-92075.2
 30
0.0
 40
170.0
 71
5
  1
CLEAR HT. 9'-7" (2923)
  0
LWPOLYLINE
  5
7D4
330
17
100
AcDbEntity
  8
A-SECT
100
AcDbPolyline
 90
4
 70
1
 10
299875.0
 20
-93599.2
 10
300125.0
 20
-93599.2
 10
300125.0
 20
-91151.2
 10
299875.0
 20
-91151.2
  0
LWPOLYLINE
  5
7D5
330
17
100
AcDbEntity
  8
A-SECT
100
AcDbPolyline
 90
4
 70
1
 10
315724.6
 20
-93599.2
 10
315974.6
 20
-93599.2
 10
315974.6
 20
-91151.2
 10
315724.6
 20
-91151.2
  0
MTEXT
  5
7D6
330
17
100
AcDbEntity
  8
A-TEXT
100
AcDbMText
 10
307924.8
 20
-89027.2
 30
0.0
 40
170.0
 71
5
  1
CLEAR HT. 9'-7" (2923)
  0
LWPOLYLINE
  5
7D7
330
17
100
AcDbEntity
  8
A-SECT
100
AcDbPolyline
 90
4
 70
1
 10
299875.0
 20
-90551.2
 10
300125.0
 20
-90551.2
 10
300125.0
 20
-88103.2
 10
299875.0
 20
-88103.2
  0
LWPOLYLINE
  5
7D8
330
17
100
AcDbEntity
  8
A-SECT
100
AcDbPolyline
 90
4
 70
1
 10
315724.6
 20
-90551.2
 10
315974.6
 20
-90551.2
 10
315974.6
 20
-88103.2
 10
315724.6
 20
-88103.2
  0
MTEXT
  5
7D9
330
17
100
AcDbEntity
  8
A-TEXT
100
AcDbMText
 10
307924.8
 20
-85979.2
 30
0.0
 40
170.0
 71
5
  1
CLEAR HT. 9'-7" (2923)
  0
LWPOLYLINE
  5
7DA
330
17
100
AcDbEntity
  8
A-SECT
100
AcDbPolyline
 90
4
 70
1
 10
299875.0
 20
-87503.2
 10
300125.0
 20
-87503.2
 10
300125.0
 20
-85055.2
 10
299875.0
 20
-85055.2
  0
LWPOLYLINE
  5
7DB
330
17
100
AcDbEntity
  8
A-SECT
100
AcDbPolyline
 90
4
 70
1
 10
315724.6
 20
-87503.2
 10
315974.6
 20
-87503.2
 10
315974.6
 20
-85055.2
 10
315724.6
 20
-85055.2
  0
MTEXT
  5
7DC
330
17
100
AcDbEntity
  8
A-TEXT
100
AcDbMText
 10
307924.8
 20
-82931.2
 30
0.0
 40
170.0
 71
5
  1
CLEAR HT. 9'-7" (2923)
  0
LWPOLYLINE
  5
7DD
330
17
100
AcDbEntity
  8
A-SECT
100
AcDbPolyline
 90
4
 70
1
 10
299875.0
 20
-84455.2
 10
300125.0
 20
-84455.2
 10
300125.0
 20
-82007.2
 10
299875.0
 20
-82007.2
  0
LWPOLYLINE
  5
7DE
330
17
100
AcDbEntity
  8
A-SECT
100
AcDbPolyline
 90
4
 70
1
 10
315724.6
 20
-84455.2
 10
315974.6
 20
-84455.2
 10
315974.6
 20
-82007.2
 10
315724.6
 20
-82007.2
  0
MTEXT
  5
7DF
330
17
100
AcDbEntity
  8
A-TEXT
100
AcDbMText
 10
307924.8
 20
-79883.2
 30
0.0
 40
170.0
 71
5
  1
CLEAR HT. 9'-7" (2923)
  0
LWPOLYLINE
  5
7E0
330
17
100
AcDbEntity
  8
A-SECT
100
AcDbPolyline
 90
4
 70
1
 10
299875.0
 20
-81407.2
 10
300125.0
 20
-81407.2
 10
300125.0
 20
-78959.2
 10
299875.0
 20
-78959.2
  0
LWPOLYLINE
  5
7E1
330
17
100
AcDbEntity
  8
A-SECT
100
AcDbPolyline
 90
4
 70
1
 10
315724.6
 20
-81407.2
 10
315974.6
 20
-81407.2
 10
315974.6
 20
-78959.2
 10
315724.6
 20
-78959.2
  0
MTEXT
  5
7E2
330
17
100
AcDbEntity
  8
A-TEXT
100
AcDbMText
 10
296976.0
 20
-102200.0
 30
0.0
 40
150.0
 71
1
  1
UNDER SUNKEN TOILET SLABS (1ST TO 5TH): CLEAR HT. 8'-7" (2623)\PUNDER 150 THK. SLAB PANELS (GRID 2-3 & 4-5 / B-C): CLEAR HT. 9'-6" (2898)
  0
VIEWPORT
  5
7E7
330
7E3
100
AcDbEntity
 67
1
  8
VIEWPORTS
100
AcDbViewport
 10
420.5
 20
297.0
 30
0.0
 40
925.1
 41
653.4000000000001
 68
1
 69
1
 12
420.5
 22
297.0
 13
0.0
 23
0.0
 14
10.0
 24
10.0
 15
10.0
 25
10.0
 16
0.0
 26
0.0
 36
1.0
 17
0.0
 27
0.0
 37
0.0
 42
50.0
 43
0.0
 44
0.0
 45
653.4000000000001
 50
0.0
 51
0.0
 72
100
 90
557088
  1

281
0
 71
0
 74
0
110
0.0
120
0.0
130
0.0
111
1.0
121
0.0
131
0.0
112
0.0
122
1.0
132
0.0
 79
0
146
0.0
  0
LWPOLYLINE
  5
7E8
330
7E3
100
AcDbEntity
 67
1
  8
A-TITLE
100
AcDbPolyline
 90
4
 70
1
 10
10.0
 20
10.0
 10
831.0
 20
10.0
 10
831.0
 20
584.0
 10
10.0
 20
584.0
  0
LINE
  5
7E9
330
7E3
100
AcDbEntity
 67
1
  8
A-TITLE
100
AcDbLine
 10
761.0
 20
10.0
 30
0.0
 11
761.0
 21
584.0
 31
0.0
  0
TEXT
  5
7EA
330
7E3
100
AcDbEntity
 67
1
  8
A-TITLE
100
AcDbText
 10
764.0
 20
576.0
 30
0.0
 40
3.2
  1
ANKUR ARCHITECTS & PLANNERS
 11
764.0
 21
576.0
 31
0.0
100
AcDbText
  0
TEXT
  5
7EB
330
7E3
100
AcDbEntity
 67
1
  8
A-TITLE
100
AcDbText
 10
764.0
 20
568.8
 30
0.0
 40
1.8
  1
HOUSE 12, ROAD 3, BLOCK B, BANANI, DHAKA-1213
 11
764.0
 21
568.8
 31
0.0
100
AcDbText
  0
LINE
  5
7EC
330
7E3
100
AcDbEntity
 67
1
  8
A-TITLE
100
AcDbLine
 10
761.0
 20
563.0
 30
0.0
 11
831.0
 21
563.0
 31
0.0
  0
TEXT
  5
7ED
330
7E3
100
AcDbEntity
 67
1
  8
A-TITLE
100
AcDbText
 10
764.0
 20
556.0
 30
0.0
 40
1.8
  1
CLIENT
 11
764.0
 21
556.0
 31
0.0
100
AcDbText
  0
MTEXT
  5
7EE
330
7E3
100
AcDbEntity
 67
1
  8
A-TITLE
100
AcDbMText
 10
764.0
 20
553.0
 30
0.0
 40
2.2
 41
64.0
 71
1
  1
M/S. PADMA HOMES LTD.
  0
TEXT
  5
7EF
330
7E3
100
AcDbEntity
 67
1
  8
A-TITLE
100
AcDbText
 10
764.0
 20
540.0
 30
0.0
 40
1.8
  1
PROJECT
 11
764.0
 21
540.0
 31
0.0
100
AcDbText
  0
MTEXT
  5
7F0
330
7E3
100
AcDbEntity
 67
1
  8
A-TITLE
100
AcDbMText
 10
764.0
 20
537.0
 30
0.0
 40
2.2
 41
64.0
 71
1
  1
PROPOSED G+6 STORIED RESIDENTIAL BUILDING
  0
TEXT
  5
7F1
330
7E3
100
AcDbEntity
 67
1
  8
A-TITLE
100
AcDbText
 10
764.0
 20
524.0
 30
0.0
 40
1.8
  1
SITE
 11
764.0
 21
524.0
 31
0.0
100
AcDbText
  0
MTEXT
  5
7F2
330
7E3
100
AcDbEntity
 67
1
  8
A-TITLE
100
AcDbMText
 10
764.0
 20
521.0
 30
0.0
 40
2.2
 41
64.0
 71
1
  1
PLOT 23, ROAD 7, BLOCK C, BASHUNDHARA R/A, DHAKA
  0
LINE
  5
7F3
330
7E3
100
AcDbEntity
 67
1
  8
A-TITLE
100
AcDbLine
 10
761.0
 20
70.0
 30
0.0
 11
831.0
 21
70.0
 31
0.0
  0
TEXT
  5
7F4
330
7E3
100
AcDbEntity
 67
1
  8
A-TITLE
100
AcDbText
 10
764.0
 20
64.0
 30
0.0
 40
1.8
  1
SHEET TITLE
 11
764.0
 21
64.0
 31
0.0
100
AcDbText
  0
TEXT
  5
7F5
330
7E3
100
AcDbEntity
 67
1
  8
A-TITLE
100
AcDbText
 10
764.0
 20
56.0
 30
0.0
 40
2.0
  1
A-01  GROUND FLOOR PLAN
 11
764.0
 21
56.0
 31
0.0
100
AcDbText
  0
TEXT
  5
7F6
330
7E3
100
AcDbEntity
 67
1
  8
A-TITLE
100
AcDbText
 10
764.0
 20
44.0
 30
0.0
 40
2.0
  1
SCALE: AS SHOWN
 11
764.0
 21
44.0
 31
0.0
100
AcDbText
  0
TEXT
  5
7F7
330
7E3
100
AcDbEntity
 67
1
  8
A-TITLE
100
AcDbText
 10
764.0
 20
39.0
 30
0.0
 40
2.0
  1
DATE: 22 SEP 2026
 11
764.0
 21
39.0
 31
0.0
100
AcDbText
  0
TEXT
  5
7F8
330
7E3
100
AcDbEntity
 67
1
  8
A-TITLE
100
AcDbText
 10
764.0
 20
34.0
 30
0.0
 40
2.0
  1
DRAWN: R.K.
 11
764.0
 21
34.0
 31
0.0
100
AcDbText
  0
TEXT
  5
7F9
330
7E3
100
AcDbEntity
 67
1
  8
A-TITLE
100
AcDbText
 10
764.0
 20
29.0
 30
0.0
 40
2.0
  1
CHECKED: S.A.
 11
764.0
 21
29.0
 31
0.0
100
AcDbText
  0
TEXT
  5
7FA
330
7E3
100
AcDbEntity
 67
1
  8
A-TITLE
100
AcDbText
 10
764.0
 20
24.0
 30
0.0
 40
2.0
  1
JOB NO.: AAP-2026-117
 11
764.0
 21
24.0
 31
0.0
100
AcDbText
  0
TEXT
  5
7FB
330
7E3
100
AcDbEntity
 67
1
  8
A-TITLE
100
AcDbText
 10
764.0
 20
19.0
 30
0.0
 40
2.0
  1
REV.: 0
 11
764.0
 21
19.0
 31
0.0
100
AcDbText
  0
TEXT
  5
7FC
330
7E3
100
AcDbEntity
 67
1
  8
A-TITLE
100
AcDbText
 10
30.0
 20
307.5
 30
0.0
 40
4.0
  1
GROUND FLOOR PLAN  SCALE 1:100
 11
30.0
 21
307.5
 31
0.0
100
AcDbText
  0
TEXT
  5
7FD
330
7E3
100
AcDbEntity
 67
1
  8
A-TITLE
100
AcDbText
 10
350.2
 20
338.3
 30
0.0
 40
4.0
  1
DOOR & WINDOW SCHEDULE (GROUND FLOOR)  SCALE 1:50
 11
350.2
 21
338.3
 31
0.0
100
AcDbText
  0
INSERT
  5
7FE
330
7E3
100
AcDbEntity
 67
1
  8
A-TITLE
100
AcDbBlockReference
  2
NORTH
 10
305.2
 20
555.0
 30
0.0
  0
VIEWPORT
  5
800
330
7E3
100
AcDbEntity
 67
1
  8
VIEWPORTS
100
AcDbViewport
 10
175.1
 20
441.75
 30
0.0
 40
290.2
 41
256.5
 68
2
 69
3
 12
9910.8
 22
7624.799999999999
 13
0.0
 23
0.0
 14
10.0
 24
10.0
 15
10.0
 25
10.0
 16
0.0
 26
0.0
 36
1.0
 17
0.0
 27
0.0
 37
0.0
 42
50.0
 43
0.0
 44
0.0
 45
25650.0
 50
0.0
 51
0.0
 72
100
 90
0
  1

281
0
 71
0
 74
0
110
0.0
120
0.0
130
0.0
111
1.0
121
0.0
131
0.0
112
0.0
122
1.0
132
0.0
 79
0
146
0.0
  0
VIEWPORT
  5
801
330
7E3
100
AcDbEntity
 67
1
  8
VIEWPORTS
100
AcDbViewport
 10
421.45
 20
457.15
 30
0.0
 40
142.5
 41
225.7
 68
2
 69
4
 12
103163.5
 22
-4537.0
 13
0.0
 23
0.0
 14
10.0
 24
10.0
 15
10.0
 25
10.0
 16
0.0
 26
0.0
 36
1.0
 17
0.0
 27
0.0
 37
0.0
 42
50.0
 43
0.0
 44
0.0
 45
11285.0
 50
0.0
 51
0.0
 72
100
 90
0
  1

281
0
 71
0
 74
0
110
0.0
120
0.0
130
0.0
111
1.0
121
0.0
131
0.0
112
0.0
122
1.0
132
0.0
 79
0
146
0.0
  0
ENDSEC
  0
SECTION
  2
OBJECTS
  0
DICTIONARY
  5
A
330
0
100
AcDbDictionary
281
1
  3
ACAD_COLOR
350
B
  3
ACAD_GROUP
350
C
  3
ACAD_LAYOUT
350
D
  3
ACAD_MATERIAL
350
E
  3
ACAD_MLEADERSTYLE
350
F
  3
ACAD_MLINESTYLE
350
10
  3
ACAD_PLOTSETTINGS
350
11
  3
ACAD_PLOTSTYLENAME
350
12
  3
ACAD_SCALELIST
350
14
  3
ACAD_TABLESTYLE
350
15
  3
ACAD_VISUALSTYLE
350
16
  3
EZDXF_META
350
2D
  0
DICTIONARY
  5
B
330
A
100
AcDbDictionary
281
1
  0
DICTIONARY
  5
C
330
A
100
AcDbDictionary
281
1
  0
DICTIONARY
  5
D
330
A
100
AcDbDictionary
281
1
  3
Model
350
1A
  3
A-01 GROUND FLOOR PLAN
350
7E6
  3
A-02 TYPICAL FLOOR PLAN (1ST TO 6TH)
350
805
  3
A-03 ROOM FINISH SCHEDULE AND WALL TYPES
350
824
  3
A-04 SECTION A-A
350
843
  0
DICTIONARY
  5
E
330
A
100
AcDbDictionary
281
1
  3
ByBlock
350
1F
  3
ByLayer
350
20
  3
Global
350
21
  0
DICTIONARY
  5
F
330
A
100
AcDbDictionary
281
1
  3
Standard
350
2C
  0
DICTIONARY
  5
10
330
A
100
AcDbDictionary
281
1
  3
Standard
350
22
  0
DICTIONARY
  5
11
330
A
100
AcDbDictionary
281
1
  0
ACDBDICTIONARYWDFLT
  5
12
330
A
100
AcDbDictionary
281
1
  3
Normal
350
13
100
AcDbDictionaryWithDefault
340
13
  0
ACDBPLACEHOLDER
  5
13
330
12
  0
DICTIONARY
  5
14
330
A
100
AcDbDictionary
281
1
  0
DICTIONARY
  5
15
330
A
100
AcDbDictionary
281
1
  0
DICTIONARY
  5
16
330
A
100
AcDbDictionary
281
1
  3
2dWireframe
350
5A
  3
Basic
350
5B
  3
Brighten
350
5C
  3
ColorChange
350
5D
  3
Conceptual
350
5E
  3
Dim
350
5F
  3
EdgeColorOff
350
60
  3
Facepattern
350
61
  3
Flat
350
62
  3
FlatWithEdges
350
63
  3
Gouraud
350
64
  3
GouraudWithEdges
350
65
  3
Hidden
350
66
  3
JitterOff
350
67
  3
Linepattern
350
68
  3
Modeling
350
69
  3
OverhangOff
350
6A
  3
Realistic
350
6B
  3
Shaded
350
6C
  3
Shaded with edges
350
6D
  3
Shades of Gray
350
6E
  3
Sketchy
350
6F
  3
Thicken
350
70
  3
Wireframe
350
71
  3
X-Ray
350
72
  0
LAYOUT
  5
1A
330
D
100
AcDbPlotSettings
  1

  4
A3
  6

 40
7.5
 41
20.0
 42
7.5
 43
20.0
 44
420.0
 45
297.0
 46
0.0
 47
0.0
 48
0.0
 49
0.0
140
0.0
141
0.0
142
1.0
143
1.0
 70
1024
 72
1
 73
0
 74
5
  7

 75
16
 76
0
 77
2
 78
300
147
1.0
148
0.0
149
0.0
100
AcDbLayout
  1
Model
 70
1
 71
0
 10
0.0
 20
0.0
 11
420.0
 21
297.0
 12
0.0
 22
0.0
 32
0.0
 14
1e+20
 24
1e+20
 34
1e+20
 15
-1e+20
 25
-1e+20
 35
-1e+20
146
0.0
 13
0.0
 23
0.0
 33
0.0
 16
1.0
 26
0.0
 36
0.0
 17
0.0
 27
1.0
 37
0.0
 76
1
330
17
  0
MATERIAL
  5
1F
102
{ACAD_REACTORS
330
E
102
}
330
E
100
AcDbMaterial
  1
ByBlock
  2

 70
0
 40
1.0
 71
1
 41
1.0
 91
-1023410177
 42
1.0
 72
1
  3

 73
1
 74
1
 75
1
 44
0.5
 73
0
 45
1.0
 46
1.0
 77
1
  4

 78
1
 79
1
170
1
 48
1.0
171
1
  6

172
1
173
1
174
1
140
1.0
141
1.0
175
1
  7

176
1
177
1
178
1
143
1.0
179
1
  8

270
1
271
1
272
1
145
1.0
146
1.0
273
1
  9

274
1
275
1
276
1
 42
1.0
 72
1
  3

 73
1
 74
1
 75
1
 94
63
  0
MATERIAL
  5
20
102
{ACAD_REACTORS
330
E
102
}
330
E
100
AcDbMaterial
  1
ByLayer
  2

 70
0
 40
1.0
 71
1
 41
1.0
 91
-1023410177
 42
1.0
 72
1
  3

 73
1
 74
1
 75
1
 44
0.5
 73
0
 45
1.0
 46
1.0
 77
1
  4

 78
1
 79
1
170
1
 48
1.0
171
1
  6

172
1
173
1
174
1
140
1.0
141
1.0
175
1
  7

176
1
177
1
178
1
143
1.0
179
1
  8

270
1
271
1
272
1
145
1.0
146
1.0
273
1
  9

274
1
275
1
276
1
 42
1.0
 72
1
  3

 73
1
 74
1
 75
1
 94
63
  0
MATERIAL
  5
21
102
{ACAD_REACTORS
330
E
102
}
330
E
100
AcDbMaterial
  1
Global
  2

 70
0
 40
1.0
 71
1
 41
1.0
 91
-1023410177
 42
1.0
 72
1
  3

 73
1
 74
1
 75
1
 44
0.5
 73
0
 45
1.0
 46
1.0
 77
1
  4

 78
1
 79
1
170
1
 48
1.0
171
1
  6

172
1
173
1
174
1
140
1.0
141
1.0
175
1
  7

176
1
177
1
178
1
143
1.0
179
1
  8

270
1
271
1
272
1
145
1.0
146
1.0
273
1
  9

274
1
275
1
276
1
 42
1.0
 72
1
  3

 73
1
 74
1
 75
1
 94
63
  0
MLINESTYLE
  5
22
102
{ACAD_REACTORS
330
10
102
}
330
10
100
AcDbMlineStyle
  2
Standard
 70
0
  3

 62
256
 51
90.0
 52
90.0
 71
2
 49
0.5
 62
256
  6
BYLAYER
 49
-0.5
 62
256
  6
BYLAYER
  0
MLEADERSTYLE
  5
2C
102
{ACAD_REACTORS
330
F
102
}
330
F
100
AcDbMLeaderStyle
179
2
170
2
171
1
172
0
 90
2
 40
0.0
 41
0.0
173
1
 91
-1056964608
 92
-2
290
1
 42
2.0
291
1
 43
8.0
  3
Standard
 44
4.0
300

342
29
174
1
175
1
176
0
178
1
 93
-1056964608
 45
4.0
292
0
297
0
 46
4.0
 94
-1056964608
 47
1.0
 49
1.0
140
1.0
294
1
141
0.0
177
0
142
1.0
295
0
296
0
143
3.75
271
0
272
9
273
9
  0
DICTIONARY
  5
2D
330
A
100
AcDbDictionary
280
1
281
1
  3
CREATED_BY_EZDXF
350
2E
  3
WRITTEN_BY_EZDXF
350
85D
  0
DICTIONARYVAR
  5
2E
330
2D
100
DictionaryVariables
280
0
  1
0.0 @ 2000-01-01T00:00:00.000000+00:00
  0
VISUALSTYLE
  5
5A
102
{ACAD_REACTORS
330
16
102
}
330
16
100
AcDbVisualStyle
  2
2dWireframe
 70
4
 90
0
 40
0.6
 62
7
290
0
291
0
  0
VISUALSTYLE
  5
5B
102
{ACAD_REACTORS
330
16
102
}
330
16
100
AcDbVisualStyle
  2
Basic
 70
7
 90
1
 40
0.6
 62
7
290
0
291
1
  0
VISUALSTYLE
  5
5C
102
{ACAD_REACTORS
330
16
102
}
330
16
100
AcDbVisualStyle
  2
Brighten
 70
12
 90
2
 40
0.6
 62
7
290
0
291
1
  0
VISUALSTYLE
  5
5D
102
{ACAD_REACTORS
330
16
102
}
330
16
100
AcDbVisualStyle
  2
ColorChange
 70
16
 90
2
 40
0.6
 62
8
290
0
291
1
  0
VISUALSTYLE
  5
5E
102
{ACAD_REACTORS
330
16
102
}
330
16
100
AcDbVisualStyle
  2
Conceptual
 70
9
 90
3
 40
0.6
 62
7
290
0
291
0
  0
VISUALSTYLE
  5
5F
102
{ACAD_REACTORS
330
16
102
}
330
16
100
AcDbVisualStyle
  2
Dim
 70
11
 90
2
 40
0.6
 62
7
290
0
291
1
  0
VISUALSTYLE
  5
60
102
{ACAD_REACTORS
330
16
102
}
330
16
100
AcDbVisualStyle
  2
EdgeColorOff
 70
22
 90
2
 40
0.6
 62
7
290
0
291
1
  0
VISUALSTYLE
  5
61
102
{ACAD_REACTORS
330
16
102
}
330
16
100
AcDbVisualStyle
  2
Facepattern
 70
15
 90
2
 40
0.6
 62
7
290
0
291
1
  0
VISUALSTYLE
  5
62
102
{ACAD_REACTORS
330
16
102
}
330
16
100
AcDbVisualStyle
  2
Flat
 70
0
 90
2
 40
0.6
 62
7
290
0
291
1
  0
VISUALSTYLE
  5
63
102
{ACAD_REACTORS
330
16
102
}
330
16
100
AcDbVisualStyle
  2
FlatWithEdges
 70
1
 90
2
 40
0.6
 62
7
290
0
291
1
  0
VISUALSTYLE
  5
64
102
{ACAD_REACTORS
330
16
102
}
330
16
100
AcDbVisualStyle
  2
Gouraud
 70
2
 90
2
 40
0.6
 62
7
290
0
291
1
  0
VISUALSTYLE
  5
65
102
{ACAD_REACTORS
330
16
102
}
330
16
100
AcDbVisualStyle
  2
GouraudWithEdges
 70
3
 90
2
 40
0.6
 62
7
290
0
291
1
  0
VISUALSTYLE
  5
66
102
{ACAD_REACTORS
330
16
102
}
330
16
100
AcDbVisualStyle
  2
Hidden
 70
6
 90
1
 40
0.6
 62
7
290
0
291
0
  0
VISUALSTYLE
  5
67
102
{ACAD_REACTORS
330
16
102
}
330
16
100
AcDbVisualStyle
  2
JitterOff
 70
20
 90
2
 40
0.6
 62
7
290
0
291
1
  0
VISUALSTYLE
  5
68
102
{ACAD_REACTORS
330
16
102
}
330
16
100
AcDbVisualStyle
  2
Linepattern
 70
14
 90
2
 40
0.6
 62
7
290
0
291
1
  0
VISUALSTYLE
  5
69
102
{ACAD_REACTORS
330
16
102
}
330
16
100
AcDbVisualStyle
  2
Modeling
 70
10
 90
2
 40
0.6
 62
7
290
0
291
0
  0
VISUALSTYLE
  5
6A
102
{ACAD_REACTORS
330
16
102
}
330
16
100
AcDbVisualStyle
  2
OverhangOff
 70
21
 90
2
 40
0.6
 62
7
290
0
291
1
  0
VISUALSTYLE
  5
6B
102
{ACAD_REACTORS
330
16
102
}
330
16
100
AcDbVisualStyle
  2
Realistic
 70
8
 90
2
 40
0.6
 62
7
290
0
291
0
  0
VISUALSTYLE
  5
6C
102
{ACAD_REACTORS
330
16
102
}
330
16
100
AcDbVisualStyle
  2
Shaded
 70
27
 90
2
 40
0.6
 62
7
290
0
291
0
  0
VISUALSTYLE
  5
6D
102
{ACAD_REACTORS
330
16
102
}
330
16
100
AcDbVisualStyle
  2
Shaded with edges
 70
26
 90
2
 40
0.6
 62
7
290
0
291
0
  0
VISUALSTYLE
  5
6E
102
{ACAD_REACTORS
330
16
102
}
330
16
100
AcDbVisualStyle
  2
Shades of Gray
 70
23
 90
2
 40
0.6
 62
7
290
0
291
0
  0
VISUALSTYLE
  5
6F
102
{ACAD_REACTORS
330
16
102
}
330
16
100
AcDbVisualStyle
  2
Sketchy
 70
24
 90
1
 40
0.6
 62
7
290
0
291
0
  0
VISUALSTYLE
  5
70
102
{ACAD_REACTORS
330
16
102
}
330
16
100
AcDbVisualStyle
  2
Thicken
 70
13
 90
2
 40
0.6
 62
7
290
0
291
1
  0
VISUALSTYLE
  5
71
102
{ACAD_REACTORS
330
16
102
}
330
16
100
AcDbVisualStyle
  2
Wireframe
 70
5
 90
0
 40
0.6
 62
7
290
0
291
0
  0
VISUALSTYLE
  5
72
102
{ACAD_REACTORS
330
16
102
}
330
16
100
AcDbVisualStyle
  2
X-Ray
 70
25
 90
2
 40
0.5
 62
7
290
0
291
0
  0
LAYOUT
  5
7E6
330
D
100
AcDbPlotSettings
  1

  2
DWG to PDF.pc3
  4
ezdxf_(841.00_x_594.00_MM)
  6

 40
0.0
 41
0.0
 42
0.0
 43
0.0
 44
841.0
 45
594.0
 46
0.0
 47
0.0
 48
0.0
 49
0.0
140
0.0
141
0.0
142
1.0
143
1.0
 70
672
 72
1
 73
0
 74
5
  7

 75
16
 76
0
 77
2
 78
300
147
1.0
148
0.0
149
0.0
100
AcDbLayout
  1
A-01 GROUND FLOOR PLAN
 70
1
 71
3
 10
-0.0
 20
-0.0
 11
841.0
 21
594.0
 12
0.0
 22
0.0
 32
0.0
 14
1e+20
 24
1e+20
 34
1e+20
 15
-1e+20
 25
-1e+20
 35
-1e+20
146
0.0
 13
0.0
 23
0.0
 33
0.0
 16
1.0
 26
0.0
 36
0.0
 17
0.0
 27
1.0
 37
0.0
 76
1
330
7E3
331
7E7
  0
LAYOUT
  5
805
330
D
100
AcDbPlotSettings
  1

  2
DWG to PDF.pc3
  4
ezdxf_(841.00_x_594.00_MM)
  6

 40
0.0
 41
0.0
 42
0.0
 43
0.0
 44
841.0
 45
594.0
 46
0.0
 47
0.0
 48
0.0
 49
0.0
140
0.0
141
0.0
142
1.0
143
1.0
 70
672
 72
1
 73
0
 74
5
  7

 75
16
 76
0
 77
2
 78
300
147
1.0
148
0.0
149
0.0
100
AcDbLayout
  1
A-02 TYPICAL FLOOR PLAN (1ST TO 6TH)
 70
1
 71
4
 10
-0.0
 20
-0.0
 11
841.0
 21
594.0
 12
0.0
 22
0.0
 32
0.0
 14
1e+20
 24
1e+20
 34
1e+20
 15
-1e+20
 25
-1e+20
 35
-1e+20
146
0.0
 13
0.0
 23
0.0
 33
0.0
 16
1.0
 26
0.0
 36
0.0
 17
0.0
 27
1.0
 37
0.0
 76
1
330
802
331
806
  0
LAYOUT
  5
824
330
D
100
AcDbPlotSettings
  1

  2
DWG to PDF.pc3
  4
ezdxf_(841.00_x_594.00_MM)
  6

 40
0.0
 41
0.0
 42
0.0
 43
0.0
 44
841.0
 45
594.0
 46
0.0
 47
0.0
 48
0.0
 49
0.0
140
0.0
141
0.0
142
1.0
143
1.0
 70
672
 72
1
 73
0
 74
5
  7

 75
16
 76
0
 77
2
 78
300
147
1.0
148
0.0
149
0.0
100
AcDbLayout
  1
A-03 ROOM FINISH SCHEDULE AND WALL TYPES
 70
1
 71
5
 10
-0.0
 20
-0.0
 11
841.0
 21
594.0
 12
0.0
 22
0.0
 32
0.0
 14
1e+20
 24
1e+20
 34
1e+20
 15
-1e+20
 25
-1e+20
 35
-1e+20
146
0.0
 13
0.0
 23
0.0
 33
0.0
 16
1.0
 26
0.0
 36
0.0
 17
0.0
 27
1.0
 37
0.0
 76
1
330
821
331
825
  0
LAYOUT
  5
843
330
D
100
AcDbPlotSettings
  1

  2
DWG to PDF.pc3
  4
ezdxf_(594.00_x_420.00_MM)
  6

 40
0.0
 41
0.0
 42
0.0
 43
0.0
 44
594.0
 45
420.0
 46
0.0
 47
0.0
 48
0.0
 49
0.0
140
0.0
141
0.0
142
1.0
143
1.0
 70
672
 72
1
 73
0
 74
5
  7

 75
16
 76
0
 77
2
 78
300
147
1.0
148
0.0
149
0.0
100
AcDbLayout
  1
A-04 SECTION A-A
 70
1
 71
6
 10
-0.0
 20
-0.0
 11
594.0
 21
420.0
 12
0.0
 22
0.0
 32
0.0
 14
1e+20
 24
1e+20
 34
1e+20
 15
-1e+20
 25
-1e+20
 35
-1e+20
146
0.0
 13
0.0
 23
0.0
 33
0.0
 16
1.0
 26
0.0
 36
0.0
 17
0.0
 27
1.0
 37
0.0
 76
1
330
840
331
844
  0
DICTIONARYVAR
  5
85D
330
2D
100
DictionaryVariables
280
0
  1
0.0 @ 2000-01-01T00:00:00.000000+00:00
  0
ENDSEC
  0
EOF
