  0
SECTION
  2
HEADER
  9
$ACADVER
  1
AC1018
  9
$ACADMAINTVER
 70
0
  9
$DWGCODEPAGE
  3
ANSI_1252
  9
$LASTSAVEDBY
  1
ezdxf
  9
$INSBASE
 10
0.0
 20
0.0
 30
0.0
  9
$EXTMIN
 10
1e+20
 20
1e+20
 30
1e+20
  9
$EXTMAX
 10
-1e+20
 20
-1e+20
 30
-1e+20
  9
$LIMMIN
 10
0.0
 20
0.0
  9
$LIMMAX
 10
420.0
 20
297.0
  9
$ORTHOMODE
 70
0
  9
$REGENMODE
 70
1
  9
$FILLMODE
 70
1
  9
$QTEXTMODE
 70
0
  9
$MIRRTEXT
 70
1
  9
$LTSCALE
 40
1.0
  9
$ATTMODE
 70
1
  9
$TEXTSIZE
 40
2.5
  9
$TRACEWID
 40
1.0
  9
$TEXTSTYLE
  7
OpenSans
  9
$CLAYER
  8
0
  9
$CELTYPE
  6
ByLayer
  9
$CECOLOR
 62
256
  9
$CELTSCALE
 40
1.0
  9
$DISPSILH
 70
0
  9
$DIMSCALE
 40
1.0
  9
$DIMASZ
 40
0.175
  9
$DIMEXO
 40
0.125
  9
$DIMDLI
 40
3.75
  9
$DIMRND
 40
0.0
  9
$DIMDLE
 40
0.0
  9
$DIMEXE
 40
0.375
  9
$DIMTP
 40
0.0
  9
$DIMTM
 40
0.0
  9
$DIMTXT
 40
0.25
  9
$DIMCEN
 40
2.5
  9
$DIMTSZ
 40
0.0
  9
$DIMTOL
 70
0
  9
$DIMLIM
 70
0
  9
$DIMTIH
 70
0
  9
$DIMTOH
 70
0
  9
$DIMSE1
 70
0
  9
$DIMSE2
 70
0
  9
$DIMTAD
 70
1
  9
$DIMZIN
 70
12
  9
$DIMBLK
  1
ARCHTICK
  9
$DIMASO
 70
1
  9
$DIMSHO
 70
1
  9
$DIMPOST
  1

  9
$DIMAPOST
  1

  9
$DIMALT
 70
0
  9
$DIMALTD
 70
3
  9
$DIMALTF
 40
0.03937007874
  9
$DIMLFAC
 40
100.0
  9
$DIMTOFL
 70
1
  9
$DIMTVP
 40
0.0
  9
$DIMTIX
 70
0
  9
$DIMSOXD
 70
0
  9
$DIMSAH
 70
0
  9
$DIMBLK1
  1

  9
$DIMBLK2
  1

  9
$DIMSTYLE
  2
EZDXF
  9
$DIMCLRD
 70
0
  9
$DIMCLRE
 70
0
  9
$DIMCLRT
 70
0
  9
$DIMTFAC
 40
0.5
  9
$DIMGAP
 40
0.1
  9
$DIMJUST
 70
0
  9
$DIMSD1
 70
0
  9
$DIMSD2
 70
0
  9
$DIMTOLJ
 70
0
  9
$DIMTZIN
 70
8
  9
$DIMALTZ
 70
0
  9
$DIMALTTZ
 70
0
  9
$DIMUPT
 70
1
  9
$DIMDEC
 70
2
  9
$DIMTDEC
 70
2
  9
$DIMALTU
 70
2
  9
$DIMALTTD
 70
3
  9
$DIMTXSTY
  7
OpenSansCondensed-Light
  9
$DIMAUNIT
 70
0
  9
$DIMADEC
 70
2
  9
$DIMALTRND
 40
0.0
  9
$DIMAZIN
 70
3
  9
$DIMDSEP
 70
46
  9
$DIMATFIT
 70
3
  9
$DIMFRAC
 70
0
  9
$DIMLDRBLK
  1

  9
$DIMLUNIT
 70
2
  9
$DIMLWD
 70
-2
  9
$DIMLWE
 70
-2
  9
$DIMTMOVE
 70
2
  9
$LUNITS
 70
2
  9
$LUPREC
 70
4
  9
$SKETCHINC
 40
1.0
  9
$FILLETRAD
 40
10.0
  9
$AUNITS
 70
0
  9
$AUPREC
 70
2
  9
$MENU
  1
.
  9
$ELEVATION
 40
0.0
  9
$PELEVATION
 40
0.0
  9
$THICKNESS
 40
0.0
  9
$LIMCHECK
 70
0
  9
$CHAMFERA
 40
0.0
  9
$CHAMFERB
 40
0.0
  9
$CHAMFERC
 40
0.0
  9
$CHAMFERD
 40
0.0
  9
$SKPOLY
 70
0
  9
$TDCREATE
 40
2451545.0
  9
$TDUCREATE
 40
2451545.0
  9
$TDUPDATE
 40
2451545.0
  9
$TDUUPDATE
 40
2451545.0
  9
$TDINDWG
 40
0.0
  9
$TDUSRTIMER
 40
0.0
  9
$USRTIMER
 70
1
  9
$ANGBASE
 50
0.0
  9
$ANGDIR
 70
0
  9
$PDMODE
 70
0
  9
$PDSIZE
 40
0.0
  9
$PLINEWID
 40
0.0
  9
$SPLFRAME
 70
0
  9
$SPLINETYPE
 70
6
  9
$SPLINESEGS
 70
8
  9
$HANDSEED
  5
6C6
  9
$SURFTAB1
 70
6
  9
$SURFTAB2
 70
6
  9
$SURFTYPE
 70
6
  9
$SURFU
 70
6
  9
$SURFV
 70
6
  9
$UCSBASE
  2

  9
$UCSNAME
  2

  9
$UCSORG
 10
0.0
 20
0.0
 30
0.0
  9
$UCSXDIR
 10
1.0
 20
0.0
 30
0.0
  9
$UCSYDIR
 10
0.0
 20
1.0
 30
0.0
  9
$UCSORTHOREF
  2

  9
$UCSORTHOVIEW
 70
0
  9
$UCSORGTOP
 10
0.0
 20
0.0
 30
0.0
  9
$UCSORGBOTTOM
 10
0.0
 20
0.0
 30
0.0
  9
$UCSORGLEFT
 10
0.0
 20
0.0
 30
0.0
  9
$UCSORGRIGHT
 10
0.0
 20
0.0
 30
0.0
  9
$UCSORGFRONT
 10
0.0
 20
0.0
 30
0.0
  9
$UCSORGBACK
 10
0.0
 20
0.0
 30
0.0
  9
$PUCSBASE
  2

  9
$PUCSNAME
  2

  9
$PUCSORG
 10
0.0
 20
0.0
 30
0.0
  9
$PUCSXDIR
 10
1.0
 20
0.0
 30
0.0
  9
$PUCSYDIR
 10
0.0
 20
1.0
 30
0.0
  9
$PUCSORTHOREF
  2

  9
$PUCSORTHOVIEW
 70
0
  9
$PUCSORGTOP
 10
0.0
 20
0.0
 30
0.0
  9
$PUCSORGBOTTOM
 10
0.0
 20
0.0
 30
0.0
  9
$PUCSORGLEFT
 10
0.0
 20
0.0
 30
0.0
  9
$PUCSORGRIGHT
 10
0.0
 20
0.0
 30
0.0
  9
$PUCSORGFRONT
 10
0.0
 20
0.0
 30
0.0
  9
$PUCSORGBACK
 10
0.0
 20
0.0
 30
0.0
  9
$USERI1
 70
0
  9
$USERI2
 70
0
  9
$USERI3
 70
0
  9
$USERI4
 70
0
  9
$USERI5
 70
0
  9
$USERR1
 40
0.0
  9
$USERR2
 40
0.0
  9
$USERR3
 40
0.0
  9
$USERR4
 40
0.0
  9
$USERR5
 40
0.0
  9
$WORLDVIEW
 70
1
  9
$SHADEDGE
 70
3
  9
$SHADEDIF
 70
70
  9
$TILEMODE
 70
1
  9
$MAXACTVP
 70
64
  9
$PINSBASE
 10
0.0
 20
0.0
 30
0.0
  9
$PLIMCHECK
 70
0
  9
$PEXTMIN
 10
1e+20
 20
1e+20
 30
1e+20
  9
$PEXTMAX
 10
-1e+20
 20
-1e+20
 30
-1e+20
  9
$PLIMMIN
 10
-0.0
 20
-0.0
  9
$PLIMMAX
 10
420.0
 20
297.0
  9
$UNITMODE
 70
0
  9
$VISRETAIN
 70
1
  9
$PLINEGEN
 70
0
  9
$PSLTSCALE
 70
1
  9
$TREEDEPTH
 70
3020
  9
$CMLSTYLE
  2
Standard
  9
$CMLJUST
 70
0
  9
$CMLSCALE
 40
20.0
  9
$PROXYGRAPHICS
 70
1
  9
$MEASUREMENT
 70
1
  9
$CELWEIGHT
370
-1
  9
$ENDCAPS
280
0
  9
$JOINSTYLE
280
0
  9
$LWDISPLAY
290
0
  9
$INSUNITS
 70
4
  9
$HYPERLINKBASE
  1

  9
$STYLESHEET
  1

  9
$XEDIT
290
1
  9
$CEPSNTYPE
380
0
  9
$PSTYLEMODE
290
1
  9
$FINGERPRINTGUID
  2
{00000000-0000-0000-0000-000000000000}
  9
$VERSIONGUID
  2
{00000000-0000-0000-0000-000000000000}
  9
$EXTNAMES
290
1
  9
$PSVPSCALE
 40
0.0
  9
$OLESTARTUP
290
0
  9
$SORTENTS
280
127
  9
$INDEXCTL
280
0
  9
$HIDETEXT
280
1
  9
$XCLIPFRAME
290
1
  9
$HALOGAP
280
0
  9
$OBSCOLOR
 70
257
  9
$OBSLTYPE
280
0
  9
$INTERSECTIONDISPLAY
280
0
  9
$INTERSECTIONCOLOR
 70
257
  9
$DIMASSOC
280
2
  9
$PROJECTNAME
  1

  0
ENDSEC
  0
SECTION
  2
CLASSES
  0
CLASS
  1
ACDBDICTIONARYWDFLT
  2
AcDbDictionaryWithDefault
  3
ObjectDBX Classes
 90
0
 91
0
280
0
281
0
  0
CLASS
  1
ACDBPLACEHOLDER
  2
AcDbPlaceHolder
  3
ObjectDBX Classes
 90
0
 91
0
280
0
281
0
  0
CLASS
  1
DICTIONARYVAR
  2
AcDbDictionaryVar
  3
ObjectDBX Classes
 90
0
 91
0
280
0
281
0
  0
CLASS
  1
LAYOUT
  2
AcDbLayout
  3
ObjectDBX Classes
 90
0
 91
0
280
0
281
0
  0
CLASS
  1
MATERIAL
  2
AcDbMaterial
  3
ObjectDBX Classes
 90
1153
 91
0
280
0
281
0
  0
CLASS
  1
MLEADERSTYLE
  2
AcDbMLeaderStyle
  3
ACDB_MLEADERSTYLE_CLASS
 90
4095
 91
0
280
0
281
0
  0
CLASS
  1
VISUALSTYLE
  2
AcDbVisualStyle
  3
ObjectDBX Classes
 90
4095
 91
0
280
0
281
0
  0
CLASS
  1
SUN
  2
AcDbSun
  3
SCENEOE
 90
1153
 91
0
280
0
281
0
  0
CLASS
  1
SCALE
  2
AcDbScale
  3
ObjectDBX Classes
 90
1153
 91
0
280
0
281
0
  0
CLASS
  1
TABLESTYLE
  2
AcDbTableStyle
  3
ObjectDBX Classes
 90
4095
 91
0
280
0
281
0
  0
CLASS
  1
CELLSTYLEMAP
  2
AcDbCellStyleMap
  3
ObjectDBX Classes
 90
1152
 91
0
280
0
281
0
  0
CLASS
  1
MENTALRAYRENDERSETTINGS
  2
AcDbMentalRayRenderSettings
  3
SCENEOE
 90
1024
 91
0
280
0
281
0
  0
CLASS
  1
ACDBDETAILVIEWSTYLE
  2
AcDbDetailViewStyle
  3
ObjectDBX Classes
 90
1025
 91
0
280
0
281
0
  0
CLASS
  1
ACDBSECTIONVIEWSTYLE
  2
AcDbSectionViewStyle
  3
ObjectDBX Classes
 90
1025
 91
0
280
0
281
0
  0
CLASS
  1
RASTERVARIABLES
  2
AcDbRasterVariables
  3
ISM
 90
0
 91
0
280
0
281
0
  0
ENDSEC
  0
SECTION
  2
TABLES
  0
TABLE
  2
VPORT
  5
8
330
0
100
AcDbSymbolTable
 70
1
  0
VPORT
  5
23
330
8
100
AcDbSymbolTableRecord
100
AcDbViewportTableRecord
  2
*Active
 70
0
 10
0.0
 20
0.0
 11
1.0
 21
1.0
 12
0.0
 22
0.0
 13
0.0
 23
0.0
 14
0.5
 24
0.5
 15
0.5
 25
0.5
 16
0.0
 26
0.0
 36
1.0
 17
0.0
 27
0.0
 37
0.0
 40
1000.0
 41
1.34
 42
50.0
 43
0.0
 44
0.0
 50
0.0
 51
0.0
 71
0
 72
1000
 73
1
 74
3
 75
0
 76
0
 77
0
 78
0
281
0
 65
0
146
0.0
  0
ENDTAB
  0
TABLE
  2
LTYPE
  5
2
330
0
100
AcDbSymbolTable
 70
21
  0
LTYPE
  5
24
330
2
100
AcDbSymbolTableRecord
100
AcDbLinetypeTableRecord
  2
ByBlock
 70
0
  3

 72
65
 73
0
 40
0.0
  0
LTYPE
  5
25
330
2
100
AcDbSymbolTableRecord
100
AcDbLinetypeTableRecord
  2
ByLayer
 70
0
  3

 72
65
 73
0
 40
0.0
  0
LTYPE
  5
26
330
2
100
AcDbSymbolTableRecord
100
AcDbLinetypeTableRecord
  2
Continuous
 70
0
  3

 72
65
 73
0
 40
0.0
  0
LTYPE
  5
2F
330
2
100
AcDbSymbolTableRecord
100
AcDbLinetypeTableRecord
  2
CENTER
 70
0
  3
Center ____ _ ____ _ ____ _ ____ _ ____ _ ____
 72
65
 73
4
 40
5.08
 49
3.175
 74
0
 49
-0.635
 74
0
 49
0.635
 74
0
 49
-0.635
 74
0
  0
LTYPE
  5
30
330
2
100
AcDbSymbolTableRecord
100
AcDbLinetypeTableRecord
  2
CENTERX2
 70
0
  3
Center (2x) ________  __  ________  __  ________
 72
65
 73
4
 40
8.89
 49
6.35
 74
0
 49
-0.635
 74
0
 49
1.27
 74
0
 49
-0.635
 74
0
  0
LTYPE
  5
31
330
2
100
AcDbSymbolTableRecord
100
AcDbLinetypeTableRecord
  2
CENTER2
 70
0
  3
Center (.5x) ____ _ ____ _ ____ _ ____ _ ____
 72
65
 73
4
 40
2.54
 49
1.587
 74
0
 49
-0.318
 74
0
 49
0.318
 74
0
 49
-0.318
 74
0
  0
LTYPE
  5
32
330
2
100
AcDbSymbolTableRecord
100
AcDbLinetypeTableRecord
  2
DASHED
 70
0
  3
Dashed __ __ __ __ __ __ __ __ __ __ __ __ __ _
 72
65
 73
2
 40
1.524
 49
1.27
 74
0
 49
-0.254
 74
0
  0
LTYPE
  5
33
330
2
100
AcDbSymbolTableRecord
100
AcDbLinetypeTableRecord
  2
DASHEDX2
 70
0
  3
Dashed (2x) ____  ____  ____  ____  ____  ____
 72
65
 73
2
 40
3.048
 49
2.54
 74
0
 49
-0.508
 74
0
  0
LTYPE
  5
34
330
2
100
AcDbSymbolTableRecord
100
AcDbLinetypeTableRecord
  2
DASHED2
 70
0
  3
Dashed (.5x) _ _ _ _ _ _ _ _ _ _ _ _ _ _
 72
65
 73
2
 40
0.762
 49
0.635
 74
0
 49
-0.127
 74
0
  0
LTYPE
  5
35
330
2
100
AcDbSymbolTableRecord
100
AcDbLinetypeTableRecord
  2
PHANTOM
 70
0
  3
Phantom ______  __  __  ______  __  __  ______
 72
65
 73
6
 40
6.35
 49
3.175
 74
0
 49
-0.635
 74
0
 49
0.635
 74
0
 49
-0.635
 74
0
 49
0.635
 74
0
 49
-0.635
 74
0
  0
LTYPE
  5
36
330
2
100
AcDbSymbolTableRecord
100
AcDbLinetypeTableRecord
  2
PHANTOMX2
 70
0
  3
Phantom (2x)____________    ____    ____    ____________
 72
65
 73
6
 40
10.795
 49
6.35
 74
0
 49
-0.635
 74
0
 49
1.27
 74
0
 49
-0.635
 74
0
 49
1.27
 74
0
 49
-0.635
 74
0
  0
LTYPE
  5
37
330
2
100
AcDbSymbolTableRecord
100
AcDbLinetypeTableRecord
  2
PHANTOM2
 70
0
  3
Phantom (.5x) ___ _ _ ___ _ _ ___ _ _ ___ _ _ ___
 72
65
 73
6
 40
3.175
 49
1.587
 74
0
 49
-0.318
 74
0
 49
0.318
 74
0
 49
-0.318
 74
0
 49
0.318
 74
0
 49
-0.318
 74
0
  0
LTYPE
  5
38
330
2
100
AcDbSymbolTableRecord
100
AcDbLinetypeTableRecord
  2
DASHDOT
 70
0
  3
Dash dot __ . __ . __ . __ . __ . __ . __ . __
 72
65
 73
4
 40
3.556
 49
2.54
 74
0
 49
-0.508
 74
0
 49
0.0
 74
0
 49
-0.508
 74
0
  0
LTYPE
  5
39
330
2
100
AcDbSymbolTableRecord
100
AcDbLinetypeTableRecord
  2
DASHDOTX2
 70
0
  3
Dash dot (2x) ____  .  ____  .  ____  .  ____
 72
65
 73
4
 40
6.096
 49
5.08
 74
0
 49
-0.508
 74
0
 49
0.0
 74
0
 49
-0.508
 74
0
  0
LTYPE
  5
3A
330
2
100
AcDbSymbolTableRecord
100
AcDbLinetypeTableRecord
  2
DASHDOT2
 70
0
  3
Dash dot (.5x) _ . _ . _ . _ . _ . _ . _ . _
 72
65
 73
4
 40
1.778
 49
1.27
 74
0
 49
-0.254
 74
0
 49
0.0
 74
0
 49
-0.254
 74
0
  0
LTYPE
  5
3B
330
2
100
AcDbSymbolTableRecord
100
AcDbLinetypeTableRecord
  2
DOT
 70
0
  3
Dot .  .  .  .  .  .  .  .  .  .  .  .  .  .  .  .
 72
65
 73
2
 40
0.508
 49
0.0
 74
0
 49
-0.508
 74
0
  0
LTYPE
  5
3C
330
2
100
AcDbSymbolTableRecord
100
AcDbLinetypeTableRecord
  2
DOTX2
 70
0
  3
Dot (2x) .    .    .    .    .    .    .    . 
 72
65
 73
2
 40
1.016
 49
0.0
 74
0
 49
-1.016
 74
0
  0
LTYPE
  5
3D
330
2
100
AcDbSymbolTableRecord
100
AcDbLinetypeTableRecord
  2
DOT2
 70
0
  3
Dot (.5) . . . . . . . . . . . . . . . . . . . 
 72
65
 73
2
 40
0.254
 49
0.0
 74
0
 49
-0.254
 74
0
  0
LTYPE
  5
3E
330
2
100
AcDbSymbolTableRecord
100
AcDbLinetypeTableRecord
  2
DIVIDE
 70
0
  3
Divide __ . . __ . . __ . . __ . . __ . . __
 72
65
 73
6
 40
4.064
 49
2.54
 74
0
 49
-0.508
 74
0
 49
0.0
 74
0
 49
-0.508
 74
0
 49
0.0
 74
0
 49
-0.508
 74
0
  0
LTYPE
  5
3F
330
2
100
AcDbSymbolTableRecord
100
AcDbLinetypeTableRecord
  2
DIVIDEX2
 70
0
  3
Divide (2x) ____  . .  ____  . .  ____  . .  ____
 72
65
 73
6
 40
6.604
 49
5.08
 74
0
 49
-0.508
 74
0
 49
0.0
 74
0
 49
-0.508
 74
0
 49
0.0
 74
0
 49
-0.508
 74
0
  0
LTYPE
  5
40
330
2
100
AcDbSymbolTableRecord
100
AcDbLinetypeTableRecord
  2
DIVIDE2
 70
0
  3
Divide(.5x) _ . _ . _ . _ . _ . _ . _ . _
 72
65
 73
6
 40
2.032
 49
1.27
 74
0
 49
-0.254
 74
0
 49
0.0
 74
0
 49
-0.254
 74
0
 49
0.0
 74
0
 49
-0.254
 74
0
  0
ENDTAB
  0
TABLE
  2
LAYER
  5
1
330
0
100
AcDbSymbolTable
 70
11
  0
LAYER
  5
27
330
1
100
AcDbSymbolTableRecord
100
AcDbLayerTableRecord
  2
0
 70
0
 62
7
  6
Continuous
370
-3
390
13
  0
LAYER
  5
28
330
1
100
AcDbSymbolTableRecord
100
AcDbLayerTableRecord
  2
Defpoints
 70
0
 62
7
  6
Continuous
290
0
370
-3
390
13
  0
LAYER
  5
8A
330
1
100
AcDbSymbolTableRecord
100
AcDbLayerTableRecord
  2
S-GRID
 70
0
 62
8
  6
Continuous
370
-3
390
13
  0
LAYER
  5
8B
330
1
100
AcDbSymbolTableRecord
100
AcDbLayerTableRecord
  2
S-COLS
 70
0
 62
1
  6
Continuous
370
-3
390
13
  0
LAYER
  5
8C
330
1
100
AcDbSymbolTableRecord
100
AcDbLayerTableRecord
  2
S-BEAM
 70
0
 62
4
  6
Continuous
370
-3
390
13
  0
LAYER
  5
8D
330
1
100
AcDbSymbolTableRecord
100
AcDbLayerTableRecord
  2
S-FDN
 70
0
 62
3
  6
Continuous
370
-3
390
13
  0
LAYER
  5
8E
330
1
100
AcDbSymbolTableRecord
100
AcDbLayerTableRecord
  2
S-SLAB
 70
0
 62
5
  6
Continuous
370
-3
390
13
  0
LAYER
  5
8F
330
1
100
AcDbSymbolTableRecord
100
AcDbLayerTableRecord
  2
S-TEXT
 70
0
 62
7
  6
Continuous
370
-3
390
13
  0
LAYER
  5
90
330
1
100
AcDbSymbolTableRecord
100
AcDbLayerTableRecord
  2
S-DIMS
 70
0
 62
6
  6
Continuous
370
-3
390
13
  0
LAYER
  5
91
330
1
100
AcDbSymbolTableRecord
100
AcDbLayerTableRecord
  2
S-TITLE
 70
0
 62
7
  6
Continuous
370
-3
390
13
  0
LAYER
  5
92
330
1
100
AcDbSymbolTableRecord
100
AcDbLayerTableRecord
  2
S-LINE
 70
0
 62
7
  6
Continuous
370
-3
390
13
  0
ENDTAB
  0
TABLE
  2
STYLE
  5
5
330
0
100
AcDbSymbolTable
 70
26
  0
STYLE
  5
29
330
5
100
AcDbSymbolTableRecord
100
AcDbTextStyleTableRecord
  2
Standard
 70
0
 40
0.0
 41
1.0
 50
0.0
 71
0
 42
2.5
  3
txt
  4

  0
STYLE
  5
41
330
5
100
AcDbSymbolTableRecord
100
AcDbTextStyleTableRecord
  2
OpenSans-Light
 70
0
 40
0.0
 41
1.0
 50
0.0
 71
0
 42
2.5
  3
OpenSans-Light.ttf
  4

  0
STYLE
  5
42
330
5
100
AcDbSymbolTableRecord
100
AcDbTextStyleTableRecord
  2
OpenSans-Light-Italic
 70
0
 40
0.0
 41
1.0
 50
0.0
 71
0
 42
2.5
  3
OpenSans-LightItalic.ttf
  4

  0
STYLE
  5
43
330
5
100
AcDbSymbolTableRecord
100
AcDbTextStyleTableRecord
  2
OpenSans
 70
0
 40
0.0
 41
1.0
 50
0.0
 71
0
 42
2.5
  3
OpenSans-Regular.ttf
  4

  0
STYLE
  5
44
330
5
100
AcDbSymbolTableRecord
100
AcDbTextStyleTableRecord
  2
OpenSans-Italic
 70
0
 40
0.0
 41
1.0
 50
0.0
 71
0
 42
2.5
  3
OpenSans-Italic.ttf
  4

  0
STYLE
  5
45
330
5
100
AcDbSymbolTableRecord
100
AcDbTextStyleTableRecord
  2
OpenSans-SemiBold
 70
0
 40
0.0
 41
1.0
 50
0.0
 71
0
 42
2.5
  3
OpenSans-SemiBold.ttf
  4

  0
STYLE
  5
46
330
5
100
AcDbSymbolTableRecord
100
AcDbTextStyleTableRecord
  2
OpenSans-SemiBoldItalic
 70
0
 40
0.0
 41
1.0
 50
0.0
 71
0
 42
2.5
  3
OpenSans-SemiBoldItalic.ttf
  4

  0
STYLE
  5
47
330
5
100
AcDbSymbolTableRecord
100
AcDbTextStyleTableRecord
  2
OpenSans-Bold
 70
0
 40
0.0
 41
1.0
 50
0.0
 71
0
 42
2.5
  3
OpenSans-Bold.ttf
  4

  0
STYLE
  5
48
330
5
100
AcDbSymbolTableRecord
100
AcDbTextStyleTableRecord
  2
OpenSans-BoldItalic
 70
0
 40
0.0
 41
1.0
 50
0.0
 71
0
 42
2.5
  3
OpenSans-BoldItalic.ttf
  4

  0
STYLE
  5
49
330
5
100
AcDbSymbolTableRecord
100
AcDbTextStyleTableRecord
  2
OpenSans-ExtraBold
 70
0
 40
0.0
 41
1.0
 50
0.0
 71
0
 42
2.5
  3
OpenSans-ExtraBold.ttf
  4

  0
STYLE
  5
4A
330
5
100
AcDbSymbolTableRecord
100
AcDbTextStyleTableRecord
  2
OpenSans-ExtraBoldItalic
 70
0
 40
0.0
 41
1.0
 50
0.0
 71
0
 42
2.5
  3
OpenSans-ExtraBoldItalic.ttf
  4

  0
STYLE
  5
4B
330
5
100
AcDbSymbolTableRecord
100
AcDbTextStyleTableRecord
  2
OpenSansCondensed-Bold
 70
0
 40
0.0
 41
1.0
 50
0.0
 71
0
 42
2.5
  3
OpenSansCondensed-Bold.ttf
  4

  0
STYLE
  5
4C
330
5
100
AcDbSymbolTableRecord
100
AcDbTextStyleTableRecord
  2
OpenSansCondensed-Light
 70
0
 40
0.0
 41
1.0
 50
0.0
 71
0
 42
2.5
  3
OpenSansCondensed-Light.ttf
  4

  0
STYLE
  5
4D
330
5
100
AcDbSymbolTableRecord
100
AcDbTextStyleTableRecord
  2
OpenSansCondensed-Italic
 70
0
 40
0.0
 41
1.0
 50
0.0
 71
0
 42
2.5
  3
OpenSansCondensed-LightItalic.ttf
  4

  0
STYLE
  5
4E
330
5
100
AcDbSymbolTableRecord
100
AcDbTextStyleTableRecord
  2
LiberationSans
 70
0
 40
0.0
 41
1.0
 50
0.0
 71
0
 42
2.5
  3
LiberationSans-Regular.ttf
  4

  0
STYLE
  5
4F
330
5
100
AcDbSymbolTableRecord
100
AcDbTextStyleTableRecord
  2
LiberationSans-Bold
 70
0
 40
0.0
 41
1.0
 50
0.0
 71
0
 42
2.5
  3
LiberationSans-Bold.ttf
  4

  0
STYLE
  5
50
330
5
100
AcDbSymbolTableRecord
100
AcDbTextStyleTableRecord
  2
LiberationSans-BoldItalic
 70
0
 40
0.0
 41
1.0
 50
0.0
 71
0
 42
2.5
  3
LiberationSans-BoldItalic.ttf
  4

  0
STYLE
  5
51
330
5
100
AcDbSymbolTableRecord
100
AcDbTextStyleTableRecord
  2
LiberationSans-Italic
 70
0
 40
0.0
 41
1.0
 50
0.0
 71
0
 42
2.5
  3
LiberationSans-Italic.ttf
  4

  0
STYLE
  5
52
330
5
100
AcDbSymbolTableRecord
100
AcDbTextStyleTableRecord
  2
LiberationSerif
 70
0
 40
0.0
 41
1.0
 50
0.0
 71
0
 42
2.5
  3
LiberationSerif-Regular.ttf
  4

  0
STYLE
  5
53
330
5
100
AcDbSymbolTableRecord
100
AcDbTextStyleTableRecord
  2
LiberationSerif-Bold
 70
0
 40
0.0
 41
1.0
 50
0.0
 71
0
 42
2.5
  3
LiberationSerif-Bold.ttf
  4

  0
STYLE
  5
54
330
5
100
AcDbSymbolTableRecord
100
AcDbTextStyleTableRecord
  2
LiberationSerif-BoldItalic
 70
0
 40
0.0
 41
1.0
 50
0.0
 71
0
 42
2.5
  3
LiberationSerif-BoldItalic.ttf
  4

  0
STYLE
  5
55
330
5
100
AcDbSymbolTableRecord
100
AcDbTextStyleTableRecord
  2
LiberationSerif-Italic
 70
0
 40
0.0
 41
1.0
 50
0.0
 71
0
 42
2.5
  3
LiberationSerif-Italic.ttf
  4

  0
STYLE
  5
56
330
5
100
AcDbSymbolTableRecord
100
AcDbTextStyleTableRecord
  2
LiberationMono
 70
0
 40
0.0
 41
1.0
 50
0.0
 71
0
 42
2.5
  3
LiberationMono-Regular.ttf
  4

  0
STYLE
  5
57
330
5
100
AcDbSymbolTableRecord
100
AcDbTextStyleTableRecord
  2
LiberationMono-Bold
 70
0
 40
0.0
 41
1.0
 50
0.0
 71
0
 42
2.5
  3
LiberationMono-Bold.ttf
  4

  0
STYLE
  5
58
330
5
100
AcDbSymbolTableRecord
100
AcDbTextStyleTableRecord
  2
LiberationMono-BoldItalic
 70
0
 40
0.0
 41
1.0
 50
0.0
 71
0
 42
2.5
  3
LiberationMono-BoldItalic.ttf
  4

  0
STYLE
  5
59
330
5
100
AcDbSymbolTableRecord
100
AcDbTextStyleTableRecord
  2
LiberationMono-Italic
 70
0
 40
0.0
 41
1.0
 50
0.0
 71
0
 42
2.5
  3
LiberationMono-Italic.ttf
  4

  0
ENDTAB
  0
TABLE
  2
VIEW
  5
7
330
0
100
AcDbSymbolTable
 70
0
  0
ENDTAB
  0
TABLE
  2
UCS
  5
6
330
0
100
AcDbSymbolTable
 70
0
  0
ENDTAB
  0
TABLE
  2
APPID
  5
3
330
0
100
AcDbSymbolTable
 70
3
  0
APPID
  5
2A
330
3
100
AcDbSymbolTableRecord
100
AcDbRegAppTableRecord
  2
ACAD
 70
0
  0
APPID
  5
6C3
330
3
100
AcDbSymbolTableRecord
100
AcDbRegAppTableRecord
  2
HATCHBACKGROUNDCOLOR
 70
0
  0
APPID
  5
6C4
330
3
100
AcDbSymbolTableRecord
100
AcDbRegAppTableRecord
  2
EZDXF
 70
0
  0
ENDTAB
  0
TABLE
  2
DIMSTYLE
  5
4
330
0
100
AcDbSymbolTable
 70
12
100
AcDbDimStyleTable
  0
DIMSTYLE
105
2B
330
4
100
AcDbSymbolTableRecord
100
AcDbDimStyleTableRecord
  2
Standard
 70
0
  3

  4

 40
1.0
 41
2.5
 42
0.625
 43
3.75
 44
1.25
 45
0.0
 46
0.0
 47
0.0
 48
0.0
140
2.5
141
2.5
142
0.0
143
0.03937007874
144
1.0
145
0.0
146
1.0
147
0.625
148
0.0
 71
0
 72
0
 73
0
 74
0
 75
0
 76
0
 77
1
 78
8
 79
3
170
0
171
3
172
1
173
0
174
0
175
0
176
0
177
0
178
0
179
2
271
2
272
2
273
2
274
3
275
0
276
0
277
2
278
44
279
0
280
0
281
0
282
0
283
0
284
8
285
0
286
0
288
0
289
3
371
-2
372
-2
  0
DIMSTYLE
105
73
330
4
100
AcDbSymbolTableRecord
100
AcDbDimStyleTableRecord
  2
EZDXF
 70
0
  3

  4

 40
1.0
 41
0.175
 42
0.125
 43
3.75
 44
0.375
 45
0.0
 46
0.0
 47
0.0
 48
0.0
140
0.25
141
2.5
142
0.0
143
0.03937007874
144
100.0
145
0.0
146
0.5
147
0.1
148
0.0
 71
0
 72
0
 73
0
 74
0
 75
0
 76
0
 77
1
 78
12
 79
3
170
0
171
3
172
1
173
0
174
0
175
0
176
0
177
0
178
0
179
2
271
2
272
2
273
2
274
3
275
0
276
0
277
2
278
46
279
2
280
0
281
0
282
0
283
0
284
8
285
0
286
0
288
1
289
3
340
4C
342
74
371
-2
372
-2
  0
DIMSTYLE
105
7C
330
4
100
AcDbSymbolTableRecord
100
AcDbDimStyleTableRecord
  2
EZ_M_100_H25_CM
 70
0
  3

  4

 40
1.0
 41
0.25
 42
0.125
 43
3.75
 44
0.375
 45
0.0
 46
0.0
 47
0.0
 48
0.0
140
0.25
141
2.5
142
0.125
143
0.03937007874
144
100.0
145
0.0
146
0.5
147
0.1
148
0.0
 71
0
 72
0
 73
0
 74
0
 75
0
 76
0
 77
1
 78
12
 79
3
170
0
171
3
172
1
173
0
174
0
175
0
176
0
177
0
178
0
179
2
271
2
272
2
273
2
274
3
275
0
276
0
277
2
278
46
279
2
280
0
281
0
282
0
283
0
284
8
285
0
286
0
288
1
289
3
340
4C
371
-2
372
-2
  0
DIMSTYLE
105
7D
330
4
100
AcDbSymbolTableRecord
100
AcDbDimStyleTableRecord
  2
EZ_M_50_H25_CM
 70
0
  3

  4

 40
1.0
 41
0.125
 42
0.0625
 43
3.75
 44
0.1875
 45
0.0
 46
0.0
 47
0.0
 48
0.0
140
0.125
141
2.5
142
0.0625
143
0.03937007874
144
100.0
145
0.0
146
0.5
147
0.05
148
0.0
 71
0
 72
0
 73
0
 74
0
 75
0
 76
0
 77
1
 78
12
 79
3
170
0
171
3
172
1
173
0
174
0
175
0
176
0
177
0
178
0
179
2
271
2
272
2
273
2
274
3
275
0
276
0
277
2
278
46
279
2
280
0
281
0
282
0
283
0
284
8
285
0
286
0
288
1
289
3
340
4C
371
-2
372
-2
  0
DIMSTYLE
105
7E
330
4
100
AcDbSymbolTableRecord
100
AcDbDimStyleTableRecord
  2
EZ_M_25_H25_CM
 70
0
  3

  4

 40
1.0
 41
0.0625
 42
0.03125
 43
3.75
 44
0.09375
 45
0.0
 46
0.0
 47
0.0
 48
0.0
140
0.0625
141
2.5
142
0.03125
143
0.03937007874
144
100.0
145
0.0
146
0.5
147
0.025
148
0.0
 71
0
 72
0
 73
0
 74
0
 75
0
 76
0
 77
1
 78
12
 79
3
170
0
171
3
172
1
173
0
174
0
175
0
176
0
177
0
178
0
179
2
271
2
272
2
273
2
274
3
275
0
276
0
277
2
278
46
279
2
280
0
281
0
282
0
283
0
284
8
285
0
286
0
288
1
289
3
340
4C
371
-2
372
-2
  0
DIMSTYLE
105
7F
330
4
100
AcDbSymbolTableRecord
100
AcDbDimStyleTableRecord
  2
EZ_M_20_H25_CM
 70
0
  3

  4

 40
1.0
 41
0.05
 42
0.025
 43
3.75
 44
0.07500000000000001
 45
0.0
 46
0.0
 47
0.0
 48
0.0
140
0.05
141
2.5
142
0.025
143
0.03937007874
144
100.0
145
0.0
146
0.5
147
0.020000000000000004
148
0.0
 71
0
 72
0
 73
0
 74
0
 75
0
 76
0
 77
1
 78
12
 79
3
170
0
171
3
172
1
173
0
174
0
175
0
176
0
177
0
178
0
179
2
271
2
272
2
273
2
274
3
275
0
276
0
277
2
278
46
279
2
280
0
281
0
282
0
283
0
284
8
285
0
286
0
288
1
289
3
340
4C
371
-2
372
-2
  0
DIMSTYLE
105
80
330
4
100
AcDbSymbolTableRecord
100
AcDbDimStyleTableRecord
  2
EZ_M_10_H25_CM
 70
0
  3

  4

 40
1.0
 41
0.025
 42
0.0125
 43
3.75
 44
0.037500000000000006
 45
0.0
 46
0.0
 47
0.0
 48
0.0
140
0.025
141
2.5
142
0.0125
143
0.03937007874
144
100.0
145
0.0
146
0.5
147
0.010000000000000002
148
0.0
 71
0
 72
0
 73
0
 74
0
 75
0
 76
0
 77
1
 78
12
 79
3
170
0
171
3
172
1
173
0
174
0
175
0
176
0
177
0
178
0
179
2
271
2
272
2
273
2
274
3
275
0
276
0
277
2
278
46
279
2
280
0
281
0
282
0
283
0
284
8
285
0
286
0
288
1
289
3
340
4C
371
-2
372
-2
  0
DIMSTYLE
105
81
330
4
100
AcDbSymbolTableRecord
100
AcDbDimStyleTableRecord
  2
EZ_M_5_H25_CM
 70
0
  3

  4

 40
1.0
 41
0.0125
 42
0.00625
 43
3.75
 44
0.018750000000000003
 45
0.0
 46
0.0
 47
0.0
 48
0.0
140
0.0125
141
2.5
142
0.00625
143
0.03937007874
144
100.0
145
0.0
146
0.5
147
0.005000000000000001
148
0.0
 71
0
 72
0
 73
0
 74
0
 75
0
 76
0
 77
1
 78
12
 79
3
170
0
171
3
172
1
173
0
174
0
175
0
176
0
177
0
178
0
179
2
271
2
272
2
273
2
274
3
275
0
276
0
277
2
278
46
279
2
280
0
281
0
282
0
283
0
284
8
285
0
286
0
288
1
289
3
340
4C
371
-2
372
-2
  0
DIMSTYLE
105
82
330
4
100
AcDbSymbolTableRecord
100
AcDbDimStyleTableRecord
  2
EZ_M_1_H25_CM
 70
0
  3

  4

 40
1.0
 41
0.0025
 42
0.00125
 43
3.75
 44
0.00375
 45
0.0
 46
0.0
 47
0.0
 48
0.0
140
0.0025
141
2.5
142
0.00125
143
0.03937007874
144
100.0
145
0.0
146
0.5
147
0.001
148
0.0
 71
0
 72
0
 73
0
 74
0
 75
0
 76
0
 77
1
 78
12
 79
3
170
0
171
3
172
1
173
0
174
0
175
0
176
0
177
0
178
0
179
2
271
2
272
2
273
2
274
3
275
0
276
0
277
2
278
46
279
2
280
0
281
0
282
0
283
0
284
8
285
0
286
0
288
1
289
3
340
4C
371
-2
372
-2
  0
DIMSTYLE
105
83
330
4
100
AcDbSymbolTableRecord
100
AcDbDimStyleTableRecord
  2
EZ_RADIUS
 70
0
  3

  4

 40
1.0
 41
0.25
 42
0.125
 43
3.75
 44
0.375
 45
0.0
 46
0.0
 47
0.0
 48
0.0
140
0.25
141
0.0
142
0.0
143
0.03937007874
144
100.0
145
0.0
146
0.5
147
0.1
148
0.0
 71
0
 72
0
 73
0
 74
0
 75
0
 76
0
 77
1
 78
12
 79
3
170
0
171
3
172
0
173
0
174
0
175
0
176
0
177
0
178
0
179
2
271
2
272
2
273
2
274
3
275
0
276
0
277
2
278
46
279
1
280
0
281
0
282
0
283
0
284
8
285
0
286
0
288
1
289
3
340
4C
342
84
371
-2
372
-2
  0
DIMSTYLE
105
88
330
4
100
AcDbSymbolTableRecord
100
AcDbDimStyleTableRecord
  2
EZ_RADIUS_INSIDE
 70
0
  3

  4

 40
1.0
 41
0.25
 42
0.125
 43
3.75
 44
0.375
 45
0.0
 46
0.0
 47
0.0
 48
0.0
140
0.25
141
0.0
142
0.0
143
0.03937007874
144
100.0
145
0.0
146
0.5
147
0.1
148
0.0
 71
0
 72
0
 73
0
 74
0
 75
0
 76
0
 77
0
 78
12
 79
3
170
0
171
3
172
0
173
0
174
1
175
0
176
0
177
0
178
0
179
2
271
2
272
2
273
2
274
3
275
0
276
0
277
2
278
46
279
0
280
0
281
0
282
0
283
0
284
8
285
0
286
0
288
1
289
0
340
4C
342
84
371
-2
372
-2
  0
DIMSTYLE
105
89
330
4
100
AcDbSymbolTableRecord
100
AcDbDimStyleTableRecord
  2
EZ_CURVED
 70
0
  3

  4

 40
1.0
 41
0.25
 42
0.125
 43
3.75
 44
0.375
 45
0.0
 46
0.0
 47
0.0
 48
0.0
140
0.25
141
2.5
142
0.0
143
0.03937007874
144
100.0
145
0.0
146
0.5
147
0.1
148
0.0
 71
0
 72
0
 73
0
 74
0
 75
0
 76
0
 77
1
 78
12
 79
2
 90
2
170
0
171
3
172
1
173
0
174
0
175
0
176
0
177
0
178
0
179
2
271
2
272
2
273
2
274
3
275
0
276
0
277
2
278
46
279
2
280
0
281
0
282
0
283
0
284
8
285
0
286
0
288
1
289
3
340
4C
371
-2
372
-2
  0
ENDTAB
  0
TABLE
  2
BLOCK_RECORD
  5
9
330
0
100
AcDbSymbolTable
 70
42
  0
BLOCK_RECORD
  5
17
330
9
100
AcDbSymbolTableRecord
100
AcDbBlockTableRecord
  2
*Model_Space
340
1A
  0
BLOCK_RECORD
  5
74
330
9
100
AcDbSymbolTableRecord
100
AcDbBlockTableRecord
  2
_ARCHTICK
340
0
  0
BLOCK_RECORD
  5
78
330
9
100
AcDbSymbolTableRecord
100
AcDbBlockTableRecord
  2
_CLOSEDFILLED
340
0
  0
BLOCK_RECORD
  5
84
330
9
100
AcDbSymbolTableRecord
100
AcDbBlockTableRecord
  2
_CLOSEDBLANK
340
0
  0
BLOCK_RECORD
  5
93
330
9
100
AcDbSymbolTableRecord
100
AcDbBlockTableRecord
  2
TITLE_BLOCK
340
0
  0
BLOCK_RECORD
  5
BF
330
9
100
AcDbSymbolTableRecord
100
AcDbBlockTableRecord
  2
*D1
340
0
  0
BLOCK_RECORD
  5
CE
330
9
100
AcDbSymbolTableRecord
100
AcDbBlockTableRecord
  2
*D2
340
0
  0
BLOCK_RECORD
  5
DD
330
9
100
AcDbSymbolTableRecord
100
AcDbBlockTableRecord
  2
*D3
340
0
  0
BLOCK_RECORD
  5
EC
330
9
100
AcDbSymbolTableRecord
100
AcDbBlockTableRecord
  2
*D4
340
0
  0
BLOCK_RECORD
  5
FB
330
9
100
AcDbSymbolTableRecord
100
AcDbBlockTableRecord
  2
*D5
340
0
  0
BLOCK_RECORD
  5
10A
330
9
100
AcDbSymbolTableRecord
100
AcDbBlockTableRecord
  2
*D6
340
0
  0
BLOCK_RECORD
  5
11A
330
9
100
AcDbSymbolTableRecord
100
AcDbBlockTableRecord
  2
*D7
340
0
  0
BLOCK_RECORD
  5
12A
330
9
100
AcDbSymbolTableRecord
100
AcDbBlockTableRecord
  2
*D8
340
0
  0
BLOCK_RECORD
  5
13A
330
9
100
AcDbSymbolTableRecord
100
AcDbBlockTableRecord
  2
*D9
340
0
  0
BLOCK_RECORD
  5
14A
330
9
100
AcDbSymbolTableRecord
100
AcDbBlockTableRecord
  2
*D10
340
0
  0
BLOCK_RECORD
  5
268
330
9
100
AcDbSymbolTableRecord
100
AcDbBlockTableRecord
  2
*D11
340
0
  0
BLOCK_RECORD
  5
277
330
9
100
AcDbSymbolTableRecord
100
AcDbBlockTableRecord
  2
*D12
340
0
  0
BLOCK_RECORD
  5
286
330
9
100
AcDbSymbolTableRecord
100
AcDbBlockTableRecord
  2
*D13
340
0
  0
BLOCK_RECORD
  5
295
330
9
100
AcDbSymbolTableRecord
100
AcDbBlockTableRecord
  2
*D14
340
0
  0
BLOCK_RECORD
  5
2A4
330
9
100
AcDbSymbolTableRecord
100
AcDbBlockTableRecord
  2
*D15
340
0
  0
BLOCK_RECORD
  5
2B3
330
9
100
AcDbSymbolTableRecord
100
AcDbBlockTableRecord
  2
*D16
340
0
  0
BLOCK_RECORD
  5
2C3
330
9
100
AcDbSymbolTableRecord
100
AcDbBlockTableRecord
  2
*D17
340
0
  0
BLOCK_RECORD
  5
2D3
330
9
100
AcDbSymbolTableRecord
100
AcDbBlockTableRecord
  2
*D18
340
0
  0
BLOCK_RECORD
  5
2E3
330
9
100
AcDbSymbolTableRecord
100
AcDbBlockTableRecord
  2
*D19
340
0
  0
BLOCK_RECORD
  5
2F3
330
9
100
AcDbSymbolTableRecord
100
AcDbBlockTableRecord
  2
*D20
340
0
  0
BLOCK_RECORD
  5
44B
330
9
100
AcDbSymbolTableRecord
100
AcDbBlockTableRecord
  2
*D21
340
0
  0
BLOCK_RECORD
  5
45A
330
9
100
AcDbSymbolTableRecord
100
AcDbBlockTableRecord
  2
*D22
340
0
  0
BLOCK_RECORD
  5
5FA
330
9
100
AcDbSymbolTableRecord
100
AcDbBlockTableRecord
  2
*D23
340
0
  0
BLOCK_RECORD
  5
60A
330
9
100
AcDbSymbolTableRecord
100
AcDbBlockTableRecord
  2
*D24
340
0
  0
BLOCK_RECORD
  5
61A
330
9
100
AcDbSymbolTableRecord
100
AcDbBlockTableRecord
  2
*D25
340
0
  0
BLOCK_RECORD
  5
62A
330
9
100
AcDbSymbolTableRecord
100
AcDbBlockTableRecord
  2
*D26
340
0
  0
BLOCK_RECORD
  5
63A
330
9
100
AcDbSymbolTableRecord
100
AcDbBlockTableRecord
  2
*D27
340
0
  0
BLOCK_RECORD
  5
64A
330
9
100
AcDbSymbolTableRecord
100
AcDbBlockTableRecord
  2
*D28
340
0
  0
BLOCK_RECORD
  5
65A
330
9
100
AcDbSymbolTableRecord
100
AcDbBlockTableRecord
  2
*D29
340
0
  0
BLOCK_RECORD
  5
67D
330
9
100
AcDbSymbolTableRecord
100
AcDbBlockTableRecord
  2
*Paper_Space1
340
680
  0
BLOCK_RECORD
  5
687
330
9
100
AcDbSymbolTableRecord
100
AcDbBlockTableRecord
  2
*Paper_Space2
340
68A
  0
BLOCK_RECORD
  5
691
330
9
100
AcDbSymbolTableRecord
100
AcDbBlockTableRecord
  2
*Paper_Space3
340
694
  0
BLOCK_RECORD
  5
69B
330
9
100
AcDbSymbolTableRecord
100
AcDbBlockTableRecord
  2
*Paper_Space4
340
69E
  0
BLOCK_RECORD
  5
6A5
330
9
100
AcDbSymbolTableRecord
100
AcDbBlockTableRecord
  2
*Paper_Space5
340
6A8
  0
BLOCK_RECORD
  5
6AF
330
9
100
AcDbSymbolTableRecord
100
AcDbBlockTableRecord
  2
*Paper_Space6
340
6B2
  0
BLOCK_RECORD
  5
6B9
330
9
100
AcDbSymbolTableRecord
100
AcDbBlockTableRecord
  2
*Paper_Space7
340
6BC
  0
BLOCK_RECORD
  5
673
330
9
100
AcDbSymbolTableRecord
100
AcDbBlockTableRecord
  2
*Paper_Space
340
676
  0
ENDTAB
  0
ENDSEC
  0
SECTION
  2
BLOCKS
  0
BLOCK
  5
18
330
17
100
AcDbEntity
  8
0
100
AcDbBlockBegin
  2
*Model_Space
 70
0
 10
0.0
 20
0.0
 30
0.0
  3
*Model_Space
  1

  0
ENDBLK
  5
19
330
17
100
AcDbEntity
  8
0
100
AcDbBlockEnd
  0
BLOCK
  5
75
330
74
100
AcDbEntity
  8
0
100
AcDbBlockBegin
  2
_ARCHTICK
 70
0
 10
0.0
 20
0.0
 30
0.0
  3
_ARCHTICK
  1

  0
LWPOLYLINE
  5
77
330
74
100
AcDbEntity
  8
0
  6
BYBLOCK
 62
0
100
AcDbPolyline
 90
2
 70
0
 43
0.15
 10
-0.5
 20
-0.5
 10
0.5
 20
0.5
  0
ENDBLK
  5
76
330
74
100
AcDbEntity
  8
0
100
AcDbBlockEnd
  0
BLOCK
  5
79
330
78
100
AcDbEntity
  8
0
100
AcDbBlockBegin
  2
_CLOSEDFILLED
 70
0
 10
0.0
 20
0.0
 30
0.0
  3
_CLOSEDFILLED
  1

  0
SOLID
  5
7B
330
78
100
AcDbEntity
  8
0
  6
BYBLOCK
 62
0
100
AcDbTrace
 10
-1.0
 20
0.16439898372402537
 30
0.0
 11
0.0
 21
0.0
 31
0.0
 12
-1.0
 22
-0.16439898372402537
 32
0.0
 13
-1.0
 23
-0.16439898372402537
 33
0.0
  0
ENDBLK
  5
7A
330
78
100
AcDbEntity
  8
0
100
AcDbBlockEnd
  0
BLOCK
  5
85
330
84
100
AcDbEntity
  8
0
100
AcDbBlockBegin
  2
_CLOSEDBLANK
 70
0
 10
0.0
 20
0.0
 30
0.0
  3
_CLOSEDBLANK
  1

  0
LWPOLYLINE
  5
87
330
84
100
AcDbEntity
  8
0
  6
BYBLOCK
 62
0
100
AcDbPolyline
 90
3
 70
1
 10
-1.0
 20
0.16439898372402537
 10
0.0
 20
0.0
 10
-1.0
 20
-0.16439898372402537
  0
ENDBLK
  5
86
330
84
100
AcDbEntity
  8
0
100
AcDbBlockEnd
  0
BLOCK
  5
94
330
93
100
AcDbEntity
  8
0
100
AcDbBlockBegin
  2
TITLE_BLOCK
 70
0
 10
0.0
 20
0.0
 30
0.0
  3
TITLE_BLOCK
  1

  0
LWPOLYLINE
  5
96
330
93
100
AcDbEntity
  8
S-TITLE
100
AcDbPolyline
 90
4
 70
1
 10
10.0
 20
10.0
 10
410.0
 20
10.0
 10
410.0
 20
287.0
 10
10.0
 20
287.0
  0
LINE
  5
97
330
93
100
AcDbEntity
  8
S-TITLE
100
AcDbLine
 10
10.0
 20
40.0
 30
0.0
 11
410.0
 21
40.0
 31
0.0
  0
LINE
  5
98
330
93
100
AcDbEntity
  8
S-TITLE
100
AcDbLine
 10
210.0
 20
10.0
 30
0.0
 11
210.0
 21
40.0
 31
0.0
  0
LINE
  5
99
330
93
100
AcDbEntity
  8
S-TITLE
100
AcDbLine
 10
210.0
 20
25.0
 30
0.0
 11
410.0
 21
25.0
 31
0.0
  0
ENDBLK
  5
95
330
93
100
AcDbEntity
  8
0
100
AcDbBlockEnd
  0
BLOCK
  5
C0
330
BF
100
AcDbEntity
  8
0
100
AcDbBlockBegin
  2
*D1
 70
1
 10
0.0
 20
0.0
 30
0.0
  3
*D1
  1

  0
LINE
  5
C2
330
BF
100
AcDbEntity
  8
0
100
AcDbLine
 10
0.0
 20
21590.0
 30
0.0
 11
0.0
 21
22850.0
 31
0.0
  0
LINE
  5
C3
330
BF
100
AcDbEntity
  8
0
100
AcDbLine
 10
4500.0
 20
21590.0
 30
0.0
 11
4500.0
 21
22850.0
 31
0.0
  0
INSERT
  5
C4
330
BF
100
AcDbEntity
  8
S-DIMS
100
AcDbBlockReference
  2
_ARCHTICK
 10
0.0
 20
22700.0
 30
0.0
 41
180.0
 42
180.0
 50
180.0
  0
INSERT
  5
C6
330
BF
100
AcDbEntity
  8
S-DIMS
100
AcDbBlockReference
  2
_ARCHTICK
 10
4500.0
 20
22700.0
 30
0.0
 41
180.0
 42
180.0
  0
LINE
  5
C8
330
BF
100
AcDbEntity
  8
0
100
AcDbLine
 10
0.0
 20
22700.0
 30
0.0
 11
4500.0
 21
22700.0
 31
0.0
  0
MTEXT
  5
C9
330
BF
100
AcDbEntity
  8
S-DIMS
100
AcDbMText
 10
2250.0
 20
22910.0
 30
0.0
 40
300.0
 71
5
  1
450000
  7
OpenSansCondensed-Light
  0
POINT
  5
CA
330
BF
100
AcDbEntity
  8
Defpoints
100
AcDbPoint
 10
0.0
 20
22700.0
 30
0.0
  0
POINT
  5
CB
330
BF
100
AcDbEntity
  8
Defpoints
100
AcDbPoint
 10
0.0
 20
21500.0
 30
0.0
  0
POINT
  5
CC
330
BF
100
AcDbEntity
  8
Defpoints
100
AcDbPoint
 10
4500.0
 20
21500.0
 30
0.0
  0
ENDBLK
  5
C1
330
BF
100
AcDbEntity
  8
0
100
AcDbBlockEnd
  0
BLOCK
  5
CF
330
CE
100
AcDbEntity
  8
0
100
AcDbBlockBegin
  2
*D2
 70
1
 10
0.0
 20
0.0
 30
0.0
  3
*D2
  1

  0
LINE
  5
D1
330
CE
100
AcDbEntity
  8
0
100
AcDbLine
 10
4500.0
 20
21590.0
 30
0.0
 11
4500.0
 21
22850.0
 31
0.0
  0
LINE
  5
D2
330
CE
100
AcDbEntity
  8
0
100
AcDbLine
 10
9000.0
 20
21590.0
 30
0.0
 11
9000.0
 21
22850.0
 31
0.0
  0
INSERT
  5
D3
330
CE
100
AcDbEntity
  8
S-DIMS
100
AcDbBlockReference
  2
_ARCHTICK
 10
4500.0
 20
22700.0
 30
0.0
 41
180.0
 42
180.0
 50
180.0
  0
INSERT
  5
D5
330
CE
100
AcDbEntity
  8
S-DIMS
100
AcDbBlockReference
  2
_ARCHTICK
 10
9000.0
 20
22700.0
 30
0.0
 41
180.0
 42
180.0
  0
LINE
  5
D7
330
CE
100
AcDbEntity
  8
0
100
AcDbLine
 10
4500.0
 20
22700.0
 30
0.0
 11
9000.0
 21
22700.0
 31
0.0
  0
MTEXT
  5
D8
330
CE
100
AcDbEntity
  8
S-DIMS
100
AcDbMText
 10
6750.0
 20
22910.0
 30
0.0
 40
300.0
 71
5
  1
450000
  7
OpenSansCondensed-Light
  0
POINT
  5
D9
330
CE
100
AcDbEntity
  8
Defpoints
100
AcDbPoint
 10
4500.0
 20
22700.0
 30
0.0
  0
POINT
  5
DA
330
CE
100
AcDbEntity
  8
Defpoints
100
AcDbPoint
 10
4500.0
 20
21500.0
 30
0.0
  0
POINT
  5
DB
330
CE
100
AcDbEntity
  8
Defpoints
100
AcDbPoint
 10
9000.0
 20
21500.0
 30
0.0
  0
ENDBLK
  5
D0
330
CE
100
AcDbEntity
  8
0
100
AcDbBlockEnd
  0
BLOCK
  5
DE
330
DD
100
AcDbEntity
  8
0
100
AcDbBlockBegin
  2
*D3
 70
1
 10
0.0
 20
0.0
 30
0.0
  3
*D3
  1

  0
LINE
  5
E0
330
DD
100
AcDbEntity
  8
0
100
AcDbLine
 10
9000.0
 20
21590.0
 30
0.0
 11
9000.0
 21
22850.0
 31
0.0
  0
LINE
  5
E1
330
DD
100
AcDbEntity
  8
0
100
AcDbLine
 10
13500.0
 20
21590.0
 30
0.0
 11
13500.0
 21
22850.0
 31
0.0
  0
INSERT
  5
E2
330
DD
100
AcDbEntity
  8
S-DIMS
100
AcDbBlockReference
  2
_ARCHTICK
 10
9000.0
 20
22700.0
 30
0.0
 41
180.0
 42
180.0
 50
180.0
  0
INSERT
  5
E4
330
DD
100
AcDbEntity
  8
S-DIMS
100
AcDbBlockReference
  2
_ARCHTICK
 10
13500.0
 20
22700.0
 30
0.0
 41
180.0
 42
180.0
  0
LINE
  5
E6
330
DD
100
AcDbEntity
  8
0
100
AcDbLine
 10
9000.0
 20
22700.0
 30
0.0
 11
13500.0
 21
22700.0
 31
0.0
  0
MTEXT
  5
E7
330
DD
100
AcDbEntity
  8
S-DIMS
100
AcDbMText
 10
11250.0
 20
22910.0
 30
0.0
 40
300.0
 71
5
  1
450000
  7
OpenSansCondensed-Light
  0
POINT
  5
E8
330
DD
100
AcDbEntity
  8
Defpoints
100
AcDbPoint
 10
9000.0
 20
22700.0
 30
0.0
  0
POINT
  5
E9
330
DD
100
AcDbEntity
  8
Defpoints
100
AcDbPoint
 10
9000.0
 20
21500.0
 30
0.0
  0
POINT
  5
EA
330
DD
100
AcDbEntity
  8
Defpoints
100
AcDbPoint
 10
13500.0
 20
21500.0
 30
0.0
  0
ENDBLK
  5
DF
330
DD
100
AcDbEntity
  8
0
100
AcDbBlockEnd
  0
BLOCK
  5
ED
330
EC
100
AcDbEntity
  8
0
100
AcDbBlockBegin
  2
*D4
 70
1
 10
0.0
 20
0.0
 30
0.0
  3
*D4
  1

  0
LINE
  5
EF
330
EC
100
AcDbEntity
  8
0
100
AcDbLine
 10
13500.0
 20
21590.0
 30
0.0
 11
13500.0
 21
22850.0
 31
0.0
  0
LINE
  5
F0
330
EC
100
AcDbEntity
  8
0
100
AcDbLine
 10
18000.0
 20
21590.0
 30
0.0
 11
18000.0
 21
22850.0
 31
0.0
  0
INSERT
  5
F1
330
EC
100
AcDbEntity
  8
S-DIMS
100
AcDbBlockReference
  2
_ARCHTICK
 10
13500.0
 20
22700.0
 30
0.0
 41
180.0
 42
180.0
 50
180.0
  0
INSERT
  5
F3
330
EC
100
AcDbEntity
  8
S-DIMS
100
AcDbBlockReference
  2
_ARCHTICK
 10
18000.0
 20
22700.0
 30
0.0
 41
180.0
 42
180.0
  0
LINE
  5
F5
330
EC
100
AcDbEntity
  8
0
100
AcDbLine
 10
13500.0
 20
22700.0
 30
0.0
 11
18000.0
 21
22700.0
 31
0.0
  0
MTEXT
  5
F6
330
EC
100
AcDbEntity
  8
S-DIMS
100
AcDbMText
 10
15750.0
 20
22910.0
 30
0.0
 40
300.0
 71
5
  1
450000
  7
OpenSansCondensed-Light
  0
POINT
  5
F7
330
EC
100
AcDbEntity
  8
Defpoints
100
AcDbPoint
 10
13500.0
 20
22700.0
 30
0.0
  0
POINT
  5
F8
330
EC
100
AcDbEntity
  8
Defpoints
100
AcDbPoint
 10
13500.0
 20
21500.0
 30
0.0
  0
POINT
  5
F9
330
EC
100
AcDbEntity
  8
Defpoints
100
AcDbPoint
 10
18000.0
 20
21500.0
 30
0.0
  0
ENDBLK
  5
EE
330
EC
100
AcDbEntity
  8
0
100
AcDbBlockEnd
  0
BLOCK
  5
FC
330
FB
100
AcDbEntity
  8
0
100
AcDbBlockBegin
  2
*D5
 70
1
 10
0.0
 20
0.0
 30
0.0
  3
*D5
  1

  0
LINE
  5
FE
330
FB
100
AcDbEntity
  8
0
100
AcDbLine
 10
18000.0
 20
21590.0
 30
0.0
 11
18000.0
 21
22850.0
 31
0.0
  0
LINE
  5
FF
330
FB
100
AcDbEntity
  8
0
100
AcDbLine
 10
22500.0
 20
21590.0
 30
0.0
 11
22500.0
 21
22850.0
 31
0.0
  0
INSERT
  5
100
330
FB
100
AcDbEntity
  8
S-DIMS
100
AcDbBlockReference
  2
_ARCHTICK
 10
18000.0
 20
22700.0
 30
0.0
 41
180.0
 42
180.0
 50
180.0
  0
INSERT
  5
102
330
FB
100
AcDbEntity
  8
S-DIMS
100
AcDbBlockReference
  2
_ARCHTICK
 10
22500.0
 20
22700.0
 30
0.0
 41
180.0
 42
180.0
  0
LINE
  5
104
330
FB
100
AcDbEntity
  8
0
100
AcDbLine
 10
18000.0
 20
22700.0
 30
0.0
 11
22500.0
 21
22700.0
 31
0.0
  0
MTEXT
  5
105
330
FB
100
AcDbEntity
  8
S-DIMS
100
AcDbMText
 10
20250.0
 20
22910.0
 30
0.0
 40
300.0
 71
5
  1
450000
  7
OpenSansCondensed-Light
  0
POINT
  5
106
330
FB
100
AcDbEntity
  8
Defpoints
100
AcDbPoint
 10
18000.0
 20
22700.0
 30
0.0
  0
POINT
  5
107
330
FB
100
AcDbEntity
  8
Defpoints
100
AcDbPoint
 10
18000.0
 20
21500.0
 30
0.0
  0
POINT
  5
108
330
FB
100
AcDbEntity
  8
Defpoints
100
AcDbPoint
 10
22500.0
 20
21500.0
 30
0.0
  0
ENDBLK
  5
FD
330
FB
100
AcDbEntity
  8
0
100
AcDbBlockEnd
  0
BLOCK
  5
10B
330
10A
100
AcDbEntity
  8
0
100
AcDbBlockBegin
  2
*D6
 70
1
 10
0.0
 20
0.0
 30
0.0
  3
*D6
  1

  0
LINE
  5
10D
330
10A
100
AcDbEntity
  8
0
100
AcDbLine
 10
24090.0
 20
0.0
 30
0.0
 11
25350.0
 21
0.0
 31
0.0
  0
LINE
  5
10E
330
10A
100
AcDbEntity
  8
0
100
AcDbLine
 10
24090.0
 20
4000.0
 30
0.0
 11
25350.0
 21
4000.0
 31
0.0
  0
INSERT
  5
10F
330
10A
100
AcDbEntity
  8
S-DIMS
100
AcDbBlockReference
  2
_ARCHTICK
 10
25200.0
 20
0.0
 30
0.0
 41
180.0
 42
180.0
 50
270.0
  0
INSERT
  5
111
330
10A
100
AcDbEntity
  8
S-DIMS
100
AcDbBlockReference
  2
_ARCHTICK
 10
25200.0
 20
4000.0
 30
0.0
 41
180.0
 42
180.0
 50
90.0
  0
LINE
  5
113
330
10A
100
AcDbEntity
  8
0
100
AcDbLine
 10
25200.0
 20
0.0
 30
0.0
 11
25200.0
 21
1805.0
 31
0.0
  0
LINE
  5
114
330
10A
100
AcDbEntity
  8
0
100
AcDbLine
 10
25200.0
 20
2195.0
 30
0.0
 11
25200.0
 21
4000.0
 31
0.0
  0
MTEXT
  5
115
330
10A
100
AcDbEntity
  8
S-DIMS
100
AcDbMText
 10
24990.0
 20
2000.0
 30
0.0
 40
300.0
 71
5
  1
400000
  7
OpenSansCondensed-Light
  0
POINT
  5
116
330
10A
100
AcDbEntity
  8
Defpoints
100
AcDbPoint
 10
25200.0
 20
0.0
 30
0.0
  0
POINT
  5
117
330
10A
100
AcDbEntity
  8
Defpoints
100
AcDbPoint
 10
24000.0
 20
0.0
 30
0.0
  0
POINT
  5
118
330
10A
100
AcDbEntity
  8
Defpoints
100
AcDbPoint
 10
24000.0
 20
4000.0
 30
0.0
  0
ENDBLK
  5
10C
330
10A
100
AcDbEntity
  8
0
100
AcDbBlockEnd
  0
BLOCK
  5
11B
330
11A
100
AcDbEntity
  8
0
100
AcDbBlockBegin
  2
*D7
 70
1
 10
0.0
 20
0.0
 30
0.0
  3
*D7
  1

  0
LINE
  5
11D
330
11A
100
AcDbEntity
  8
0
100
AcDbLine
 10
24090.0
 20
4000.0
 30
0.0
 11
25350.0
 21
4000.0
 31
0.0
  0
LINE
  5
11E
330
11A
100
AcDbEntity
  8
0
100
AcDbLine
 10
24090.0
 20
8000.0
 30
0.0
 11
25350.0
 21
8000.0
 31
0.0
  0
INSERT
  5
11F
330
11A
100
AcDbEntity
  8
S-DIMS
100
AcDbBlockReference
  2
_ARCHTICK
 10
25200.0
 20
4000.0
 30
0.0
 41
180.0
 42
180.0
 50
270.0
  0
INSERT
  5
121
330
11A
100
AcDbEntity
  8
S-DIMS
100
AcDbBlockReference
  2
_ARCHTICK
 10
25200.0
 20
8000.0
 30
0.0
 41
180.0
 42
180.0
 50
90.0
  0
LINE
  5
123
330
11A
100
AcDbEntity
  8
0
100
AcDbLine
 10
25200.0
 20
4000.0
 30
0.0
 11
25200.0
 21
5805.0
 31
0.0
  0
LINE
  5
124
330
11A
100
AcDbEntity
  8
0
100
AcDbLine
 10
25200.0
 20
6195.0
 30
0.0
 11
25200.0
 21
8000.0
 31
0.0
  0
MTEXT
  5
125
330
11A
100
AcDbEntity
  8
S-DIMS
100
AcDbMText
 10
24990.0
 20
6000.0
 30
0.0
 40
300.0
 71
5
  1
400000
  7
OpenSansCondensed-Light
  0
POINT
  5
126
330
11A
100
AcDbEntity
  8
Defpoints
100
AcDbPoint
 10
25200.0
 20
4000.0
 30
0.0
  0
POINT
  5
127
330
11A
100
AcDbEntity
  8
Defpoints
100
AcDbPoint
 10
24000.0
 20
4000.0
 30
0.0
  0
POINT
  5
128
330
11A
100
AcDbEntity
  8
Defpoints
100
AcDbPoint
 10
24000.0
 20
8000.0
 30
0.0
  0
ENDBLK
  5
11C
330
11A
100
AcDbEntity
  8
0
100
AcDbBlockEnd
  0
BLOCK
  5
12B
330
12A
100
AcDbEntity
  8
0
100
AcDbBlockBegin
  2
*D8
 70
1
 10
0.0
 20
0.0
 30
0.0
  3
*D8
  1

  0
LINE
  5
12D
330
12A
100
AcDbEntity
  8
0
100
AcDbLine
 10
24090.0
 20
8000.0
 30
0.0
 11
25350.0
 21
8000.0
 31
0.0
  0
LINE
  5
12E
330
12A
100
AcDbEntity
  8
0
100
AcDbLine
 10
24090.0
 20
12000.0
 30
0.0
 11
25350.0
 21
12000.0
 31
0.0
  0
INSERT
  5
12F
330
12A
100
AcDbEntity
  8
S-DIMS
100
AcDbBlockReference
  2
_ARCHTICK
 10
25200.0
 20
8000.0
 30
0.0
 41
180.0
 42
180.0
 50
270.0
  0
INSERT
  5
131
330
12A
100
AcDbEntity
  8
S-DIMS
100
AcDbBlockReference
  2
_ARCHTICK
 10
25200.0
 20
12000.0
 30
0.0
 41
180.0
 42
180.0
 50
90.0
  0
LINE
  5
133
330
12A
100
AcDbEntity
  8
0
100
AcDbLine
 10
25200.0
 20
8000.0
 30
0.0
 11
25200.0
 21
9805.0
 31
0.0
  0
LINE
  5
134
330
12A
100
AcDbEntity
  8
0
100
AcDbLine
 10
25200.0
 20
10195.0
 30
0.0
 11
25200.0
 21
12000.0
 31
0.0
  0
MTEXT
  5
135
330
12A
100
AcDbEntity
  8
S-DIMS
100
AcDbMText
 10
24990.0
 20
10000.0
 30
0.0
 40
300.0
 71
5
  1
400000
  7
OpenSansCondensed-Light
  0
POINT
  5
136
330
12A
100
AcDbEntity
  8
Defpoints
100
AcDbPoint
 10
25200.0
 20
8000.0
 30
0.0
  0
POINT
  5
137
330
12A
100
AcDbEntity
  8
Defpoints
100
AcDbPoint
 10
24000.0
 20
8000.0
 30
0.0
  0
POINT
  5
138
330
12A
100
AcDbEntity
  8
Defpoints
100
AcDbPoint
 10
24000.0
 20
12000.0
 30
0.0
  0
ENDBLK
  5
12C
330
12A
100
AcDbEntity
  8
0
100
AcDbBlockEnd
  0
BLOCK
  5
13B
330
13A
100
AcDbEntity
  8
0
100
AcDbBlockBegin
  2
*D9
 70
1
 10
0.0
 20
0.0
 30
0.0
  3
*D9
  1

  0
LINE
  5
13D
330
13A
100
AcDbEntity
  8
0
100
AcDbLine
 10
24090.0
 20
12000.0
 30
0.0
 11
25350.0
 21
12000.0
 31
0.0
  0
LINE
  5
13E
330
13A
100
AcDbEntity
  8
0
100
AcDbLine
 10
24090.0
 20
16000.0
 30
0.0
 11
25350.0
 21
16000.0
 31
0.0
  0
INSERT
  5
13F
330
13A
100
AcDbEntity
  8
S-DIMS
100
AcDbBlockReference
  2
_ARCHTICK
 10
25200.0
 20
12000.0
 30
0.0
 41
180.0
 42
180.0
 50
270.0
  0
INSERT
  5
141
330
13A
100
AcDbEntity
  8
S-DIMS
100
AcDbBlockReference
  2
_ARCHTICK
 10
25200.0
 20
16000.0
 30
0.0
 41
180.0
 42
180.0
 50
90.0
  0
LINE
  5
143
330
13A
100
AcDbEntity
  8
0
100
AcDbLine
 10
25200.0
 20
12000.0
 30
0.0
 11
25200.0
 21
13805.0
 31
0.0
  0
LINE
  5
144
330
13A
100
AcDbEntity
  8
0
100
AcDbLine
 10
25200.0
 20
14195.0
 30
0.0
 11
25200.0
 21
16000.0
 31
0.0
  0
MTEXT
  5
145
330
13A
100
AcDbEntity
  8
S-DIMS
100
AcDbMText
 10
24990.0
 20
14000.0
 30
0.0
 40
300.0
 71
5
  1
400000
  7
OpenSansCondensed-Light
  0
POINT
  5
146
330
13A
100
AcDbEntity
  8
Defpoints
100
AcDbPoint
 10
25200.0
 20
12000.0
 30
0.0
  0
POINT
  5
147
330
13A
100
AcDbEntity
  8
Defpoints
100
AcDbPoint
 10
24000.0
 20
12000.0
 30
0.0
  0
POINT
  5
148
330
13A
100
AcDbEntity
  8
Defpoints
100
AcDbPoint
 10
24000.0
 20
16000.0
 30
0.0
  0
ENDBLK
  5
13C
330
13A
100
AcDbEntity
  8
0
100
AcDbBlockEnd
  0
BLOCK
  5
14B
330
14A
100
AcDbEntity
  8
0
100
AcDbBlockBegin
  2
*D10
 70
1
 10
0.0
 20
0.0
 30
0.0
  3
*D10
  1

  0
LINE
  5
14D
330
14A
100
AcDbEntity
  8
0
100
AcDbLine
 10
24090.0
 20
16000.0
 30
0.0
 11
25350.0
 21
16000.0
 31
0.0
  0
LINE
  5
14E
330
14A
100
AcDbEntity
  8
0
100
AcDbLine
 10
24090.0
 20
20000.0
 30
0.0
 11
25350.0
 21
20000.0
 31
0.0
  0
INSERT
  5
14F
330
14A
100
AcDbEntity
  8
S-DIMS
100
AcDbBlockReference
  2
_ARCHTICK
 10
25200.0
 20
16000.0
 30
0.0
 41
180.0
 42
180.0
 50
270.0
  0
INSERT
  5
151
330
14A
100
AcDbEntity
  8
S-DIMS
100
AcDbBlockReference
  2
_ARCHTICK
 10
25200.0
 20
20000.0
 30
0.0
 41
180.0
 42
180.0
 50
90.0
  0
LINE
  5
153
330
14A
100
AcDbEntity
  8
0
100
AcDbLine
 10
25200.0
 20
16000.0
 30
0.0
 11
25200.0
 21
17805.0
 31
0.0
  0
LINE
  5
154
330
14A
100
AcDbEntity
  8
0
100
AcDbLine
 10
25200.0
 20
18195.0
 30
0.0
 11
25200.0
 21
20000.0
 31
0.0
  0
MTEXT
  5
155
330
14A
100
AcDbEntity
  8
S-DIMS
100
AcDbMText
 10
24990.0
 20
18000.0
 30
0.0
 40
300.0
 71
5
  1
400000
  7
OpenSansCondensed-Light
  0
POINT
  5
156
330
14A
100
AcDbEntity
  8
Defpoints
100
AcDbPoint
 10
25200.0
 20
16000.0
 30
0.0
  0
POINT
  5
157
330
14A
100
AcDbEntity
  8
Defpoints
100
AcDbPoint
 10
24000.0
 20
16000.0
 30
0.0
  0
POINT
  5
158
330
14A
100
AcDbEntity
  8
Defpoints
100
AcDbPoint
 10
24000.0
 20
20000.0
 30
0.0
  0
ENDBLK
  5
14C
330
14A
100
AcDbEntity
  8
0
100
AcDbBlockEnd
  0
BLOCK
  5
269
330
268
100
AcDbEntity
  8
0
100
AcDbBlockBegin
  2
*D11
 70
1
 10
0.0
 20
0.0
 30
0.0
  3
*D11
  1

  0
LINE
  5
26B
330
268
100
AcDbEntity
  8
0
100
AcDbLine
 10
40000.0
 20
21590.0
 30
0.0
 11
40000.0
 21
22850.0
 31
0.0
  0
LINE
  5
26C
330
268
100
AcDbEntity
  8
0
100
AcDbLine
 10
44500.0
 20
21590.0
 30
0.0
 11
44500.0
 21
22850.0
 31
0.0
  0
INSERT
  5
26D
330
268
100
AcDbEntity
  8
S-DIMS
100
AcDbBlockReference
  2
_ARCHTICK
 10
40000.0
 20
22700.0
 30
0.0
 41
180.0
 42
180.0
 50
180.0
  0
INSERT
  5
26F
330
268
100
AcDbEntity
  8
S-DIMS
100
AcDbBlockReference
  2
_ARCHTICK
 10
44500.0
 20
22700.0
 30
0.0
 41
180.0
 42
180.0
  0
LINE
  5
271
330
268
100
AcDbEntity
  8
0
100
AcDbLine
 10
40000.0
 20
22700.0
 30
0.0
 11
44500.0
 21
22700.0
 31
0.0
  0
MTEXT
  5
272
330
268
100
AcDbEntity
  8
S-DIMS
100
AcDbMText
 10
42250.0
 20
22910.0
 30
0.0
 40
300.0
 71
5
  1
450000
  7
OpenSansCondensed-Light
  0
POINT
  5
273
330
268
100
AcDbEntity
  8
Defpoints
100
AcDbPoint
 10
40000.0
 20
22700.0
 30
0.0
  0
POINT
  5
274
330
268
100
AcDbEntity
  8
Defpoints
100
AcDbPoint
 10
40000.0
 20
21500.0
 30
0.0
  0
POINT
  5
275
330
268
100
AcDbEntity
  8
Defpoints
100
AcDbPoint
 10
44500.0
 20
21500.0
 30
0.0
  0
ENDBLK
  5
26A
330
268
100
AcDbEntity
  8
0
100
AcDbBlockEnd
  0
BLOCK
  5
278
330
277
100
AcDbEntity
  8
0
100
AcDbBlockBegin
  2
*D12
 70
1
 10
0.0
 20
0.0
 30
0.0
  3
*D12
  1

  0
LINE
  5
27A
330
277
100
AcDbEntity
  8
0
100
AcDbLine
 10
44500.0
 20
21590.0
 30
0.0
 11
44500.0
 21
22850.0
 31
0.0
  0
LINE
  5
27B
330
277
100
AcDbEntity
  8
0
100
AcDbLine
 10
49000.0
 20
21590.0
 30
0.0
 11
49000.0
 21
22850.0
 31
0.0
  0
INSERT
  5
27C
330
277
100
AcDbEntity
  8
S-DIMS
100
AcDbBlockReference
  2
_ARCHTICK
 10
44500.0
 20
22700.0
 30
0.0
 41
180.0
 42
180.0
 50
180.0
  0
INSERT
  5
27E
330
277
100
AcDbEntity
  8
S-DIMS
100
AcDbBlockReference
  2
_ARCHTICK
 10
49000.0
 20
22700.0
 30
0.0
 41
180.0
 42
180.0
  0
LINE
  5
280
330
277
100
AcDbEntity
  8
0
100
AcDbLine
 10
44500.0
 20
22700.0
 30
0.0
 11
49000.0
 21
22700.0
 31
0.0
  0
MTEXT
  5
281
330
277
100
AcDbEntity
  8
S-DIMS
100
AcDbMText
 10
46750.0
 20
22910.0
 30
0.0
 40
300.0
 71
5
  1
450000
  7
OpenSansCondensed-Light
  0
POINT
  5
282
330
277
100
AcDbEntity
  8
Defpoints
100
AcDbPoint
 10
44500.0
 20
22700.0
 30
0.0
  0
POINT
  5
283
330
277
100
AcDbEntity
  8
Defpoints
100
AcDbPoint
 10
44500.0
 20
21500.0
 30
0.0
  0
POINT
  5
284
330
277
100
AcDbEntity
  8
Defpoints
100
AcDbPoint
 10
49000.0
 20
21500.0
 30
0.0
  0
ENDBLK
  5
279
330
277
100
AcDbEntity
  8
0
100
AcDbBlockEnd
  0
BLOCK
  5
287
330
286
100
AcDbEntity
  8
0
100
AcDbBlockBegin
  2
*D13
 70
1
 10
0.0
 20
0.0
 30
0.0
  3
*D13
  1

  0
LINE
  5
289
330
286
100
AcDbEntity
  8
0
100
AcDbLine
 10
49000.0
 20
21590.0
 30
0.0
 11
49000.0
 21
22850.0
 31
0.0
  0
LINE
  5
28A
330
286
100
AcDbEntity
  8
0
100
AcDbLine
 10
53500.0
 20
21590.0
 30
0.0
 11
53500.0
 21
22850.0
 31
0.0
  0
INSERT
  5
28B
330
286
100
AcDbEntity
  8
S-DIMS
100
AcDbBlockReference
  2
_ARCHTICK
 10
49000.0
 20
22700.0
 30
0.0
 41
180.0
 42
180.0
 50
180.0
  0
INSERT
  5
28D
330
286
100
AcDbEntity
  8
S-DIMS
100
AcDbBlockReference
  2
_ARCHTICK
 10
53500.0
 20
22700.0
 30
0.0
 41
180.0
 42
180.0
  0
LINE
  5
28F
330
286
100
AcDbEntity
  8
0
100
AcDbLine
 10
49000.0
 20
22700.0
 30
0.0
 11
53500.0
 21
22700.0
 31
0.0
  0
MTEXT
  5
290
330
286
100
AcDbEntity
  8
S-DIMS
100
AcDbMText
 10
51250.0
 20
22910.0
 30
0.0
 40
300.0
 71
5
  1
450000
  7
OpenSansCondensed-Light
  0
POINT
  5
291
330
286
100
AcDbEntity
  8
Defpoints
100
AcDbPoint
 10
49000.0
 20
22700.0
 30
0.0
  0
POINT
  5
292
330
286
100
AcDbEntity
  8
Defpoints
100
AcDbPoint
 10
49000.0
 20
21500.0
 30
0.0
  0
POINT
  5
293
330
286
100
AcDbEntity
  8
Defpoints
100
AcDbPoint
 10
53500.0
 20
21500.0
 30
0.0
  0
ENDBLK
  5
288
330
286
100
AcDbEntity
  8
0
100
AcDbBlockEnd
  0
BLOCK
  5
296
330
295
100
AcDbEntity
  8
0
100
AcDbBlockBegin
  2
*D14
 70
1
 10
0.0
 20
0.0
 30
0.0
  3
*D14
  1

  0
LINE
  5
298
330
295
100
AcDbEntity
  8
0
100
AcDbLine
 10
53500.0
 20
21590.0
 30
0.0
 11
53500.0
 21
22850.0
 31
0.0
  0
LINE
  5
299
330
295
100
AcDbEntity
  8
0
100
AcDbLine
 10
58000.0
 20
21590.0
 30
0.0
 11
58000.0
 21
22850.0
 31
0.0
  0
INSERT
  5
29A
330
295
100
AcDbEntity
  8
S-DIMS
100
AcDbBlockReference
  2
_ARCHTICK
 10
53500.0
 20
22700.0
 30
0.0
 41
180.0
 42
180.0
 50
180.0
  0
INSERT
  5
29C
330
295
100
AcDbEntity
  8
S-DIMS
100
AcDbBlockReference
  2
_ARCHTICK
 10
58000.0
 20
22700.0
 30
0.0
 41
180.0
 42
180.0
  0
LINE
  5
29E
330
295
100
AcDbEntity
  8
0
100
AcDbLine
 10
53500.0
 20
22700.0
 30
0.0
 11
58000.0
 21
22700.0
 31
0.0
  0
MTEXT
  5
29F
330
295
100
AcDbEntity
  8
S-DIMS
100
AcDbMText
 10
55750.0
 20
22910.0
 30
0.0
 40
300.0
 71
5
  1
450000
  7
OpenSansCondensed-Light
  0
POINT
  5
2A0
330
295
100
AcDbEntity
  8
Defpoints
100
AcDbPoint
 10
53500.0
 20
22700.0
 30
0.0
  0
POINT
  5
2A1
330
295
100
AcDbEntity
  8
Defpoints
100
AcDbPoint
 10
53500.0
 20
21500.0
 30
0.0
  0
POINT
  5
2A2
330
295
100
AcDbEntity
  8
Defpoints
100
AcDbPoint
 10
58000.0
 20
21500.0
 30
0.0
  0
ENDBLK
  5
297
330
295
100
AcDbEntity
  8
0
100
AcDbBlockEnd
  0
BLOCK
  5
2A5
330
2A4
100
AcDbEntity
  8
0
100
AcDbBlockBegin
  2
*D15
 70
1
 10
0.0
 20
0.0
 30
0.0
  3
*D15
  1

  0
LINE
  5
2A7
330
2A4
100
AcDbEntity
  8
0
100
AcDbLine
 10
58000.0
 20
21590.0
 30
0.0
 11
58000.0
 21
22850.0
 31
0.0
  0
LINE
  5
2A8
330
2A4
100
AcDbEntity
  8
0
100
AcDbLine
 10
62500.0
 20
21590.0
 30
0.0
 11
62500.0
 21
22850.0
 31
0.0
  0
INSERT
  5
2A9
330
2A4
100
AcDbEntity
  8
S-DIMS
100
AcDbBlockReference
  2
_ARCHTICK
 10
58000.0
 20
22700.0
 30
0.0
 41
180.0
 42
180.0
 50
180.0
  0
INSERT
  5
2AB
330
2A4
100
AcDbEntity
  8
S-DIMS
100
AcDbBlockReference
  2
_ARCHTICK
 10
62500.0
 20
22700.0
 30
0.0
 41
180.0
 42
180.0
  0
LINE
  5
2AD
330
2A4
100
AcDbEntity
  8
0
100
AcDbLine
 10
58000.0
 20
22700.0
 30
0.0
 11
62500.0
 21
22700.0
 31
0.0
  0
MTEXT
  5
2AE
330
2A4
100
AcDbEntity
  8
S-DIMS
100
AcDbMText
 10
60250.0
 20
22910.0
 30
0.0
 40
300.0
 71
5
  1
450000
  7
OpenSansCondensed-Light
  0
POINT
  5
2AF
330
2A4
100
AcDbEntity
  8
Defpoints
100
AcDbPoint
 10
58000.0
 20
22700.0
 30
0.0
  0
POINT
  5
2B0
330
2A4
100
AcDbEntity
  8
Defpoints
100
AcDbPoint
 10
58000.0
 20
21500.0
 30
0.0
  0
POINT
  5
2B1
330
2A4
100
AcDbEntity
  8
Defpoints
100
AcDbPoint
 10
62500.0
 20
21500.0
 30
0.0
  0
ENDBLK
  5
2A6
330
2A4
100
AcDbEntity
  8
0
100
AcDbBlockEnd
  0
BLOCK
  5
2B4
330
2B3
100
AcDbEntity
  8
0
100
AcDbBlockBegin
  2
*D16
 70
1
 10
0.0
 20
0.0
 30
0.0
  3
*D16
  1

  0
LINE
  5
2B6
330
2B3
100
AcDbEntity
  8
0
100
AcDbLine
 10
64090.0
 20
0.0
 30
0.0
 11
65350.0
 21
0.0
 31
0.0
  0
LINE
  5
2B7
330
2B3
100
AcDbEntity
  8
0
100
AcDbLine
 10
64090.0
 20
4000.0
 30
0.0
 11
65350.0
 21
4000.0
 31
0.0
  0
INSERT
  5
2B8
330
2B3
100
AcDbEntity
  8
S-DIMS
100
AcDbBlockReference
  2
_ARCHTICK
 10
65200.0
 20
0.0
 30
0.0
 41
180.0
 42
180.0
 50
270.0
  0
INSERT
  5
2BA
330
2B3
100
AcDbEntity
  8
S-DIMS
100
AcDbBlockReference
  2
_ARCHTICK
 10
65200.0
 20
4000.0
 30
0.0
 41
180.0
 42
180.0
 50
90.0
  0
LINE
  5
2BC
330
2B3
100
AcDbEntity
  8
0
100
AcDbLine
 10
65200.0
 20
0.0
 30
0.0
 11
65200.0
 21
1805.0
 31
0.0
  0
LINE
  5
2BD
330
2B3
100
AcDbEntity
  8
0
100
AcDbLine
 10
65200.0
 20
2195.0
 30
0.0
 11
65200.0
 21
4000.0
 31
0.0
  0
MTEXT
  5
2BE
330
2B3
100
AcDbEntity
  8
S-DIMS
100
AcDbMText
 10
64990.0
 20
2000.0
 30
0.0
 40
300.0
 71
5
  1
400000
  7
OpenSansCondensed-Light
  0
POINT
  5
2BF
330
2B3
100
AcDbEntity
  8
Defpoints
100
AcDbPoint
 10
65200.0
 20
0.0
 30
0.0
  0
POINT
  5
2C0
330
2B3
100
AcDbEntity
  8
Defpoints
100
AcDbPoint
 10
64000.0
 20
0.0
 30
0.0
  0
POINT
  5
2C1
330
2B3
100
AcDbEntity
  8
Defpoints
100
AcDbPoint
 10
64000.0
 20
4000.0
 30
0.0
  0
ENDBLK
  5
2B5
330
2B3
100
AcDbEntity
  8
0
100
AcDbBlockEnd
  0
BLOCK
  5
2C4
330
2C3
100
AcDbEntity
  8
0
100
AcDbBlockBegin
  2
*D17
 70
1
 10
0.0
 20
0.0
 30
0.0
  3
*D17
  1

  0
LINE
  5
2C6
330
2C3
100
AcDbEntity
  8
0
100
AcDbLine
 10
64090.0
 20
4000.0
 30
0.0
 11
65350.0
 21
4000.0
 31
0.0
  0
LINE
  5
2C7
330
2C3
100
AcDbEntity
  8
0
100
AcDbLine
 10
64090.0
 20
8000.0
 30
0.0
 11
65350.0
 21
8000.0
 31
0.0
  0
INSERT
  5
2C8
330
2C3
100
AcDbEntity
  8
S-DIMS
100
AcDbBlockReference
  2
_ARCHTICK
 10
65200.0
 20
4000.0
 30
0.0
 41
180.0
 42
180.0
 50
270.0
  0
INSERT
  5
2CA
330
2C3
100
AcDbEntity
  8
S-DIMS
100
AcDbBlockReference
  2
_ARCHTICK
 10
65200.0
 20
8000.0
 30
0.0
 41
180.0
 42
180.0
 50
90.0
  0
LINE
  5
2CC
330
2C3
100
AcDbEntity
  8
0
100
AcDbLine
 10
65200.0
 20
4000.0
 30
0.0
 11
65200.0
 21
5805.0
 31
0.0
  0
LINE
  5
2CD
330
2C3
100
AcDbEntity
  8
0
100
AcDbLine
 10
65200.0
 20
6195.0
 30
0.0
 11
65200.0
 21
8000.0
 31
0.0
  0
MTEXT
  5
2CE
330
2C3
100
AcDbEntity
  8
S-DIMS
100
AcDbMText
 10
64990.0
 20
6000.0
 30
0.0
 40
300.0
 71
5
  1
400000
  7
OpenSansCondensed-Light
  0
POINT
  5
2CF
330
2C3
100
AcDbEntity
  8
Defpoints
100
AcDbPoint
 10
65200.0
 20
4000.0
 30
0.0
  0
POINT
  5
2D0
330
2C3
100
AcDbEntity
  8
Defpoints
100
AcDbPoint
 10
64000.0
 20
4000.0
 30
0.0
  0
POINT
  5
2D1
330
2C3
100
AcDbEntity
  8
Defpoints
100
AcDbPoint
 10
64000.0
 20
8000.0
 30
0.0
  0
ENDBLK
  5
2C5
330
2C3
100
AcDbEntity
  8
0
100
AcDbBlockEnd
  0
BLOCK
  5
2D4
330
2D3
100
AcDbEntity
  8
0
100
AcDbBlockBegin
  2
*D18
 70
1
 10
0.0
 20
0.0
 30
0.0
  3
*D18
  1

  0
LINE
  5
2D6
330
2D3
100
AcDbEntity
  8
0
100
AcDbLine
 10
64090.0
 20
8000.0
 30
0.0
 11
65350.0
 21
8000.0
 31
0.0
  0
LINE
  5
2D7
330
2D3
100
AcDbEntity
  8
0
100
AcDbLine
 10
64090.0
 20
12000.0
 30
0.0
 11
65350.0
 21
12000.0
 31
0.0
  0
INSERT
  5
2D8
330
2D3
100
AcDbEntity
  8
S-DIMS
100
AcDbBlockReference
  2
_ARCHTICK
 10
65200.0
 20
8000.0
 30
0.0
 41
180.0
 42
180.0
 50
270.0
  0
INSERT
  5
2DA
330
2D3
100
AcDbEntity
  8
S-DIMS
100
AcDbBlockReference
  2
_ARCHTICK
 10
65200.0
 20
12000.0
 30
0.0
 41
180.0
 42
180.0
 50
90.0
  0
LINE
  5
2DC
330
2D3
100
AcDbEntity
  8
0
100
AcDbLine
 10
65200.0
 20
8000.0
 30
0.0
 11
65200.0
 21
9805.0
 31
0.0
  0
LINE
  5
2DD
330
2D3
100
AcDbEntity
  8
0
100
AcDbLine
 10
65200.0
 20
10195.0
 30
0.0
 11
65200.0
 21
12000.0
 31
0.0
  0
MTEXT
  5
2DE
330
2D3
100
AcDbEntity
  8
S-DIMS
100
AcDbMText
 10
64990.0
 20
10000.0
 30
0.0
 40
300.0
 71
5
  1
400000
  7
OpenSansCondensed-Light
  0
POINT
  5
2DF
330
2D3
100
AcDbEntity
  8
Defpoints
100
AcDbPoint
 10
65200.0
 20
8000.0
 30
0.0
  0
POINT
  5
2E0
330
2D3
100
AcDbEntity
  8
Defpoints
100
AcDbPoint
 10
64000.0
 20
8000.0
 30
0.0
  0
POINT
  5
2E1
330
2D3
100
AcDbEntity
  8
Defpoints
100
AcDbPoint
 10
64000.0
 20
12000.0
 30
0.0
  0
ENDBLK
  5
2D5
330
2D3
100
AcDbEntity
  8
0
100
AcDbBlockEnd
  0
BLOCK
  5
2E4
330
2E3
100
AcDbEntity
  8
0
100
AcDbBlockBegin
  2
*D19
 70
1
 10
0.0
 20
0.0
 30
0.0
  3
*D19
  1

  0
LINE
  5
2E6
330
2E3
100
AcDbEntity
  8
0
100
AcDbLine
 10
64090.0
 20
12000.0
 30
0.0
 11
65350.0
 21
12000.0
 31
0.0
  0
LINE
  5
2E7
330
2E3
100
AcDbEntity
  8
0
100
AcDbLine
 10
64090.0
 20
16000.0
 30
0.0
 11
65350.0
 21
16000.0
 31
0.0
  0
INSERT
  5
2E8
330
2E3
100
AcDbEntity
  8
S-DIMS
100
AcDbBlockReference
  2
_ARCHTICK
 10
65200.0
 20
12000.0
 30
0.0
 41
180.0
 42
180.0
 50
270.0
  0
INSERT
  5
2EA
330
2E3
100
AcDbEntity
  8
S-DIMS
100
AcDbBlockReference
  2
_ARCHTICK
 10
65200.0
 20
16000.0
 30
0.0
 41
180.0
 42
180.0
 50
90.0
  0
LINE
  5
2EC
330
2E3
100
AcDbEntity
  8
0
100
AcDbLine
 10
65200.0
 20
12000.0
 30
0.0
 11
65200.0
 21
13805.0
 31
0.0
  0
LINE
  5
2ED
330
2E3
100
AcDbEntity
  8
0
100
AcDbLine
 10
65200.0
 20
14195.0
 30
0.0
 11
65200.0
 21
16000.0
 31
0.0
  0
MTEXT
  5
2EE
330
2E3
100
AcDbEntity
  8
S-DIMS
100
AcDbMText
 10
64990.0
 20
14000.0
 30
0.0
 40
300.0
 71
5
  1
400000
  7
OpenSansCondensed-Light
  0
POINT
  5
2EF
330
2E3
100
AcDbEntity
  8
Defpoints
100
AcDbPoint
 10
65200.0
 20
12000.0
 30
0.0
  0
POINT
  5
2F0
330
2E3
100
AcDbEntity
  8
Defpoints
100
AcDbPoint
 10
64000.0
 20
12000.0
 30
0.0
  0
POINT
  5
2F1
330
2E3
100
AcDbEntity
  8
Defpoints
100
AcDbPoint
 10
64000.0
 20
16000.0
 30
0.0
  0
ENDBLK
  5
2E5
330
2E3
100
AcDbEntity
  8
0
100
AcDbBlockEnd
  0
BLOCK
  5
2F4
330
2F3
100
AcDbEntity
  8
0
100
AcDbBlockBegin
  2
*D20
 70
1
 10
0.0
 20
0.0
 30
0.0
  3
*D20
  1

  0
LINE
  5
2F6
330
2F3
100
AcDbEntity
  8
0
100
AcDbLine
 10
64090.0
 20
16000.0
 30
0.0
 11
65350.0
 21
16000.0
 31
0.0
  0
LINE
  5
2F7
330
2F3
100
AcDbEntity
  8
0
100
AcDbLine
 10
64090.0
 20
20000.0
 30
0.0
 11
65350.0
 21
20000.0
 31
0.0
  0
INSERT
  5
2F8
330
2F3
100
AcDbEntity
  8
S-DIMS
100
AcDbBlockReference
  2
_ARCHTICK
 10
65200.0
 20
16000.0
 30
0.0
 41
180.0
 42
180.0
 50
270.0
  0
INSERT
  5
2FA
330
2F3
100
AcDbEntity
  8
S-DIMS
100
AcDbBlockReference
  2
_ARCHTICK
 10
65200.0
 20
20000.0
 30
0.0
 41
180.0
 42
180.0
 50
90.0
  0
LINE
  5
2FC
330
2F3
100
AcDbEntity
  8
0
100
AcDbLine
 10
65200.0
 20
16000.0
 30
0.0
 11
65200.0
 21
17805.0
 31
0.0
  0
LINE
  5
2FD
330
2F3
100
AcDbEntity
  8
0
100
AcDbLine
 10
65200.0
 20
18195.0
 30
0.0
 11
65200.0
 21
20000.0
 31
0.0
  0
MTEXT
  5
2FE
330
2F3
100
AcDbEntity
  8
S-DIMS
100
AcDbMText
 10
64990.0
 20
18000.0
 30
0.0
 40
300.0
 71
5
  1
400000
  7
OpenSansCondensed-Light
  0
POINT
  5
2FF
330
2F3
100
AcDbEntity
  8
Defpoints
100
AcDbPoint
 10
65200.0
 20
16000.0
 30
0.0
  0
POINT
  5
300
330
2F3
100
AcDbEntity
  8
Defpoints
100
AcDbPoint
 10
64000.0
 20
16000.0
 30
0.0
  0
POINT
  5
301
330
2F3
100
AcDbEntity
  8
Defpoints
100
AcDbPoint
 10
64000.0
 20
20000.0
 30
0.0
  0
ENDBLK
  5
2F5
330
2F3
100
AcDbEntity
  8
0
100
AcDbBlockEnd
  0
BLOCK
  5
44C
330
44B
100
AcDbEntity
  8
0
100
AcDbBlockBegin
  2
*D21
 70
1
 10
0.0
 20
0.0
 30
0.0
  3
*D21
  1

  0
LINE
  5
44E
330
44B
100
AcDbEntity
  8
0
100
AcDbLine
 10
80000.0
 20
21590.0
 30
0.0
 11
80000.0
 21
22850.0
 31
0.0
  0
LINE
  5
44F
330
44B
100
AcDbEntity
  8
0
100
AcDbLine
 10
102500.0
 20
21590.0
 30
0.0
 11
102500.0
 21
22850.0
 31
0.0
  0
INSERT
  5
450
330
44B
100
AcDbEntity
  8
S-DIMS
100
AcDbBlockReference
  2
_ARCHTICK
 10
80000.0
 20
22700.0
 30
0.0
 41
180.0
 42
180.0
 50
180.0
  0
INSERT
  5
452
330
44B
100
AcDbEntity
  8
S-DIMS
100
AcDbBlockReference
  2
_ARCHTICK
 10
102500.0
 20
22700.0
 30
0.0
 41
180.0
 42
180.0
  0
LINE
  5
454
330
44B
100
AcDbEntity
  8
0
100
AcDbLine
 10
80000.0
 20
22700.0
 30
0.0
 11
102500.0
 21
22700.0
 31
0.0
  0
MTEXT
  5
455
330
44B
100
AcDbEntity
  8
S-DIMS
100
AcDbMText
 10
91250.0
 20
22910.0
 30
0.0
 40
300.0
 71
5
  1
2250000
  7
OpenSansCondensed-Light
  0
POINT
  5
456
330
44B
100
AcDbEntity
  8
Defpoints
100
AcDbPoint
 10
80000.0
 20
22700.0
 30
0.0
  0
POINT
  5
457
330
44B
100
AcDbEntity
  8
Defpoints
100
AcDbPoint
 10
80000.0
 20
21500.0
 30
0.0
  0
POINT
  5
458
330
44B
100
AcDbEntity
  8
Defpoints
100
AcDbPoint
 10
102500.0
 20
21500.0
 30
0.0
  0
ENDBLK
  5
44D
330
44B
100
AcDbEntity
  8
0
100
AcDbBlockEnd
  0
BLOCK
  5
45B
330
45A
100
AcDbEntity
  8
0
100
AcDbBlockBegin
  2
*D22
 70
1
 10
0.0
 20
0.0
 30
0.0
  3
*D22
  1

  0
LINE
  5
45D
330
45A
100
AcDbEntity
  8
0
100
AcDbLine
 10
104090.0
 20
0.0
 30
0.0
 11
105350.0
 21
0.0
 31
0.0
  0
LINE
  5
45E
330
45A
100
AcDbEntity
  8
0
100
AcDbLine
 10
104090.0
 20
20000.0
 30
0.0
 11
105350.0
 21
20000.0
 31
0.0
  0
INSERT
  5
45F
330
45A
100
AcDbEntity
  8
S-DIMS
100
AcDbBlockReference
  2
_ARCHTICK
 10
105200.0
 20
0.0
 30
0.0
 41
180.0
 42
180.0
 50
270.0
  0
INSERT
  5
461
330
45A
100
AcDbEntity
  8
S-DIMS
100
AcDbBlockReference
  2
_ARCHTICK
 10
105200.0
 20
20000.0
 30
0.0
 41
180.0
 42
180.0
 50
90.0
  0
LINE
  5
463
330
45A
100
AcDbEntity
  8
0
100
AcDbLine
 10
105200.0
 20
0.0
 30
0.0
 11
105200.0
 21
9805.0
 31
0.0
  0
LINE
  5
464
330
45A
100
AcDbEntity
  8
0
100
AcDbLine
 10
105200.0
 20
10195.0
 30
0.0
 11
105200.0
 21
20000.0
 31
0.0
  0
MTEXT
  5
465
330
45A
100
AcDbEntity
  8
S-DIMS
100
AcDbMText
 10
104990.0
 20
10000.0
 30
0.0
 40
300.0
 71
5
  1
2000000
  7
OpenSansCondensed-Light
  0
POINT
  5
466
330
45A
100
AcDbEntity
  8
Defpoints
100
AcDbPoint
 10
105200.0
 20
0.0
 30
0.0
  0
POINT
  5
467
330
45A
100
AcDbEntity
  8
Defpoints
100
AcDbPoint
 10
104000.0
 20
0.0
 30
0.0
  0
POINT
  5
468
330
45A
100
AcDbEntity
  8
Defpoints
100
AcDbPoint
 10
104000.0
 20
20000.0
 30
0.0
  0
ENDBLK
  5
45C
330
45A
100
AcDbEntity
  8
0
100
AcDbBlockEnd
  0
BLOCK
  5
5FB
330
5FA
100
AcDbEntity
  8
0
100
AcDbBlockBegin
  2
*D23
 70
1
 10
0.0
 20
0.0
 30
0.0
  3
*D23
  1

  0
LINE
  5
5FD
330
5FA
100
AcDbEntity
  8
0
100
AcDbLine
 10
-3390.0
 20
-81500.0
 30
0.0
 11
-4650.0
 21
-81500.0
 31
0.0
  0
LINE
  5
5FE
330
5FA
100
AcDbEntity
  8
0
100
AcDbLine
 10
-3390.0
 20
-80000.0
 30
0.0
 11
-4650.0
 21
-80000.0
 31
0.0
  0
INSERT
  5
5FF
330
5FA
100
AcDbEntity
  8
S-DIMS
100
AcDbBlockReference
  2
_ARCHTICK
 10
-4500.0
 20
-81500.0
 30
0.0
 41
180.0
 42
180.0
 50
270.0
  0
INSERT
  5
601
330
5FA
100
AcDbEntity
  8
S-DIMS
100
AcDbBlockReference
  2
_ARCHTICK
 10
-4500.0
 20
-80000.0
 30
0.0
 41
180.0
 42
180.0
 50
90.0
  0
LINE
  5
603
330
5FA
100
AcDbEntity
  8
0
100
AcDbLine
 10
-4500.0
 20
-81500.0
 30
0.0
 11
-4500.0
 21
-80945.0
 31
0.0
  0
LINE
  5
604
330
5FA
100
AcDbEntity
  8
0
100
AcDbLine
 10
-4500.0
 20
-80555.0
 30
0.0
 11
-4500.0
 21
-80000.0
 31
0.0
  0
MTEXT
  5
605
330
5FA
100
AcDbEntity
  8
S-DIMS
100
AcDbMText
 10
-4860.0
 20
-80750.0
 30
0.0
 40
300.0
 71
5
  1
150000
  7
OpenSansCondensed-Light
  0
POINT
  5
606
330
5FA
100
AcDbEntity
  8
Defpoints
100
AcDbPoint
 10
-4500.0
 20
-81500.0
 30
0.0
  0
POINT
  5
607
330
5FA
100
AcDbEntity
  8
Defpoints
100
AcDbPoint
 10
-3300.0
 20
-81500.0
 30
0.0
  0
POINT
  5
608
330
5FA
100
AcDbEntity
  8
Defpoints
100
AcDbPoint
 10
-3300.0
 20
-80000.0
 30
0.0
  0
ENDBLK
  5
5FC
330
5FA
100
AcDbEntity
  8
0
100
AcDbBlockEnd
  0
BLOCK
  5
60B
330
60A
100
AcDbEntity
  8
0
100
AcDbBlockBegin
  2
*D24
 70
1
 10
0.0
 20
0.0
 30
0.0
  3
*D24
  1

  0
LINE
  5
60D
330
60A
100
AcDbEntity
  8
0
100
AcDbLine
 10
-3390.0
 20
-80000.0
 30
0.0
 11
-4650.0
 21
-80000.0
 31
0.0
  0
LINE
  5
60E
330
60A
100
AcDbEntity
  8
0
100
AcDbLine
 10
-3390.0
 20
-77000.0
 30
0.0
 11
-4650.0
 21
-77000.0
 31
0.0
  0
INSERT
  5
60F
330
60A
100
AcDbEntity
  8
S-DIMS
100
AcDbBlockReference
  2
_ARCHTICK
 10
-4500.0
 20
-80000.0
 30
0.0
 41
180.0
 42
180.0
 50
270.0
  0
INSERT
  5
611
330
60A
100
AcDbEntity
  8
S-DIMS
100
AcDbBlockReference
  2
_ARCHTICK
 10
-4500.0
 20
-77000.0
 30
0.0
 41
180.0
 42
180.0
 50
90.0
  0
LINE
  5
613
330
60A
100
AcDbEntity
  8
0
100
AcDbLine
 10
-4500.0
 20
-80000.0
 30
0.0
 11
-4500.0
 21
-78695.0
 31
0.0
  0
LINE
  5
614
330
60A
100
AcDbEntity
  8
0
100
AcDbLine
 10
-4500.0
 20
-78305.0
 30
0.0
 11
-4500.0
 21
-77000.0
 31
0.0
  0
MTEXT
  5
615
330
60A
100
AcDbEntity
  8
S-DIMS
100
AcDbMText
 10
-4710.0
 20
-78500.0
 30
0.0
 40
300.0
 71
5
  1
300000
  7
OpenSansCondensed-Light
  0
POINT
  5
616
330
60A
100
AcDbEntity
  8
Defpoints
100
AcDbPoint
 10
-4500.0
 20
-80000.0
 30
0.0
  0
POINT
  5
617
330
60A
100
AcDbEntity
  8
Defpoints
100
AcDbPoint
 10
-3300.0
 20
-80000.0
 30
0.0
  0
POINT
  5
618
330
60A
100
AcDbEntity
  8
Defpoints
100
AcDbPoint
 10
-3300.0
 20
-77000.0
 30
0.0
  0
ENDBLK
  5
60C
330
60A
100
AcDbEntity
  8
0
100
AcDbBlockEnd
  0
BLOCK
  5
61B
330
61A
100
AcDbEntity
  8
0
100
AcDbBlockBegin
  2
*D25
 70
1
 10
0.0
 20
0.0
 30
0.0
  3
*D25
  1

  0
LINE
  5
61D
330
61A
100
AcDbEntity
  8
0
100
AcDbLine
 10
-3390.0
 20
-77000.0
 30
0.0
 11
-4650.0
 21
-77000.0
 31
0.0
  0
LINE
  5
61E
330
61A
100
AcDbEntity
  8
0
100
AcDbLine
 10
-3390.0
 20
-74000.0
 30
0.0
 11
-4650.0
 21
-74000.0
 31
0.0
  0
INSERT
  5
61F
330
61A
100
AcDbEntity
  8
S-DIMS
100
AcDbBlockReference
  2
_ARCHTICK
 10
-4500.0
 20
-77000.0
 30
0.0
 41
180.0
 42
180.0
 50
270.0
  0
INSERT
  5
621
330
61A
100
AcDbEntity
  8
S-DIMS
100
AcDbBlockReference
  2
_ARCHTICK
 10
-4500.0
 20
-74000.0
 30
0.0
 41
180.0
 42
180.0
 50
90.0
  0
LINE
  5
623
330
61A
100
AcDbEntity
  8
0
100
AcDbLine
 10
-4500.0
 20
-77000.0
 30
0.0
 11
-4500.0
 21
-75695.0
 31
0.0
  0
LINE
  5
624
330
61A
100
AcDbEntity
  8
0
100
AcDbLine
 10
-4500.0
 20
-75305.0
 30
0.0
 11
-4500.0
 21
-74000.0
 31
0.0
  0
MTEXT
  5
625
330
61A
100
AcDbEntity
  8
S-DIMS
100
AcDbMText
 10
-4710.0
 20
-75500.0
 30
0.0
 40
300.0
 71
5
  1
300000
  7
OpenSansCondensed-Light
  0
POINT
  5
626
330
61A
100
AcDbEntity
  8
Defpoints
100
AcDbPoint
 10
-4500.0
 20
-77000.0
 30
0.0
  0
POINT
  5
627
330
61A
100
AcDbEntity
  8
Defpoints
100
AcDbPoint
 10
-3300.0
 20
-77000.0
 30
0.0
  0
POINT
  5
628
330
61A
100
AcDbEntity
  8
Defpoints
100
AcDbPoint
 10
-3300.0
 20
-74000.0
 30
0.0
  0
ENDBLK
  5
61C
330
61A
100
AcDbEntity
  8
0
100
AcDbBlockEnd
  0
BLOCK
  5
62B
330
62A
100
AcDbEntity
  8
0
100
AcDbBlockBegin
  2
*D26
 70
1
 10
0.0
 20
0.0
 30
0.0
  3
*D26
  1

  0
LINE
  5
62D
330
62A
100
AcDbEntity
  8
0
100
AcDbLine
 10
-3390.0
 20
-74000.0
 30
0.0
 11
-4650.0
 21
-74000.0
 31
0.0
  0
LINE
  5
62E
330
62A
100
AcDbEntity
  8
0
100
AcDbLine
 10
-3390.0
 20
-71000.0
 30
0.0
 11
-4650.0
 21
-71000.0
 31
0.0
  0
INSERT
  5
62F
330
62A
100
AcDbEntity
  8
S-DIMS
100
AcDbBlockReference
  2
_ARCHTICK
 10
-4500.0
 20
-74000.0
 30
0.0
 41
180.0
 42
180.0
 50
270.0
  0
INSERT
  5
631
330
62A
100
AcDbEntity
  8
S-DIMS
100
AcDbBlockReference
  2
_ARCHTICK
 10
-4500.0
 20
-71000.0
 30
0.0
 41
180.0
 42
180.0
 50
90.0
  0
LINE
  5
633
330
62A
100
AcDbEntity
  8
0
100
AcDbLine
 10
-4500.0
 20
-74000.0
 30
0.0
 11
-4500.0
 21
-72695.0
 31
0.0
  0
LINE
  5
634
330
62A
100
AcDbEntity
  8
0
100
AcDbLine
 10
-4500.0
 20
-72305.0
 30
0.0
 11
-4500.0
 21
-71000.0
 31
0.0
  0
MTEXT
  5
635
330
62A
100
AcDbEntity
  8
S-DIMS
100
AcDbMText
 10
-4710.0
 20
-72500.0
 30
0.0
 40
300.0
 71
5
  1
300000
  7
OpenSansCondensed-Light
  0
POINT
  5
636
330
62A
100
AcDbEntity
  8
Defpoints
100
AcDbPoint
 10
-4500.0
 20
-74000.0
 30
0.0
  0
POINT
  5
637
330
62A
100
AcDbEntity
  8
Defpoints
100
AcDbPoint
 10
-3300.0
 20
-74000.0
 30
0.0
  0
POINT
  5
638
330
62A
100
AcDbEntity
  8
Defpoints
100
AcDbPoint
 10
-3300.0
 20
-71000.0
 30
0.0
  0
ENDBLK
  5
62C
330
62A
100
AcDbEntity
  8
0
100
AcDbBlockEnd
  0
BLOCK
  5
63B
330
63A
100
AcDbEntity
  8
0
100
AcDbBlockBegin
  2
*D27
 70
1
 10
0.0
 20
0.0
 30
0.0
  3
*D27
  1

  0
LINE
  5
63D
330
63A
100
AcDbEntity
  8
0
100
AcDbLine
 10
-3390.0
 20
-71000.0
 30
0.0
 11
-4650.0
 21
-71000.0
 31
0.0
  0
LINE
  5
63E
330
63A
100
AcDbEntity
  8
0
100
AcDbLine
 10
-3390.0
 20
-68000.0
 30
0.0
 11
-4650.0
 21
-68000.0
 31
0.0
  0
INSERT
  5
63F
330
63A
100
AcDbEntity
  8
S-DIMS
100
AcDbBlockReference
  2
_ARCHTICK
 10
-4500.0
 20
-71000.0
 30
0.0
 41
180.0
 42
180.0
 50
270.0
  0
INSERT
  5
641
330
63A
100
AcDbEntity
  8
S-DIMS
100
AcDbBlockReference
  2
_ARCHTICK
 10
-4500.0
 20
-68000.0
 30
0.0
 41
180.0
 42
180.0
 50
90.0
  0
LINE
  5
643
330
63A
100
AcDbEntity
  8
0
100
AcDbLine
 10
-4500.0
 20
-71000.0
 30
0.0
 11
-4500.0
 21
-69695.0
 31
0.0
  0
LINE
  5
644
330
63A
100
AcDbEntity
  8
0
100
AcDbLine
 10
-4500.0
 20
-69305.0
 30
0.0
 11
-4500.0
 21
-68000.0
 31
0.0
  0
MTEXT
  5
645
330
63A
100
AcDbEntity
  8
S-DIMS
100
AcDbMText
 10
-4710.0
 20
-69500.0
 30
0.0
 40
300.0
 71
5
  1
300000
  7
OpenSansCondensed-Light
  0
POINT
  5
646
330
63A
100
AcDbEntity
  8
Defpoints
100
AcDbPoint
 10
-4500.0
 20
-71000.0
 30
0.0
  0
POINT
  5
647
330
63A
100
AcDbEntity
  8
Defpoints
100
AcDbPoint
 10
-3300.0
 20
-71000.0
 30
0.0
  0
POINT
  5
648
330
63A
100
AcDbEntity
  8
Defpoints
100
AcDbPoint
 10
-3300.0
 20
-68000.0
 30
0.0
  0
ENDBLK
  5
63C
330
63A
100
AcDbEntity
  8
0
100
AcDbBlockEnd
  0
BLOCK
  5
64B
330
64A
100
AcDbEntity
  8
0
100
AcDbBlockBegin
  2
*D28
 70
1
 10
0.0
 20
0.0
 30
0.0
  3
*D28
  1

  0
LINE
  5
64D
330
64A
100
AcDbEntity
  8
0
100
AcDbLine
 10
-3390.0
 20
-68000.0
 30
0.0
 11
-4650.0
 21
-68000.0
 31
0.0
  0
LINE
  5
64E
330
64A
100
AcDbEntity
  8
0
100
AcDbLine
 10
-3390.0
 20
-65000.0
 30
0.0
 11
-4650.0
 21
-65000.0
 31
0.0
  0
INSERT
  5
64F
330
64A
100
AcDbEntity
  8
S-DIMS
100
AcDbBlockReference
  2
_ARCHTICK
 10
-4500.0
 20
-68000.0
 30
0.0
 41
180.0
 42
180.0
 50
270.0
  0
INSERT
  5
651
330
64A
100
AcDbEntity
  8
S-DIMS
100
AcDbBlockReference
  2
_ARCHTICK
 10
-4500.0
 20
-65000.0
 30
0.0
 41
180.0
 42
180.0
 50
90.0
  0
LINE
  5
653
330
64A
100
AcDbEntity
  8
0
100
AcDbLine
 10
-4500.0
 20
-68000.0
 30
0.0
 11
-4500.0
 21
-66695.0
 31
0.0
  0
LINE
  5
654
330
64A
100
AcDbEntity
  8
0
100
AcDbLine
 10
-4500.0
 20
-66305.0
 30
0.0
 11
-4500.0
 21
-65000.0
 31
0.0
  0
MTEXT
  5
655
330
64A
100
AcDbEntity
  8
S-DIMS
100
AcDbMText
 10
-4710.0
 20
-66500.0
 30
0.0
 40
300.0
 71
5
  1
300000
  7
OpenSansCondensed-Light
  0
POINT
  5
656
330
64A
100
AcDbEntity
  8
Defpoints
100
AcDbPoint
 10
-4500.0
 20
-68000.0
 30
0.0
  0
POINT
  5
657
330
64A
100
AcDbEntity
  8
Defpoints
100
AcDbPoint
 10
-3300.0
 20
-68000.0
 30
0.0
  0
POINT
  5
658
330
64A
100
AcDbEntity
  8
Defpoints
100
AcDbPoint
 10
-3300.0
 20
-65000.0
 30
0.0
  0
ENDBLK
  5
64C
330
64A
100
AcDbEntity
  8
0
100
AcDbBlockEnd
  0
BLOCK
  5
65B
330
65A
100
AcDbEntity
  8
0
100
AcDbBlockBegin
  2
*D29
 70
1
 10
0.0
 20
0.0
 30
0.0
  3
*D29
  1

  0
LINE
  5
65D
330
65A
100
AcDbEntity
  8
0
100
AcDbLine
 10
-3390.0
 20
-65000.0
 30
0.0
 11
-4650.0
 21
-65000.0
 31
0.0
  0
LINE
  5
65E
330
65A
100
AcDbEntity
  8
0
100
AcDbLine
 10
-3390.0
 20
-62000.0
 30
0.0
 11
-4650.0
 21
-62000.0
 31
0.0
  0
INSERT
  5
65F
330
65A
100
AcDbEntity
  8
S-DIMS
100
AcDbBlockReference
  2
_ARCHTICK
 10
-4500.0
 20
-65000.0
 30
0.0
 41
180.0
 42
180.0
 50
270.0
  0
INSERT
  5
661
330
65A
100
AcDbEntity
  8
S-DIMS
100
AcDbBlockReference
  2
_ARCHTICK
 10
-4500.0
 20
-62000.0
 30
0.0
 41
180.0
 42
180.0
 50
90.0
  0
LINE
  5
663
330
65A
100
AcDbEntity
  8
0
100
AcDbLine
 10
-4500.0
 20
-65000.0
 30
0.0
 11
-4500.0
 21
-63695.0
 31
0.0
  0
LINE
  5
664
330
65A
100
AcDbEntity
  8
0
100
AcDbLine
 10
-4500.0
 20
-63305.0
 30
0.0
 11
-4500.0
 21
-62000.0
 31
0.0
  0
MTEXT
  5
665
330
65A
100
AcDbEntity
  8
S-DIMS
100
AcDbMText
 10
-4710.0
 20
-63500.0
 30
0.0
 40
300.0
 71
5
  1
300000
  7
OpenSansCondensed-Light
  0
POINT
  5
666
330
65A
100
AcDbEntity
  8
Defpoints
100
AcDbPoint
 10
-4500.0
 20
-65000.0
 30
0.0
  0
POINT
  5
667
330
65A
100
AcDbEntity
  8
Defpoints
100
AcDbPoint
 10
-3300.0
 20
-65000.0
 30
0.0
  0
POINT
  5
668
330
65A
100
AcDbEntity
  8
Defpoints
100
AcDbPoint
 10
-3300.0
 20
-62000.0
 30
0.0
  0
ENDBLK
  5
65C
330
65A
100
AcDbEntity
  8
0
100
AcDbBlockEnd
  0
BLOCK
  5
67E
330
67D
100
AcDbEntity
  8
0
100
AcDbBlockBegin
  2
*Paper_Space1
 70
0
 10
0.0
 20
0.0
 30
0.0
  3
*Paper_Space1
  1

  0
INSERT
  5
682
330
67D
100
AcDbEntity
 67
1
  8
S-TITLE
100
AcDbBlockReference
  2
TITLE_BLOCK
 10
0.0
 20
0.0
 30
0.0
  0
TEXT
  5
684
330
67D
100
AcDbEntity
 67
1
  8
S-TEXT
100
AcDbText
 10
220.0
 20
28.0
 30
0.0
 40
6.0
  1
TYPICAL FLOOR PLAN
 11
220.0
 21
28.0
 31
0.0
100
AcDbText
  0
TEXT
  5
685
330
67D
100
AcDbEntity
 67
1
  8
S-TEXT
100
AcDbText
 10
220.0
 20
21.0
 30
0.0
 40
3.5
  1
F-RCC6  SAMPLE  SIX-STOREY RCC RESIDENTIAL BUILDING
 11
220.0
 21
21.0
 31
0.0
100
AcDbText
  0
TEXT
  5
686
330
67D
100
AcDbEntity
 67
1
  8
S-TEXT
100
AcDbText
 10
220.0
 20
14.0
 30
0.0
 40
3.0
  1
SHEET 2 OF 8  |  A3  |  ALL DIMENSIONS IN mm
 11
220.0
 21
14.0
 31
0.0
100
AcDbText
  0
ENDBLK
  5
67F
330
67D
100
AcDbEntity
  8
0
100
AcDbBlockEnd
  0
BLOCK
  5
688
330
687
100
AcDbEntity
  8
0
100
AcDbBlockBegin
  2
*Paper_Space2
 70
0
 10
0.0
 20
0.0
 30
0.0
  3
*Paper_Space2
  1

  0
INSERT
  5
68C
330
687
100
AcDbEntity
 67
1
  8
S-TITLE
100
AcDbBlockReference
  2
TITLE_BLOCK
 10
0.0
 20
0.0
 30
0.0
  0
TEXT
  5
68E
330
687
100
AcDbEntity
 67
1
  8
S-TEXT
100
AcDbText
 10
220.0
 20
28.0
 30
0.0
 40
6.0
  1
ROOF PLAN
 11
220.0
 21
28.0
 31
0.0
100
AcDbText
  0
TEXT
  5
68F
330
687
100
AcDbEntity
 67
1
  8
S-TEXT
100
AcDbText
 10
220.0
 20
21.0
 30
0.0
 40
3.5
  1
F-RCC6  SAMPLE  SIX-STOREY RCC RESIDENTIAL BUILDING
 11
220.0
 21
21.0
 31
0.0
100
AcDbText
  0
TEXT
  5
690
330
687
100
AcDbEntity
 67
1
  8
S-TEXT
100
AcDbText
 10
220.0
 20
14.0
 30
0.0
 40
3.0
  1
SHEET 3 OF 8  |  A3  |  ALL DIMENSIONS IN mm
 11
220.0
 21
14.0
 31
0.0
100
AcDbText
  0
ENDBLK
  5
689
330
687
100
AcDbEntity
  8
0
100
AcDbBlockEnd
  0
BLOCK
  5
692
330
691
100
AcDbEntity
  8
0
100
AcDbBlockBegin
  2
*Paper_Space3
 70
0
 10
0.0
 20
0.0
 30
0.0
  3
*Paper_Space3
  1

  0
INSERT
  5
696
330
691
100
AcDbEntity
 67
1
  8
S-TITLE
100
AcDbBlockReference
  2
TITLE_BLOCK
 10
0.0
 20
0.0
 30
0.0
  0
TEXT
  5
698
330
691
100
AcDbEntity
 67
1
  8
S-TEXT
100
AcDbText
 10
220.0
 20
28.0
 30
0.0
 40
6.0
  1
COLUMN SCHEDULE
 11
220.0
 21
28.0
 31
0.0
100
AcDbText
  0
TEXT
  5
699
330
691
100
AcDbEntity
 67
1
  8
S-TEXT
100
AcDbText
 10
220.0
 20
21.0
 30
0.0
 40
3.5
  1
F-RCC6  SAMPLE  SIX-STOREY RCC RESIDENTIAL BUILDING
 11
220.0
 21
21.0
 31
0.0
100
AcDbText
  0
TEXT
  5
69A
330
691
100
AcDbEntity
 67
1
  8
S-TEXT
100
AcDbText
 10
220.0
 20
14.0
 30
0.0
 40
3.0
  1
SHEET 4 OF 8  |  A3  |  ALL DIMENSIONS IN mm
 11
220.0
 21
14.0
 31
0.0
100
AcDbText
  0
ENDBLK
  5
693
330
691
100
AcDbEntity
  8
0
100
AcDbBlockEnd
  0
BLOCK
  5
69C
330
69B
100
AcDbEntity
  8
0
100
AcDbBlockBegin
  2
*Paper_Space4
 70
0
 10
0.0
 20
0.0
 30
0.0
  3
*Paper_Space4
  1

  0
INSERT
  5
6A0
330
69B
100
AcDbEntity
 67
1
  8
S-TITLE
100
AcDbBlockReference
  2
TITLE_BLOCK
 10
0.0
 20
0.0
 30
0.0
  0
TEXT
  5
6A2
330
69B
100
AcDbEntity
 67
1
  8
S-TEXT
100
AcDbText
 10
220.0
 20
28.0
 30
0.0
 40
6.0
  1
BEAM SCHEDULE
 11
220.0
 21
28.0
 31
0.0
100
AcDbText
  0
TEXT
  5
6A3
330
69B
100
AcDbEntity
 67
1
  8
S-TEXT
100
AcDbText
 10
220.0
 20
21.0
 30
0.0
 40
3.5
  1
F-RCC6  SAMPLE  SIX-STOREY RCC RESIDENTIAL BUILDING
 11
220.0
 21
21.0
 31
0.0
100
AcDbText
  0
TEXT
  5
6A4
330
69B
100
AcDbEntity
 67
1
  8
S-TEXT
100
AcDbText
 10
220.0
 20
14.0
 30
0.0
 40
3.0
  1
SHEET 5 OF 8  |  A3  |  ALL DIMENSIONS IN mm
 11
220.0
 21
14.0
 31
0.0
100
AcDbText
  0
ENDBLK
  5
69D
330
69B
100
AcDbEntity
  8
0
100
AcDbBlockEnd
  0
BLOCK
  5
6A6
330
6A5
100
AcDbEntity
  8
0
100
AcDbBlockBegin
  2
*Paper_Space5
 70
0
 10
0.0
 20
0.0
 30
0.0
  3
*Paper_Space5
  1

  0
INSERT
  5
6AA
330
6A5
100
AcDbEntity
 67
1
  8
S-TITLE
100
AcDbBlockReference
  2
TITLE_BLOCK
 10
0.0
 20
0.0
 30
0.0
  0
TEXT
  5
6AC
330
6A5
100
AcDbEntity
 67
1
  8
S-TEXT
100
AcDbText
 10
220.0
 20
28.0
 30
0.0
 40
6.0
  1
FOOTING SCHEDULE
 11
220.0
 21
28.0
 31
0.0
100
AcDbText
  0
TEXT
  5
6AD
330
6A5
100
AcDbEntity
 67
1
  8
S-TEXT
100
AcDbText
 10
220.0
 20
21.0
 30
0.0
 40
3.5
  1
F-RCC6  SAMPLE  SIX-STOREY RCC RESIDENTIAL BUILDING
 11
220.0
 21
21.0
 31
0.0
100
AcDbText
  0
TEXT
  5
6AE
330
6A5
100
AcDbEntity
 67
1
  8
S-TEXT
100
AcDbText
 10
220.0
 20
14.0
 30
0.0
 40
3.0
  1
SHEET 6 OF 8  |  A3  |  ALL DIMENSIONS IN mm
 11
220.0
 21
14.0
 31
0.0
100
AcDbText
  0
ENDBLK
  5
6A7
330
6A5
100
AcDbEntity
  8
0
100
AcDbBlockEnd
  0
BLOCK
  5
6B0
330
6AF
100
AcDbEntity
  8
0
100
AcDbBlockBegin
  2
*Paper_Space6
 70
0
 10
0.0
 20
0.0
 30
0.0
  3
*Paper_Space6
  1

  0
INSERT
  5
6B4
330
6AF
100
AcDbEntity
 67
1
  8
S-TITLE
100
AcDbBlockReference
  2
TITLE_BLOCK
 10
0.0
 20
0.0
 30
0.0
  0
TEXT
  5
6B6
330
6AF
100
AcDbEntity
 67
1
  8
S-TEXT
100
AcDbText
 10
220.0
 20
28.0
 30
0.0
 40
6.0
  1
SECTIONS
 11
220.0
 21
28.0
 31
0.0
100
AcDbText
  0
TEXT
  5
6B7
330
6AF
100
AcDbEntity
 67
1
  8
S-TEXT
100
AcDbText
 10
220.0
 20
21.0
 30
0.0
 40
3.5
  1
F-RCC6  SAMPLE  SIX-STOREY RCC RESIDENTIAL BUILDING
 11
220.0
 21
21.0
 31
0.0
100
AcDbText
  0
TEXT
  5
6B8
330
6AF
100
AcDbEntity
 67
1
  8
S-TEXT
100
AcDbText
 10
220.0
 20
14.0
 30
0.0
 40
3.0
  1
SHEET 7 OF 8  |  A3  |  ALL DIMENSIONS IN mm
 11
220.0
 21
14.0
 31
0.0
100
AcDbText
  0
ENDBLK
  5
6B1
330
6AF
100
AcDbEntity
  8
0
100
AcDbBlockEnd
  0
BLOCK
  5
6BA
330
6B9
100
AcDbEntity
  8
0
100
AcDbBlockBegin
  2
*Paper_Space7
 70
0
 10
0.0
 20
0.0
 30
0.0
  3
*Paper_Space7
  1

  0
INSERT
  5
6BE
330
6B9
100
AcDbEntity
 67
1
  8
S-TITLE
100
AcDbBlockReference
  2
TITLE_BLOCK
 10
0.0
 20
0.0
 30
0.0
  0
TEXT
  5
6C0
330
6B9
100
AcDbEntity
 67
1
  8
S-TEXT
100
AcDbText
 10
220.0
 20
28.0
 30
0.0
 40
6.0
  1
GENERAL NOTES
 11
220.0
 21
28.0
 31
0.0
100
AcDbText
  0
TEXT
  5
6C1
330
6B9
100
AcDbEntity
 67
1
  8
S-TEXT
100
AcDbText
 10
220.0
 20
21.0
 30
0.0
 40
3.5
  1
F-RCC6  SAMPLE  SIX-STOREY RCC RESIDENTIAL BUILDING
 11
220.0
 21
21.0
 31
0.0
100
AcDbText
  0
TEXT
  5
6C2
330
6B9
100
AcDbEntity
 67
1
  8
S-TEXT
100
AcDbText
 10
220.0
 20
14.0
 30
0.0
 40
3.0
  1
SHEET 8 OF 8  |  A3  |  ALL DIMENSIONS IN mm
 11
220.0
 21
14.0
 31
0.0
100
AcDbText
  0
ENDBLK
  5
6BB
330
6B9
100
AcDbEntity
  8
0
100
AcDbBlockEnd
  0
BLOCK
  5
674
330
673
100
AcDbEntity
  8
0
100
AcDbBlockBegin
  2
*Paper_Space
 70
0
 10
0.0
 20
0.0
 30
0.0
  3
*Paper_Space
  1

  0
ENDBLK
  5
675
330
673
100
AcDbEntity
  8
0
100
AcDbBlockEnd
  0
ENDSEC
  0
SECTION
  2
ENTITIES
  0
LINE
  5
9A
330
17
100
AcDbEntity
  8
S-GRID
100
AcDbLine
 10
0.0
 20
-1500.0
 30
0.0
 11
0.0
 21
21500.0
 31
0.0
  0
CIRCLE
  5
9B
330
17
100
AcDbEntity
  8
S-GRID
100
AcDbCircle
 10
0.0
 20
-2500.0
 30
0.0
 40
500.0
  0
TEXT
  5
9C
330
17
100
AcDbEntity
  8
S-TEXT
100
AcDbText
 10
0.0
 20
-2500.0
 30
0.0
 40
450.0
  1
A
 72
1
 11
0.0
 21
-2500.0
 31
0.0
100
AcDbText
 73
2
  0
LINE
  5
9D
330
17
100
AcDbEntity
  8
S-GRID
100
AcDbLine
 10
4500.0
 20
-1500.0
 30
0.0
 11
4500.0
 21
21500.0
 31
0.0
  0
CIRCLE
  5
9E
330
17
100
AcDbEntity
  8
S-GRID
100
AcDbCircle
 10
4500.0
 20
-2500.0
 30
0.0
 40
500.0
  0
TEXT
  5
9F
330
17
100
AcDbEntity
  8
S-TEXT
100
AcDbText
 10
4500.0
 20
-2500.0
 30
0.0
 40
450.0
  1
B
 72
1
 11
4500.0
 21
-2500.0
 31
0.0
100
AcDbText
 73
2
  0
LINE
  5
A0
330
17
100
AcDbEntity
  8
S-GRID
100
AcDbLine
 10
9000.0
 20
-1500.0
 30
0.0
 11
9000.0
 21
21500.0
 31
0.0
  0
CIRCLE
  5
A1
330
17
100
AcDbEntity
  8
S-GRID
100
AcDbCircle
 10
9000.0
 20
-2500.0
 30
0.0
 40
500.0
  0
TEXT
  5
A2
330
17
100
AcDbEntity
  8
S-TEXT
100
AcDbText
 10
9000.0
 20
-2500.0
 30
0.0
 40
450.0
  1
C
 72
1
 11
9000.0
 21
-2500.0
 31
0.0
100
AcDbText
 73
2
  0
LINE
  5
A3
330
17
100
AcDbEntity
  8
S-GRID
100
AcDbLine
 10
13500.0
 20
-1500.0
 30
0.0
 11
13500.0
 21
21500.0
 31
0.0
  0
CIRCLE
  5
A4
330
17
100
AcDbEntity
  8
S-GRID
100
AcDbCircle
 10
13500.0
 20
-2500.0
 30
0.0
 40
500.0
  0
TEXT
  5
A5
330
17
100
AcDbEntity
  8
S-TEXT
100
AcDbText
 10
13500.0
 20
-2500.0
 30
0.0
 40
450.0
  1
D
 72
1
 11
13500.0
 21
-2500.0
 31
0.0
100
AcDbText
 73
2
  0
LINE
  5
A6
330
17
100
AcDbEntity
  8
S-GRID
100
AcDbLine
 10
18000.0
 20
-1500.0
 30
0.0
 11
18000.0
 21
21500.0
 31
0.0
  0
CIRCLE
  5
A7
330
17
100
AcDbEntity
  8
S-GRID
100
AcDbCircle
 10
18000.0
 20
-2500.0
 30
0.0
 40
500.0
  0
TEXT
  5
A8
330
17
100
AcDbEntity
  8
S-TEXT
100
AcDbText
 10
18000.0
 20
-2500.0
 30
0.0
 40
450.0
  1
E
 72
1
 11
18000.0
 21
-2500.0
 31
0.0
100
AcDbText
 73
2
  0
LINE
  5
A9
330
17
100
AcDbEntity
  8
S-GRID
100
AcDbLine
 10
22500.0
 20
-1500.0
 30
0.0
 11
22500.0
 21
21500.0
 31
0.0
  0
CIRCLE
  5
AA
330
17
100
AcDbEntity
  8
S-GRID
100
AcDbCircle
 10
22500.0
 20
-2500.0
 30
0.0
 40
500.0
  0
TEXT
  5
AB
330
17
100
AcDbEntity
  8
S-TEXT
100
AcDbText
 10
22500.0
 20
-2500.0
 30
0.0
 40
450.0
  1
F
 72
1
 11
22500.0
 21
-2500.0
 31
0.0
100
AcDbText
 73
2
  0
LINE
  5
AC
330
17
100
AcDbEntity
  8
S-GRID
100
AcDbLine
 10
-1500.0
 20
0.0
 30
0.0
 11
24000.0
 21
0.0
 31
0.0
  0
CIRCLE
  5
AD
330
17
100
AcDbEntity
  8
S-GRID
100
AcDbCircle
 10
-2500.0
 20
0.0
 30
0.0
 40
500.0
  0
TEXT
  5
AE
330
17
100
AcDbEntity
  8
S-TEXT
100
AcDbText
 10
-2500.0
 20
0.0
 30
0.0
 40
450.0
  1
1
 72
1
 11
-2500.0
 21
0.0
 31
0.0
100
AcDbText
 73
2
  0
LINE
  5
AF
330
17
100
AcDbEntity
  8
S-GRID
100
AcDbLine
 10
-1500.0
 20
4000.0
 30
0.0
 11
24000.0
 21
4000.0
 31
0.0
  0
CIRCLE
  5
B0
330
17
100
AcDbEntity
  8
S-GRID
100
AcDbCircle
 10
-2500.0
 20
4000.0
 30
0.0
 40
500.0
  0
TEXT
  5
B1
330
17
100
AcDbEntity
  8
S-TEXT
100
AcDbText
 10
-2500.0
 20
4000.0
 30
0.0
 40
450.0
  1
2
 72
1
 11
-2500.0
 21
4000.0
 31
0.0
100
AcDbText
 73
2
  0
LINE
  5
B2
330
17
100
AcDbEntity
  8
S-GRID
100
AcDbLine
 10
-1500.0
 20
8000.0
 30
0.0
 11
24000.0
 21
8000.0
 31
0.0
  0
CIRCLE
  5
B3
330
17
100
AcDbEntity
  8
S-GRID
100
AcDbCircle
 10
-2500.0
 20
8000.0
 30
0.0
 40
500.0
  0
TEXT
  5
B4
330
17
100
AcDbEntity
  8
S-TEXT
100
AcDbText
 10
-2500.0
 20
8000.0
 30
0.0
 40
450.0
  1
3
 72
1
 11
-2500.0
 21
8000.0
 31
0.0
100
AcDbText
 73
2
  0
LINE
  5
B5
330
17
100
AcDbEntity
  8
S-GRID
100
AcDbLine
 10
-1500.0
 20
12000.0
 30
0.0
 11
24000.0
 21
12000.0
 31
0.0
  0
CIRCLE
  5
B6
330
17
100
AcDbEntity
  8
S-GRID
100
AcDbCircle
 10
-2500.0
 20
12000.0
 30
0.0
 40
500.0
  0
TEXT
  5
B7
330
17
100
AcDbEntity
  8
S-TEXT
100
AcDbText
 10
-2500.0
 20
12000.0
 30
0.0
 40
450.0
  1
4
 72
1
 11
-2500.0
 21
12000.0
 31
0.0
100
AcDbText
 73
2
  0
LINE
  5
B8
330
17
100
AcDbEntity
  8
S-GRID
100
AcDbLine
 10
-1500.0
 20
16000.0
 30
0.0
 11
24000.0
 21
16000.0
 31
0.0
  0
CIRCLE
  5
B9
330
17
100
AcDbEntity
  8
S-GRID
100
AcDbCircle
 10
-2500.0
 20
16000.0
 30
0.0
 40
500.0
  0
TEXT
  5
BA
330
17
100
AcDbEntity
  8
S-TEXT
100
AcDbText
 10
-2500.0
 20
16000.0
 30
0.0
 40
450.0
  1
5
 72
1
 11
-2500.0
 21
16000.0
 31
0.0
100
AcDbText
 73
2
  0
LINE
  5
BB
330
17
100
AcDbEntity
  8
S-GRID
100
AcDbLine
 10
-1500.0
 20
20000.0
 30
0.0
 11
24000.0
 21
20000.0
 31
0.0
  0
CIRCLE
  5
BC
330
17
100
AcDbEntity
  8
S-GRID
100
AcDbCircle
 10
-2500.0
 20
20000.0
 30
0.0
 40
500.0
  0
TEXT
  5
BD
330
17
100
AcDbEntity
  8
S-TEXT
100
AcDbText
 10
-2500.0
 20
20000.0
 30
0.0
 40
450.0
  1
6
 72
1
 11
-2500.0
 21
20000.0
 31
0.0
100
AcDbText
 73
2
  0
DIMENSION
  5
BE
330
17
100
AcDbEntity
  8
S-DIMS
100
AcDbDimension
  2
*D1
  3
EZDXF
 10
0.0
 20
22700.0
 30
0.0
 11
2250.0
 21
22910.0
 31
0.0
 70
32
 71
5
  1
<>
100
AcDbAlignedDimension
 13
0.0
 23
21500.0
 33
0.0
 14
4500.0
 24
21500.0
 34
0.0
 50
0.0
100
AcDbRotatedDimension
1001
ACAD
1000
DSTYLE
1002
{
1070
140
1040
300.0
1070
41
1040
180.0
1070
44
1040
150.0
1070
42
1040
90.0
1070
147
1040
60.0
1070
271
1070
0
1070
77
1070
1
1070
73
1070
1
1070
74
1070
1
1002
}
  0
DIMENSION
  5
CD
330
17
100
AcDbEntity
  8
S-DIMS
100
AcDbDimension
  2
*D2
  3
EZDXF
 10
4500.0
 20
22700.0
 30
0.0
 11
6750.0
 21
22910.0
 31
0.0
 70
32
 71
5
  1
<>
100
AcDbAlignedDimension
 13
4500.0
 23
21500.0
 33
0.0
 14
9000.0
 24
21500.0
 34
0.0
 50
0.0
100
AcDbRotatedDimension
1001
ACAD
1000
DSTYLE
1002
{
1070
140
1040
300.0
1070
41
1040
180.0
1070
44
1040
150.0
1070
42
1040
90.0
1070
147
1040
60.0
1070
271
1070
0
1070
77
1070
1
1070
73
1070
1
1070
74
1070
1
1002
}
  0
DIMENSION
  5
DC
330
17
100
AcDbEntity
  8
S-DIMS
100
AcDbDimension
  2
*D3
  3
EZDXF
 10
9000.0
 20
22700.0
 30
0.0
 11
11250.0
 21
22910.0
 31
0.0
 70
32
 71
5
  1
<>
100
AcDbAlignedDimension
 13
9000.0
 23
21500.0
 33
0.0
 14
13500.0
 24
21500.0
 34
0.0
 50
0.0
100
AcDbRotatedDimension
1001
ACAD
1000
DSTYLE
1002
{
1070
140
1040
300.0
1070
41
1040
180.0
1070
44
1040
150.0
1070
42
1040
90.0
1070
147
1040
60.0
1070
271
1070
0
1070
77
1070
1
1070
73
1070
1
1070
74
1070
1
1002
}
  0
DIMENSION
  5
EB
330
17
100
AcDbEntity
  8
S-DIMS
100
AcDbDimension
  2
*D4
  3
EZDXF
 10
13500.0
 20
22700.0
 30
0.0
 11
15750.0
 21
22910.0
 31
0.0
 70
32
 71
5
  1
<>
100
AcDbAlignedDimension
 13
13500.0
 23
21500.0
 33
0.0
 14
18000.0
 24
21500.0
 34
0.0
 50
0.0
100
AcDbRotatedDimension
1001
ACAD
1000
DSTYLE
1002
{
1070
140
1040
300.0
1070
41
1040
180.0
1070
44
1040
150.0
1070
42
1040
90.0
1070
147
1040
60.0
1070
271
1070
0
1070
77
1070
1
1070
73
1070
1
1070
74
1070
1
1002
}
  0
DIMENSION
  5
FA
330
17
100
AcDbEntity
  8
S-DIMS
100
AcDbDimension
  2
*D5
  3
EZDXF
 10
18000.0
 20
22700.0
 30
0.0
 11
20250.0
 21
22910.0
 31
0.0
 70
32
 71
5
  1
<>
100
AcDbAlignedDimension
 13
18000.0
 23
21500.0
 33
0.0
 14
22500.0
 24
21500.0
 34
0.0
 50
0.0
100
AcDbRotatedDimension
1001
ACAD
1000
DSTYLE
1002
{
1070
140
1040
300.0
1070
41
1040
180.0
1070
44
1040
150.0
1070
42
1040
90.0
1070
147
1040
60.0
1070
271
1070
0
1070
77
1070
1
1070
73
1070
1
1070
74
1070
1
1002
}
  0
DIMENSION
  5
109
330
17
100
AcDbEntity
  8
S-DIMS
100
AcDbDimension
  2
*D6
  3
EZDXF
 10
25200.0
 20
0.0
 30
0.0
 11
24990.0
 21
2000.0
 31
0.0
 70
32
 71
5
  1
<>
100
AcDbAlignedDimension
 13
24000.0
 23
0.0
 33
0.0
 14
24000.0
 24
4000.0
 34
0.0
 50
90.0
100
AcDbRotatedDimension
1001
ACAD
1000
DSTYLE
1002
{
1070
140
1040
300.0
1070
41
1040
180.0
1070
44
1040
150.0
1070
42
1040
90.0
1070
147
1040
60.0
1070
271
1070
0
1070
77
1070
1
1070
73
1070
1
1070
74
1070
1
1002
}
  0
DIMENSION
  5
119
330
17
100
AcDbEntity
  8
S-DIMS
100
AcDbDimension
  2
*D7
  3
EZDXF
 10
25200.0
 20
4000.0
 30
0.0
 11
24990.0
 21
6000.0
 31
0.0
 70
32
 71
5
  1
<>
100
AcDbAlignedDimension
 13
24000.0
 23
4000.0
 33
0.0
 14
24000.0
 24
8000.0
 34
0.0
 50
90.0
100
AcDbRotatedDimension
1001
ACAD
1000
DSTYLE
1002
{
1070
140
1040
300.0
1070
41
1040
180.0
1070
44
1040
150.0
1070
42
1040
90.0
1070
147
1040
60.0
1070
271
1070
0
1070
77
1070
1
1070
73
1070
1
1070
74
1070
1
1002
}
  0
DIMENSION
  5
129
330
17
100
AcDbEntity
  8
S-DIMS
100
AcDbDimension
  2
*D8
  3
EZDXF
 10
25200.0
 20
8000.0
 30
0.0
 11
24990.0
 21
10000.0
 31
0.0
 70
32
 71
5
  1
<>
100
AcDbAlignedDimension
 13
24000.0
 23
8000.0
 33
0.0
 14
24000.0
 24
12000.0
 34
0.0
 50
90.0
100
AcDbRotatedDimension
1001
ACAD
1000
DSTYLE
1002
{
1070
140
1040
300.0
1070
41
1040
180.0
1070
44
1040
150.0
1070
42
1040
90.0
1070
147
1040
60.0
1070
271
1070
0
1070
77
1070
1
1070
73
1070
1
1070
74
1070
1
1002
}
  0
DIMENSION
  5
139
330
17
100
AcDbEntity
  8
S-DIMS
100
AcDbDimension
  2
*D9
  3
EZDXF
 10
25200.0
 20
12000.0
 30
0.0
 11
24990.0
 21
14000.0
 31
0.0
 70
32
 71
5
  1
<>
100
AcDbAlignedDimension
 13
24000.0
 23
12000.0
 33
0.0
 14
24000.0
 24
16000.0
 34
0.0
 50
90.0
100
AcDbRotatedDimension
1001
ACAD
1000
DSTYLE
1002
{
1070
140
1040
300.0
1070
41
1040
180.0
1070
44
1040
150.0
1070
42
1040
90.0
1070
147
1040
60.0
1070
271
1070
0
1070
77
1070
1
1070
73
1070
1
1070
74
1070
1
1002
}
  0
DIMENSION
  5
149
330
17
100
AcDbEntity
  8
S-DIMS
100
AcDbDimension
  2
*D10
  3
EZDXF
 10
25200.0
 20
16000.0
 30
0.0
 11
24990.0
 21
18000.0
 31
0.0
 70
32
 71
5
  1
<>
100
AcDbAlignedDimension
 13
24000.0
 23
16000.0
 33
0.0
 14
24000.0
 24
20000.0
 34
0.0
 50
90.0
100
AcDbRotatedDimension
1001
ACAD
1000
DSTYLE
1002
{
1070
140
1040
300.0
1070
41
1040
180.0
1070
44
1040
150.0
1070
42
1040
90.0
1070
147
1040
60.0
1070
271
1070
0
1070
77
1070
1
1070
73
1070
1
1070
74
1070
1
1002
}
  0
ARC
  5
159
330
17
100
AcDbEntity
  8
S-TEXT
100
AcDbCircle
 10
-3800.0
 20
10000.0
 30
0.0
 40
500.0
100
AcDbArc
 50
90.0
 51
270.0
  0
LINE
  5
15A
330
17
100
AcDbEntity
  8
S-TEXT
100
AcDbLine
 10
-3800.0
 20
9500.0
 30
0.0
 11
-3800.0
 21
10500.0
 31
0.0
  0
TEXT
  5
15B
330
17
100
AcDbEntity
  8
S-TEXT
100
AcDbText
 10
-3800.0
 20
10000.0
 30
0.0
 40
300.0
  1
A-A
 72
1
 11
-3800.0
 21
10000.0
 31
0.0
100
AcDbText
 73
2
  0
ARC
  5
15C
330
17
100
AcDbEntity
  8
S-TEXT
100
AcDbCircle
 10
26300.0
 20
10000.0
 30
0.0
 40
500.0
100
AcDbArc
 50
270.0
 51
450.0
  0
LINE
  5
15D
330
17
100
AcDbEntity
  8
S-TEXT
100
AcDbLine
 10
26300.0
 20
9500.0
 30
0.0
 11
26300.0
 21
10500.0
 31
0.0
  0
TEXT
  5
15E
330
17
100
AcDbEntity
  8
S-TEXT
100
AcDbText
 10
26300.0
 20
10000.0
 30
0.0
 40
300.0
  1
A-A
 72
1
 11
26300.0
 21
10000.0
 31
0.0
100
AcDbText
 73
2
  0
LWPOLYLINE
  5
15F
330
17
100
AcDbEntity
  8
S-FDN
100
AcDbPolyline
 90
4
 70
1
 10
-750.0
 20
-750.0
 10
750.0
 20
-750.0
 10
750.0
 20
750.0
 10
-750.0
 20
750.0
  0
TEXT
  5
160
330
17
100
AcDbEntity
  8
S-TEXT
100
AcDbText
 10
900.0
 20
450.0
 30
0.0
 40
300.0
  1
F1
 11
900.0
 21
450.0
 31
0.0
100
AcDbText
  0
LWPOLYLINE
  5
161
330
17
100
AcDbEntity
  8
S-FDN
100
AcDbPolyline
 90
4
 70
1
 10
3600.0
 20
-900.0
 10
5400.0
 20
-900.0
 10
5400.0
 20
900.0
 10
3600.0
 20
900.0
  0
TEXT
  5
162
330
17
100
AcDbEntity
  8
S-TEXT
100
AcDbText
 10
5550.0
 20
600.0
 30
0.0
 40
300.0
  1
F2
 11
5550.0
 21
600.0
 31
0.0
100
AcDbText
  0
LWPOLYLINE
  5
163
330
17
100
AcDbEntity
  8
S-FDN
100
AcDbPolyline
 90
4
 70
1
 10
8100.0
 20
-900.0
 10
9900.0
 20
-900.0
 10
9900.0
 20
900.0
 10
8100.0
 20
900.0
  0
TEXT
  5
164
330
17
100
AcDbEntity
  8
S-TEXT
100
AcDbText
 10
10050.0
 20
600.0
 30
0.0
 40
300.0
  1
F2
 11
10050.0
 21
600.0
 31
0.0
100
AcDbText
  0
LWPOLYLINE
  5
165
330
17
100
AcDbEntity
  8
S-FDN
100
AcDbPolyline
 90
4
 70
1
 10
12600.0
 20
-900.0
 10
14400.0
 20
-900.0
 10
14400.0
 20
900.0
 10
12600.0
 20
900.0
  0
TEXT
  5
166
330
17
100
AcDbEntity
  8
S-TEXT
100
AcDbText
 10
14550.0
 20
600.0
 30
0.0
 40
300.0
  1
F2
 11
14550.0
 21
600.0
 31
0.0
100
AcDbText
  0
LWPOLYLINE
  5
167
330
17
100
AcDbEntity
  8
S-FDN
100
AcDbPolyline
 90
4
 70
1
 10
17100.0
 20
-900.0
 10
18900.0
 20
-900.0
 10
18900.0
 20
900.0
 10
17100.0
 20
900.0
  0
TEXT
  5
168
330
17
100
AcDbEntity
  8
S-TEXT
100
AcDbText
 10
19050.0
 20
600.0
 30
0.0
 40
300.0
  1
F2
 11
19050.0
 21
600.0
 31
0.0
100
AcDbText
  0
LWPOLYLINE
  5
169
330
17
100
AcDbEntity
  8
S-FDN
100
AcDbPolyline
 90
4
 70
1
 10
21750.0
 20
-750.0
 10
23250.0
 20
-750.0
 10
23250.0
 20
750.0
 10
21750.0
 20
750.0
  0
TEXT
  5
16A
330
17
100
AcDbEntity
  8
S-TEXT
100
AcDbText
 10
23400.0
 20
450.0
 30
0.0
 40
300.0
  1
F1
 11
23400.0
 21
450.0
 31
0.0
100
AcDbText
  0
LWPOLYLINE
  5
16B
330
17
100
AcDbEntity
  8
S-FDN
100
AcDbPolyline
 90
4
 70
1
 10
-900.0
 20
2950.0
 10
900.0
 20
2950.0
 10
900.0
 20
5050.0
 10
-900.0
 20
5050.0
  0
TEXT
  5
16C
330
17
100
AcDbEntity
  8
S-TEXT
100
AcDbText
 10
1050.0
 20
4750.0
 30
0.0
 40
300.0
  1
F4
 11
1050.0
 21
4750.0
 31
0.0
100
AcDbText
  0
LWPOLYLINE
  5
16D
330
17
100
AcDbEntity
  8
S-FDN
100
AcDbPolyline
 90
4
 70
1
 10
3450.0
 20
2950.0
 10
5550.0
 20
2950.0
 10
5550.0
 20
5050.0
 10
3450.0
 20
5050.0
  0
TEXT
  5
16E
330
17
100
AcDbEntity
  8
S-TEXT
100
AcDbText
 10
5700.0
 20
4750.0
 30
0.0
 40
300.0
  1
F3
 11
5700.0
 21
4750.0
 31
0.0
100
AcDbText
  0
LWPOLYLINE
  5
16F
330
17
100
AcDbEntity
  8
S-FDN
100
AcDbPolyline
 90
4
 70
1
 10
7950.0
 20
2950.0
 10
10050.0
 20
2950.0
 10
10050.0
 20
5050.0
 10
7950.0
 20
5050.0
  0
TEXT
  5
170
330
17
100
AcDbEntity
  8
S-TEXT
100
AcDbText
 10
10200.0
 20
4750.0
 30
0.0
 40
300.0
  1
F3
 11
10200.0
 21
4750.0
 31
0.0
100
AcDbText
  0
LWPOLYLINE
  5
171
330
17
100
AcDbEntity
  8
S-FDN
100
AcDbPolyline
 90
4
 70
1
 10
12450.0
 20
2950.0
 10
14550.0
 20
2950.0
 10
14550.0
 20
5050.0
 10
12450.0
 20
5050.0
  0
TEXT
  5
172
330
17
100
AcDbEntity
  8
S-TEXT
100
AcDbText
 10
14700.0
 20
4750.0
 30
0.0
 40
300.0
  1
F3
 11
14700.0
 21
4750.0
 31
0.0
100
AcDbText
  0
LWPOLYLINE
  5
173
330
17
100
AcDbEntity
  8
S-FDN
100
AcDbPolyline
 90
4
 70
1
 10
16950.0
 20
2950.0
 10
19050.0
 20
2950.0
 10
19050.0
 20
5050.0
 10
16950.0
 20
5050.0
  0
TEXT
  5
174
330
17
100
AcDbEntity
  8
S-TEXT
100
AcDbText
 10
19200.0
 20
4750.0
 30
0.0
 40
300.0
  1
F3
 11
19200.0
 21
4750.0
 31
0.0
100
AcDbText
  0
LWPOLYLINE
  5
175
330
17
100
AcDbEntity
  8
S-FDN
100
AcDbPolyline
 90
4
 70
1
 10
21600.0
 20
2950.0
 10
23400.0
 20
2950.0
 10
23400.0
 20
5050.0
 10
21600.0
 20
5050.0
  0
TEXT
  5
176
330
17
100
AcDbEntity
  8
S-TEXT
100
AcDbText
 10
23550.0
 20
4750.0
 30
0.0
 40
300.0
  1
F4
 11
23550.0
 21
4750.0
 31
0.0
100
AcDbText
  0
LWPOLYLINE
  5
177
330
17
100
AcDbEntity
  8
S-FDN
100
AcDbPolyline
 90
4
 70
1
 10
-900.0
 20
6950.0
 10
900.0
 20
6950.0
 10
900.0
 20
9050.0
 10
-900.0
 20
9050.0
  0
TEXT
  5
178
330
17
100
AcDbEntity
  8
S-TEXT
100
AcDbText
 10
1050.0
 20
8750.0
 30
0.0
 40
300.0
  1
F4
 11
1050.0
 21
8750.0
 31
0.0
100
AcDbText
  0
LWPOLYLINE
  5
179
330
17
100
AcDbEntity
  8
S-FDN
100
AcDbPolyline
 90
4
 70
1
 10
3450.0
 20
6950.0
 10
5550.0
 20
6950.0
 10
5550.0
 20
9050.0
 10
3450.0
 20
9050.0
  0
TEXT
  5
17A
330
17
100
AcDbEntity
  8
S-TEXT
100
AcDbText
 10
5700.0
 20
8750.0
 30
0.0
 40
300.0
  1
F3
 11
5700.0
 21
8750.0
 31
0.0
100
AcDbText
  0
LWPOLYLINE
  5
17B
330
17
100
AcDbEntity
  8
S-FDN
100
AcDbPolyline
 90
4
 70
1
 10
7800.0
 20
6800.0
 10
10200.0
 20
6800.0
 10
10200.0
 20
9200.0
 10
7800.0
 20
9200.0
  0
CIRCLE
  5
17C
330
17
100
AcDbEntity
  8
S-FDN
100
AcDbCircle
 10
9509.116882454315
 20
8509.116882454315
 30
0.0
 40
250.0
  0
CIRCLE
  5
17D
330
17
100
AcDbEntity
  8
S-FDN
100
AcDbCircle
 10
8490.883117545685
 20
8509.116882454315
 30
0.0
 40
250.0
  0
CIRCLE
  5
17E
330
17
100
AcDbEntity
  8
S-FDN
100
AcDbCircle
 10
8490.883117545685
 20
7490.883117545686
 30
0.0
 40
250.0
  0
CIRCLE
  5
17F
330
17
100
AcDbEntity
  8
S-FDN
100
AcDbCircle
 10
9509.116882454315
 20
7490.883117545685
 30
0.0
 40
250.0
  0
TEXT
  5
180
330
17
100
AcDbEntity
  8
S-TEXT
100
AcDbText
 10
10350.0
 20
8900.0
 30
0.0
 40
300.0
  1
PC1
 11
10350.0
 21
8900.0
 31
0.0
100
AcDbText
  0
LWPOLYLINE
  5
181
330
17
100
AcDbEntity
  8
S-FDN
100
AcDbPolyline
 90
4
 70
1
 10
12000.0
 20
6800.0
 10
15000.0
 20
6800.0
 10
15000.0
 20
9200.0
 10
12000.0
 20
9200.0
  0
CIRCLE
  5
182
330
17
100
AcDbEntity
  8
S-FDN
100
AcDbCircle
 10
14136.396103067893
 20
8509.116882454315
 30
0.0
 40
250.0
  0
CIRCLE
  5
183
330
17
100
AcDbEntity
  8
S-FDN
100
AcDbCircle
 10
12630.666756339839
 20
8186.349712473815
 30
0.0
 40
250.0
  0
CIRCLE
  5
184
330
17
100
AcDbEntity
  8
S-FDN
100
AcDbCircle
 10
13732.937140592268
 20
7304.533405071871
 30
0.0
 40
250.0
  0
TEXT
  5
185
330
17
100
AcDbEntity
  8
S-TEXT
100
AcDbText
 10
15150.0
 20
8900.0
 30
0.0
 40
300.0
  1
PC2
 11
15150.0
 21
8900.0
 31
0.0
100
AcDbText
  0
LWPOLYLINE
  5
186
330
17
100
AcDbEntity
  8
S-FDN
100
AcDbPolyline
 90
4
 70
1
 10
16950.0
 20
6950.0
 10
19050.0
 20
6950.0
 10
19050.0
 20
9050.0
 10
16950.0
 20
9050.0
  0
TEXT
  5
187
330
17
100
AcDbEntity
  8
S-TEXT
100
AcDbText
 10
19200.0
 20
8750.0
 30
0.0
 40
300.0
  1
F3
 11
19200.0
 21
8750.0
 31
0.0
100
AcDbText
  0
LWPOLYLINE
  5
188
330
17
100
AcDbEntity
  8
S-FDN
100
AcDbPolyline
 90
4
 70
1
 10
21600.0
 20
6950.0
 10
23400.0
 20
6950.0
 10
23400.0
 20
9050.0
 10
21600.0
 20
9050.0
  0
TEXT
  5
189
330
17
100
AcDbEntity
  8
S-TEXT
100
AcDbText
 10
23550.0
 20
8750.0
 30
0.0
 40
300.0
  1
F4
 11
23550.0
 21
8750.0
 31
0.0
100
AcDbText
  0
LWPOLYLINE
  5
18A
330
17
100
AcDbEntity
  8
S-FDN
100
AcDbPolyline
 90
4
 70
1
 10
-900.0
 20
10950.0
 10
900.0
 20
10950.0
 10
900.0
 20
13050.0
 10
-900.0
 20
13050.0
  0
TEXT
  5
18B
330
17
100
AcDbEntity
  8
S-TEXT
100
AcDbText
 10
1050.0
 20
12750.0
 30
0.0
 40
300.0
  1
F4
 11
1050.0
 21
12750.0
 31
0.0
100
AcDbText
  0
LWPOLYLINE
  5
18C
330
17
100
AcDbEntity
  8
S-FDN
100
AcDbPolyline
 90
4
 70
1
 10
3450.0
 20
10950.0
 10
5550.0
 20
10950.0
 10
5550.0
 20
13050.0
 10
3450.0
 20
13050.0
  0
TEXT
  5
18D
330
17
100
AcDbEntity
  8
S-TEXT
100
AcDbText
 10
5700.0
 20
12750.0
 30
0.0
 40
300.0
  1
F3
 11
5700.0
 21
12750.0
 31
0.0
100
AcDbText
  0
LWPOLYLINE
  5
18E
330
17
100
AcDbEntity
  8
S-FDN
100
AcDbPolyline
 90
4
 70
1
 10
7800.0
 20
10800.0
 10
10200.0
 20
10800.0
 10
10200.0
 20
13200.0
 10
7800.0
 20
13200.0
  0
CIRCLE
  5
18F
330
17
100
AcDbEntity
  8
S-FDN
100
AcDbCircle
 10
9509.116882454315
 20
12509.116882454315
 30
0.0
 40
250.0
  0
CIRCLE
  5
190
330
17
100
AcDbEntity
  8
S-FDN
100
AcDbCircle
 10
8490.883117545685
 20
12509.116882454315
 30
0.0
 40
250.0
  0
CIRCLE
  5
191
330
17
100
AcDbEntity
  8
S-FDN
100
AcDbCircle
 10
8490.883117545685
 20
11490.883117545685
 30
0.0
 40
250.0
  0
CIRCLE
  5
192
330
17
100
AcDbEntity
  8
S-FDN
100
AcDbCircle
 10
9509.116882454315
 20
11490.883117545685
 30
0.0
 40
250.0
  0
TEXT
  5
193
330
17
100
AcDbEntity
  8
S-TEXT
100
AcDbText
 10
10350.0
 20
12900.0
 30
0.0
 40
300.0
  1
PC1
 11
10350.0
 21
12900.0
 31
0.0
100
AcDbText
  0
LWPOLYLINE
  5
194
330
17
100
AcDbEntity
  8
S-FDN
100
AcDbPolyline
 90
4
 70
1
 10
12000.0
 20
10800.0
 10
15000.0
 20
10800.0
 10
15000.0
 20
13200.0
 10
12000.0
 20
13200.0
  0
CIRCLE
  5
195
330
17
100
AcDbEntity
  8
S-FDN
100
AcDbCircle
 10
14136.396103067893
 20
12509.116882454315
 30
0.0
 40
250.0
  0
CIRCLE
  5
196
330
17
100
AcDbEntity
  8
S-FDN
100
AcDbCircle
 10
12630.666756339839
 20
12186.349712473815
 30
0.0
 40
250.0
  0
CIRCLE
  5
197
330
17
100
AcDbEntity
  8
S-FDN
100
AcDbCircle
 10
13732.937140592268
 20
11304.53340507187
 30
0.0
 40
250.0
  0
TEXT
  5
198
330
17
100
AcDbEntity
  8
S-TEXT
100
AcDbText
 10
15150.0
 20
12900.0
 30
0.0
 40
300.0
  1
PC2
 11
15150.0
 21
12900.0
 31
0.0
100
AcDbText
  0
LWPOLYLINE
  5
199
330
17
100
AcDbEntity
  8
S-FDN
100
AcDbPolyline
 90
4
 70
1
 10
16950.0
 20
10950.0
 10
19050.0
 20
10950.0
 10
19050.0
 20
13050.0
 10
16950.0
 20
13050.0
  0
TEXT
  5
19A
330
17
100
AcDbEntity
  8
S-TEXT
100
AcDbText
 10
19200.0
 20
12750.0
 30
0.0
 40
300.0
  1
F3
 11
19200.0
 21
12750.0
 31
0.0
100
AcDbText
  0
LWPOLYLINE
  5
19B
330
17
100
AcDbEntity
  8
S-FDN
100
AcDbPolyline
 90
4
 70
1
 10
21600.0
 20
10950.0
 10
23400.0
 20
10950.0
 10
23400.0
 20
13050.0
 10
21600.0
 20
13050.0
  0
TEXT
  5
19C
330
17
100
AcDbEntity
  8
S-TEXT
100
AcDbText
 10
23550.0
 20
12750.0
 30
0.0
 40
300.0
  1
F4
 11
23550.0
 21
12750.0
 31
0.0
100
AcDbText
  0
LWPOLYLINE
  5
19D
330
17
100
AcDbEntity
  8
S-FDN
100
AcDbPolyline
 90
4
 70
1
 10
-900.0
 20
14950.0
 10
900.0
 20
14950.0
 10
900.0
 20
17050.0
 10
-900.0
 20
17050.0
  0
TEXT
  5
19E
330
17
100
AcDbEntity
  8
S-TEXT
100
AcDbText
 10
1050.0
 20
16750.0
 30
0.0
 40
300.0
  1
F4
 11
1050.0
 21
16750.0
 31
0.0
100
AcDbText
  0
LWPOLYLINE
  5
19F
330
17
100
AcDbEntity
  8
S-FDN
100
AcDbPolyline
 90
4
 70
1
 10
3450.0
 20
14950.0
 10
5550.0
 20
14950.0
 10
5550.0
 20
17050.0
 10
3450.0
 20
17050.0
  0
TEXT
  5
1A0
330
17
100
AcDbEntity
  8
S-TEXT
100
AcDbText
 10
5700.0
 20
16750.0
 30
0.0
 40
300.0
  1
F3
 11
5700.0
 21
16750.0
 31
0.0
100
AcDbText
  0
LWPOLYLINE
  5
1A1
330
17
100
AcDbEntity
  8
S-FDN
100
AcDbPolyline
 90
4
 70
1
 10
7950.0
 20
14950.0
 10
10050.0
 20
14950.0
 10
10050.0
 20
17050.0
 10
7950.0
 20
17050.0
  0
TEXT
  5
1A2
330
17
100
AcDbEntity
  8
S-TEXT
100
AcDbText
 10
10200.0
 20
16750.0
 30
0.0
 40
300.0
  1
F3
 11
10200.0
 21
16750.0
 31
0.0
100
AcDbText
  0
LWPOLYLINE
  5
1A3
330
17
100
AcDbEntity
  8
S-FDN
100
AcDbPolyline
 90
4
 70
1
 10
12450.0
 20
14950.0
 10
14550.0
 20
14950.0
 10
14550.0
 20
17050.0
 10
12450.0
 20
17050.0
  0
TEXT
  5
1A4
330
17
100
AcDbEntity
  8
S-TEXT
100
AcDbText
 10
14700.0
 20
16750.0
 30
0.0
 40
300.0
  1
F3
 11
14700.0
 21
16750.0
 31
0.0
100
AcDbText
  0
LWPOLYLINE
  5
1A5
330
17
100
AcDbEntity
  8
S-FDN
100
AcDbPolyline
 90
4
 70
1
 10
16950.0
 20
14950.0
 10
19050.0
 20
14950.0
 10
19050.0
 20
17050.0
 10
16950.0
 20
17050.0
  0
TEXT
  5
1A6
330
17
100
AcDbEntity
  8
S-TEXT
100
AcDbText
 10
19200.0
 20
16750.0
 30
0.0
 40
300.0
  1
F3
 11
19200.0
 21
16750.0
 31
0.0
100
AcDbText
  0
LWPOLYLINE
  5
1A7
330
17
100
AcDbEntity
  8
S-FDN
100
AcDbPolyline
 90
4
 70
1
 10
21600.0
 20
14950.0
 10
23400.0
 20
14950.0
 10
23400.0
 20
17050.0
 10
21600.0
 20
17050.0
  0
TEXT
  5
1A8
330
17
100
AcDbEntity
  8
S-TEXT
100
AcDbText
 10
23550.0
 20
16750.0
 30
0.0
 40
300.0
  1
F4
 11
23550.0
 21
16750.0
 31
0.0
100
AcDbText
  0
LWPOLYLINE
  5
1A9
330
17
100
AcDbEntity
  8
S-FDN
100
AcDbPolyline
 90
4
 70
1
 10
-750.0
 20
19250.0
 10
750.0
 20
19250.0
 10
750.0
 20
20750.0
 10
-750.0
 20
20750.0
  0
TEXT
  5
1AA
330
17
100
AcDbEntity
  8
S-TEXT
100
AcDbText
 10
900.0
 20
20450.0
 30
0.0
 40
300.0
  1
F1
 11
900.0
 21
20450.0
 31
0.0
100
AcDbText
  0
LWPOLYLINE
  5
1AB
330
17
100
AcDbEntity
  8
S-FDN
100
AcDbPolyline
 90
4
 70
1
 10
3600.0
 20
19100.0
 10
5400.0
 20
19100.0
 10
5400.0
 20
20900.0
 10
3600.0
 20
20900.0
  0
TEXT
  5
1AC
330
17
100
AcDbEntity
  8
S-TEXT
100
AcDbText
 10
5550.0
 20
20600.0
 30
0.0
 40
300.0
  1
F2
 11
5550.0
 21
20600.0
 31
0.0
100
AcDbText
  0
LWPOLYLINE
  5
1AD
330
17
100
AcDbEntity
  8
S-FDN
100
AcDbPolyline
 90
4
 70
1
 10
8100.0
 20
19100.0
 10
9900.0
 20
19100.0
 10
9900.0
 20
20900.0
 10
8100.0
 20
20900.0
  0
TEXT
  5
1AE
330
17
100
AcDbEntity
  8
S-TEXT
100
AcDbText
 10
10050.0
 20
20600.0
 30
0.0
 40
300.0
  1
F2
 11
10050.0
 21
20600.0
 31
0.0
100
AcDbText
  0
LWPOLYLINE
  5
1AF
330
17
100
AcDbEntity
  8
S-FDN
100
AcDbPolyline
 90
4
 70
1
 10
12600.0
 20
19100.0
 10
14400.0
 20
19100.0
 10
14400.0
 20
20900.0
 10
12600.0
 20
20900.0
  0
TEXT
  5
1B0
330
17
100
AcDbEntity
  8
S-TEXT
100
AcDbText
 10
14550.0
 20
20600.0
 30
0.0
 40
300.0
  1
F2
 11
14550.0
 21
20600.0
 31
0.0
100
AcDbText
  0
LWPOLYLINE
  5
1B1
330
17
100
AcDbEntity
  8
S-FDN
100
AcDbPolyline
 90
4
 70
1
 10
17100.0
 20
19100.0
 10
18900.0
 20
19100.0
 10
18900.0
 20
20900.0
 10
17100.0
 20
20900.0
  0
TEXT
  5
1B2
330
17
100
AcDbEntity
  8
S-TEXT
100
AcDbText
 10
19050.0
 20
20600.0
 30
0.0
 40
300.0
  1
F2
 11
19050.0
 21
20600.0
 31
0.0
100
AcDbText
  0
LWPOLYLINE
  5
1B3
330
17
100
AcDbEntity
  8
S-FDN
100
AcDbPolyline
 90
4
 70
1
 10
21750.0
 20
19250.0
 10
23250.0
 20
19250.0
 10
23250.0
 20
20750.0
 10
21750.0
 20
20750.0
  0
TEXT
  5
1B4
330
17
100
AcDbEntity
  8
S-TEXT
100
AcDbText
 10
23400.0
 20
20450.0
 30
0.0
 40
300.0
  1
F1
 11
23400.0
 21
20450.0
 31
0.0
100
AcDbText
  0
LINE
  5
1B5
330
17
100
AcDbEntity
  8
S-BEAM
100
AcDbLine
 10
0.0
 20
125.0
 30
0.0
 11
4500.0
 21
125.0
 31
0.0
  0
LINE
  5
1B6
330
17
100
AcDbEntity
  8
S-BEAM
100
AcDbLine
 10
0.0
 20
-125.0
 30
0.0
 11
4500.0
 21
-125.0
 31
0.0
  0
TEXT
  5
1B7
330
17
100
AcDbEntity
  8
S-TEXT
100
AcDbText
 10
2250.0
 20
250.0
 30
0.0
 40
250.0
  1
TB1
 72
1
 11
2250.0
 21
250.0
 31
0.0
100
AcDbText
 73
2
  0
LINE
  5
1B8
330
17
100
AcDbEntity
  8
S-BEAM
100
AcDbLine
 10
4500.0
 20
125.0
 30
0.0
 11
9000.0
 21
125.0
 31
0.0
  0
LINE
  5
1B9
330
17
100
AcDbEntity
  8
S-BEAM
100
AcDbLine
 10
4500.0
 20
-125.0
 30
0.0
 11
9000.0
 21
-125.0
 31
0.0
  0
TEXT
  5
1BA
330
17
100
AcDbEntity
  8
S-TEXT
100
AcDbText
 10
6750.0
 20
250.0
 30
0.0
 40
250.0
  1
TB1
 72
1
 11
6750.0
 21
250.0
 31
0.0
100
AcDbText
 73
2
  0
LINE
  5
1BB
330
17
100
AcDbEntity
  8
S-BEAM
100
AcDbLine
 10
9000.0
 20
125.0
 30
0.0
 11
13500.0
 21
125.0
 31
0.0
  0
LINE
  5
1BC
330
17
100
AcDbEntity
  8
S-BEAM
100
AcDbLine
 10
9000.0
 20
-125.0
 30
0.0
 11
13500.0
 21
-125.0
 31
0.0
  0
TEXT
  5
1BD
330
17
100
AcDbEntity
  8
S-TEXT
100
AcDbText
 10
11250.0
 20
250.0
 30
0.0
 40
250.0
  1
TB1
 72
1
 11
11250.0
 21
250.0
 31
0.0
100
AcDbText
 73
2
  0
LINE
  5
1BE
330
17
100
AcDbEntity
  8
S-BEAM
100
AcDbLine
 10
13500.0
 20
125.0
 30
0.0
 11
18000.0
 21
125.0
 31
0.0
  0
LINE
  5
1BF
330
17
100
AcDbEntity
  8
S-BEAM
100
AcDbLine
 10
13500.0
 20
-125.0
 30
0.0
 11
18000.0
 21
-125.0
 31
0.0
  0
TEXT
  5
1C0
330
17
100
AcDbEntity
  8
S-TEXT
100
AcDbText
 10
15750.0
 20
250.0
 30
0.0
 40
250.0
  1
TB1
 72
1
 11
15750.0
 21
250.0
 31
0.0
100
AcDbText
 73
2
  0
LINE
  5
1C1
330
17
100
AcDbEntity
  8
S-BEAM
100
AcDbLine
 10
18000.0
 20
125.0
 30
0.0
 11
22500.0
 21
125.0
 31
0.0
  0
LINE
  5
1C2
330
17
100
AcDbEntity
  8
S-BEAM
100
AcDbLine
 10
18000.0
 20
-125.0
 30
0.0
 11
22500.0
 21
-125.0
 31
0.0
  0
TEXT
  5
1C3
330
17
100
AcDbEntity
  8
S-TEXT
100
AcDbText
 10
20250.0
 20
250.0
 30
0.0
 40
250.0
  1
TB1
 72
1
 11
20250.0
 21
250.0
 31
0.0
100
AcDbText
 73
2
  0
LINE
  5
1C4
330
17
100
AcDbEntity
  8
S-BEAM
100
AcDbLine
 10
0.0
 20
4125.0
 30
0.0
 11
4500.0
 21
4125.0
 31
0.0
  0
LINE
  5
1C5
330
17
100
AcDbEntity
  8
S-BEAM
100
AcDbLine
 10
0.0
 20
3875.0
 30
0.0
 11
4500.0
 21
3875.0
 31
0.0
  0
LINE
  5
1C6
330
17
100
AcDbEntity
  8
S-BEAM
100
AcDbLine
 10
4500.0
 20
4125.0
 30
0.0
 11
9000.0
 21
4125.0
 31
0.0
  0
LINE
  5
1C7
330
17
100
AcDbEntity
  8
S-BEAM
100
AcDbLine
 10
4500.0
 20
3875.0
 30
0.0
 11
9000.0
 21
3875.0
 31
0.0
  0
LINE
  5
1C8
330
17
100
AcDbEntity
  8
S-BEAM
100
AcDbLine
 10
9000.0
 20
4125.0
 30
0.0
 11
13500.0
 21
4125.0
 31
0.0
  0
LINE
  5
1C9
330
17
100
AcDbEntity
  8
S-BEAM
100
AcDbLine
 10
9000.0
 20
3875.0
 30
0.0
 11
13500.0
 21
3875.0
 31
0.0
  0
LINE
  5
1CA
330
17
100
AcDbEntity
  8
S-BEAM
100
AcDbLine
 10
13500.0
 20
4125.0
 30
0.0
 11
18000.0
 21
4125.0
 31
0.0
  0
LINE
  5
1CB
330
17
100
AcDbEntity
  8
S-BEAM
100
AcDbLine
 10
13500.0
 20
3875.0
 30
0.0
 11
18000.0
 21
3875.0
 31
0.0
  0
LINE
  5
1CC
330
17
100
AcDbEntity
  8
S-BEAM
100
AcDbLine
 10
18000.0
 20
4125.0
 30
0.0
 11
22500.0
 21
4125.0
 31
0.0
  0
LINE
  5
1CD
330
17
100
AcDbEntity
  8
S-BEAM
100
AcDbLine
 10
18000.0
 20
3875.0
 30
0.0
 11
22500.0
 21
3875.0
 31
0.0
  0
LINE
  5
1CE
330
17
100
AcDbEntity
  8
S-BEAM
100
AcDbLine
 10
0.0
 20
8125.0
 30
0.0
 11
4500.0
 21
8125.0
 31
0.0
  0
LINE
  5
1CF
330
17
100
AcDbEntity
  8
S-BEAM
100
AcDbLine
 10
0.0
 20
7875.0
 30
0.0
 11
4500.0
 21
7875.0
 31
0.0
  0
LINE
  5
1D0
330
17
100
AcDbEntity
  8
S-BEAM
100
AcDbLine
 10
4500.0
 20
8125.0
 30
0.0
 11
9000.0
 21
8125.0
 31
0.0
  0
LINE
  5
1D1
330
17
100
AcDbEntity
  8
S-BEAM
100
AcDbLine
 10
4500.0
 20
7875.0
 30
0.0
 11
9000.0
 21
7875.0
 31
0.0
  0
LINE
  5
1D2
330
17
100
AcDbEntity
  8
S-BEAM
100
AcDbLine
 10
9000.0
 20
8125.0
 30
0.0
 11
13500.0
 21
8125.0
 31
0.0
  0
LINE
  5
1D3
330
17
100
AcDbEntity
  8
S-BEAM
100
AcDbLine
 10
9000.0
 20
7875.0
 30
0.0
 11
13500.0
 21
7875.0
 31
0.0
  0
LINE
  5
1D4
330
17
100
AcDbEntity
  8
S-BEAM
100
AcDbLine
 10
13500.0
 20
8125.0
 30
0.0
 11
18000.0
 21
8125.0
 31
0.0
  0
LINE
  5
1D5
330
17
100
AcDbEntity
  8
S-BEAM
100
AcDbLine
 10
13500.0
 20
7875.0
 30
0.0
 11
18000.0
 21
7875.0
 31
0.0
  0
LINE
  5
1D6
330
17
100
AcDbEntity
  8
S-BEAM
100
AcDbLine
 10
18000.0
 20
8125.0
 30
0.0
 11
22500.0
 21
8125.0
 31
0.0
  0
LINE
  5
1D7
330
17
100
AcDbEntity
  8
S-BEAM
100
AcDbLine
 10
18000.0
 20
7875.0
 30
0.0
 11
22500.0
 21
7875.0
 31
0.0
  0
LINE
  5
1D8
330
17
100
AcDbEntity
  8
S-BEAM
100
AcDbLine
 10
0.0
 20
12125.0
 30
0.0
 11
4500.0
 21
12125.0
 31
0.0
  0
LINE
  5
1D9
330
17
100
AcDbEntity
  8
S-BEAM
100
AcDbLine
 10
0.0
 20
11875.0
 30
0.0
 11
4500.0
 21
11875.0
 31
0.0
  0
LINE
  5
1DA
330
17
100
AcDbEntity
  8
S-BEAM
100
AcDbLine
 10
4500.0
 20
12125.0
 30
0.0
 11
9000.0
 21
12125.0
 31
0.0
  0
LINE
  5
1DB
330
17
100
AcDbEntity
  8
S-BEAM
100
AcDbLine
 10
4500.0
 20
11875.0
 30
0.0
 11
9000.0
 21
11875.0
 31
0.0
  0
LINE
  5
1DC
330
17
100
AcDbEntity
  8
S-BEAM
100
AcDbLine
 10
9000.0
 20
12125.0
 30
0.0
 11
13500.0
 21
12125.0
 31
0.0
  0
LINE
  5
1DD
330
17
100
AcDbEntity
  8
S-BEAM
100
AcDbLine
 10
9000.0
 20
11875.0
 30
0.0
 11
13500.0
 21
11875.0
 31
0.0
  0
LINE
  5
1DE
330
17
100
AcDbEntity
  8
S-BEAM
100
AcDbLine
 10
13500.0
 20
12125.0
 30
0.0
 11
18000.0
 21
12125.0
 31
0.0
  0
LINE
  5
1DF
330
17
100
AcDbEntity
  8
S-BEAM
100
AcDbLine
 10
13500.0
 20
11875.0
 30
0.0
 11
18000.0
 21
11875.0
 31
0.0
  0
LINE
  5
1E0
330
17
100
AcDbEntity
  8
S-BEAM
100
AcDbLine
 10
18000.0
 20
12125.0
 30
0.0
 11
22500.0
 21
12125.0
 31
0.0
  0
LINE
  5
1E1
330
17
100
AcDbEntity
  8
S-BEAM
100
AcDbLine
 10
18000.0
 20
11875.0
 30
0.0
 11
22500.0
 21
11875.0
 31
0.0
  0
LINE
  5
1E2
330
17
100
AcDbEntity
  8
S-BEAM
100
AcDbLine
 10
0.0
 20
16125.0
 30
0.0
 11
4500.0
 21
16125.0
 31
0.0
  0
LINE
  5
1E3
330
17
100
AcDbEntity
  8
S-BEAM
100
AcDbLine
 10
0.0
 20
15875.0
 30
0.0
 11
4500.0
 21
15875.0
 31
0.0
  0
LINE
  5
1E4
330
17
100
AcDbEntity
  8
S-BEAM
100
AcDbLine
 10
4500.0
 20
16125.0
 30
0.0
 11
9000.0
 21
16125.0
 31
0.0
  0
LINE
  5
1E5
330
17
100
AcDbEntity
  8
S-BEAM
100
AcDbLine
 10
4500.0
 20
15875.0
 30
0.0
 11
9000.0
 21
15875.0
 31
0.0
  0
LINE
  5
1E6
330
17
100
AcDbEntity
  8
S-BEAM
100
AcDbLine
 10
9000.0
 20
16125.0
 30
0.0
 11
13500.0
 21
16125.0
 31
0.0
  0
LINE
  5
1E7
330
17
100
AcDbEntity
  8
S-BEAM
100
AcDbLine
 10
9000.0
 20
15875.0
 30
0.0
 11
13500.0
 21
15875.0
 31
0.0
  0
LINE
  5
1E8
330
17
100
AcDbEntity
  8
S-BEAM
100
AcDbLine
 10
13500.0
 20
16125.0
 30
0.0
 11
18000.0
 21
16125.0
 31
0.0
  0
LINE
  5
1E9
330
17
100
AcDbEntity
  8
S-BEAM
100
AcDbLine
 10
13500.0
 20
15875.0
 30
0.0
 11
18000.0
 21
15875.0
 31
0.0
  0
LINE
  5
1EA
330
17
100
AcDbEntity
  8
S-BEAM
100
AcDbLine
 10
18000.0
 20
16125.0
 30
0.0
 11
22500.0
 21
16125.0
 31
0.0
  0
LINE
  5
1EB
330
17
100
AcDbEntity
  8
S-BEAM
100
AcDbLine
 10
18000.0
 20
15875.0
 30
0.0
 11
22500.0
 21
15875.0
 31
0.0
  0
LINE
  5
1EC
330
17
100
AcDbEntity
  8
S-BEAM
100
AcDbLine
 10
0.0
 20
20125.0
 30
0.0
 11
4500.0
 21
20125.0
 31
0.0
  0
LINE
  5
1ED
330
17
100
AcDbEntity
  8
S-BEAM
100
AcDbLine
 10
0.0
 20
19875.0
 30
0.0
 11
4500.0
 21
19875.0
 31
0.0
  0
TEXT
  5
1EE
330
17
100
AcDbEntity
  8
S-TEXT
100
AcDbText
 10
2250.0
 20
20250.0
 30
0.0
 40
250.0
  1
TB1
 72
1
 11
2250.0
 21
20250.0
 31
0.0
100
AcDbText
 73
2
  0
LINE
  5
1EF
330
17
100
AcDbEntity
  8
S-BEAM
100
AcDbLine
 10
4500.0
 20
20125.0
 30
0.0
 11
9000.0
 21
20125.0
 31
0.0
  0
LINE
  5
1F0
330
17
100
AcDbEntity
  8
S-BEAM
100
AcDbLine
 10
4500.0
 20
19875.0
 30
0.0
 11
9000.0
 21
19875.0
 31
0.0
  0
TEXT
  5
1F1
330
17
100
AcDbEntity
  8
S-TEXT
100
AcDbText
 10
6750.0
 20
20250.0
 30
0.0
 40
250.0
  1
TB1
 72
1
 11
6750.0
 21
20250.0
 31
0.0
100
AcDbText
 73
2
  0
LINE
  5
1F2
330
17
100
AcDbEntity
  8
S-BEAM
100
AcDbLine
 10
9000.0
 20
20125.0
 30
0.0
 11
13500.0
 21
20125.0
 31
0.0
  0
LINE
  5
1F3
330
17
100
AcDbEntity
  8
S-BEAM
100
AcDbLine
 10
9000.0
 20
19875.0
 30
0.0
 11
13500.0
 21
19875.0
 31
0.0
  0
TEXT
  5
1F4
330
17
100
AcDbEntity
  8
S-TEXT
100
AcDbText
 10
11250.0
 20
20250.0
 30
0.0
 40
250.0
  1
TB1
 72
1
 11
11250.0
 21
20250.0
 31
0.0
100
AcDbText
 73
2
  0
LINE
  5
1F5
330
17
100
AcDbEntity
  8
S-BEAM
100
AcDbLine
 10
13500.0
 20
20125.0
 30
0.0
 11
18000.0
 21
20125.0
 31
0.0
  0
LINE
  5
1F6
330
17
100
AcDbEntity
  8
S-BEAM
100
AcDbLine
 10
13500.0
 20
19875.0
 30
0.0
 11
18000.0
 21
19875.0
 31
0.0
  0
TEXT
  5
1F7
330
17
100
AcDbEntity
  8
S-TEXT
100
AcDbText
 10
15750.0
 20
20250.0
 30
0.0
 40
250.0
  1
TB1
 72
1
 11
15750.0
 21
20250.0
 31
0.0
100
AcDbText
 73
2
  0
LINE
  5
1F8
330
17
100
AcDbEntity
  8
S-BEAM
100
AcDbLine
 10
18000.0
 20
20125.0
 30
0.0
 11
22500.0
 21
20125.0
 31
0.0
  0
LINE
  5
1F9
330
17
100
AcDbEntity
  8
S-BEAM
100
AcDbLine
 10
18000.0
 20
19875.0
 30
0.0
 11
22500.0
 21
19875.0
 31
0.0
  0
TEXT
  5
1FA
330
17
100
AcDbEntity
  8
S-TEXT
100
AcDbText
 10
20250.0
 20
20250.0
 30
0.0
 40
250.0
  1
TB1
 72
1
 11
20250.0
 21
20250.0
 31
0.0
100
AcDbText
 73
2
  0
LINE
  5
1FB
330
17
100
AcDbEntity
  8
S-BEAM
100
AcDbLine
 10
-125.0
 20
0.0
 30
0.0
 11
-125.0
 21
4000.0
 31
0.0
  0
LINE
  5
1FC
330
17
100
AcDbEntity
  8
S-BEAM
100
AcDbLine
 10
125.0
 20
0.0
 30
0.0
 11
125.0
 21
4000.0
 31
0.0
  0
TEXT
  5
1FD
330
17
100
AcDbEntity
  8
S-TEXT
100
AcDbText
 10
400.0
 20
2000.0
 30
0.0
 40
250.0
  1
TB2
 11
400.0
 21
2000.0
 31
0.0
100
AcDbText
  0
LINE
  5
1FE
330
17
100
AcDbEntity
  8
S-BEAM
100
AcDbLine
 10
-125.0
 20
4000.0
 30
0.0
 11
-125.0
 21
8000.0
 31
0.0
  0
LINE
  5
1FF
330
17
100
AcDbEntity
  8
S-BEAM
100
AcDbLine
 10
125.0
 20
4000.0
 30
0.0
 11
125.0
 21
8000.0
 31
0.0
  0
TEXT
  5
200
330
17
100
AcDbEntity
  8
S-TEXT
100
AcDbText
 10
400.0
 20
6000.0
 30
0.0
 40
250.0
  1
TB2
 11
400.0
 21
6000.0
 31
0.0
100
AcDbText
  0
LINE
  5
201
330
17
100
AcDbEntity
  8
S-BEAM
100
AcDbLine
 10
-125.0
 20
8000.0
 30
0.0
 11
-125.0
 21
12000.0
 31
0.0
  0
LINE
  5
202
330
17
100
AcDbEntity
  8
S-BEAM
100
AcDbLine
 10
125.0
 20
8000.0
 30
0.0
 11
125.0
 21
12000.0
 31
0.0
  0
TEXT
  5
203
330
17
100
AcDbEntity
  8
S-TEXT
100
AcDbText
 10
400.0
 20
10000.0
 30
0.0
 40
250.0
  1
TB2
 11
400.0
 21
10000.0
 31
0.0
100
AcDbText
  0
LINE
  5
204
330
17
100
AcDbEntity
  8
S-BEAM
100
AcDbLine
 10
-125.0
 20
12000.0
 30
0.0
 11
-125.0
 21
16000.0
 31
0.0
  0
LINE
  5
205
330
17
100
AcDbEntity
  8
S-BEAM
100
AcDbLine
 10
125.0
 20
12000.0
 30
0.0
 11
125.0
 21
16000.0
 31
0.0
  0
TEXT
  5
206
330
17
100
AcDbEntity
  8
S-TEXT
100
AcDbText
 10
400.0
 20
14000.0
 30
0.0
 40
250.0
  1
TB2
 11
400.0
 21
14000.0
 31
0.0
100
AcDbText
  0
LINE
  5
207
330
17
100
AcDbEntity
  8
S-BEAM
100
AcDbLine
 10
-125.0
 20
16000.0
 30
0.0
 11
-125.0
 21
20000.0
 31
0.0
  0
LINE
  5
208
330
17
100
AcDbEntity
  8
S-BEAM
100
AcDbLine
 10
125.0
 20
16000.0
 30
0.0
 11
125.0
 21
20000.0
 31
0.0
  0
TEXT
  5
209
330
17
100
AcDbEntity
  8
S-TEXT
100
AcDbText
 10
400.0
 20
18000.0
 30
0.0
 40
250.0
  1
TB2
 11
400.0
 21
18000.0
 31
0.0
100
AcDbText
  0
LINE
  5
20A
330
17
100
AcDbEntity
  8
S-BEAM
100
AcDbLine
 10
4375.0
 20
0.0
 30
0.0
 11
4375.0
 21
4000.0
 31
0.0
  0
LINE
  5
20B
330
17
100
AcDbEntity
  8
S-BEAM
100
AcDbLine
 10
4625.0
 20
0.0
 30
0.0
 11
4625.0
 21
4000.0
 31
0.0
  0
LINE
  5
20C
330
17
100
AcDbEntity
  8
S-BEAM
100
AcDbLine
 10
4375.0
 20
4000.0
 30
0.0
 11
4375.0
 21
8000.0
 31
0.0
  0
LINE
  5
20D
330
17
100
AcDbEntity
  8
S-BEAM
100
AcDbLine
 10
4625.0
 20
4000.0
 30
0.0
 11
4625.0
 21
8000.0
 31
0.0
  0
LINE
  5
20E
330
17
100
AcDbEntity
  8
S-BEAM
100
AcDbLine
 10
4375.0
 20
8000.0
 30
0.0
 11
4375.0
 21
12000.0
 31
0.0
  0
LINE
  5
20F
330
17
100
AcDbEntity
  8
S-BEAM
100
AcDbLine
 10
4625.0
 20
8000.0
 30
0.0
 11
4625.0
 21
12000.0
 31
0.0
  0
LINE
  5
210
330
17
100
AcDbEntity
  8
S-BEAM
100
AcDbLine
 10
4375.0
 20
12000.0
 30
0.0
 11
4375.0
 21
16000.0
 31
0.0
  0
LINE
  5
211
330
17
100
AcDbEntity
  8
S-BEAM
100
AcDbLine
 10
4625.0
 20
12000.0
 30
0.0
 11
4625.0
 21
16000.0
 31
0.0
  0
LINE
  5
212
330
17
100
AcDbEntity
  8
S-BEAM
100
AcDbLine
 10
4375.0
 20
16000.0
 30
0.0
 11
4375.0
 21
20000.0
 31
0.0
  0
LINE
  5
213
330
17
100
AcDbEntity
  8
S-BEAM
100
AcDbLine
 10
4625.0
 20
16000.0
 30
0.0
 11
4625.0
 21
20000.0
 31
0.0
  0
LINE
  5
214
330
17
100
AcDbEntity
  8
S-BEAM
100
AcDbLine
 10
8875.0
 20
0.0
 30
0.0
 11
8875.0
 21
4000.0
 31
0.0
  0
LINE
  5
215
330
17
100
AcDbEntity
  8
S-BEAM
100
AcDbLine
 10
9125.0
 20
0.0
 30
0.0
 11
9125.0
 21
4000.0
 31
0.0
  0
LINE
  5
216
330
17
100
AcDbEntity
  8
S-BEAM
100
AcDbLine
 10
8875.0
 20
4000.0
 30
0.0
 11
8875.0
 21
8000.0
 31
0.0
  0
LINE
  5
217
330
17
100
AcDbEntity
  8
S-BEAM
100
AcDbLine
 10
9125.0
 20
4000.0
 30
0.0
 11
9125.0
 21
8000.0
 31
0.0
  0
LINE
  5
218
330
17
100
AcDbEntity
  8
S-BEAM
100
AcDbLine
 10
8875.0
 20
8000.0
 30
0.0
 11
8875.0
 21
12000.0
 31
0.0
  0
LINE
  5
219
330
17
100
AcDbEntity
  8
S-BEAM
100
AcDbLine
 10
9125.0
 20
8000.0
 30
0.0
 11
9125.0
 21
12000.0
 31
0.0
  0
LINE
  5
21A
330
17
100
AcDbEntity
  8
S-BEAM
100
AcDbLine
 10
8875.0
 20
12000.0
 30
0.0
 11
8875.0
 21
16000.0
 31
0.0
  0
LINE
  5
21B
330
17
100
AcDbEntity
  8
S-BEAM
100
AcDbLine
 10
9125.0
 20
12000.0
 30
0.0
 11
9125.0
 21
16000.0
 31
0.0
  0
LINE
  5
21C
330
17
100
AcDbEntity
  8
S-BEAM
100
AcDbLine
 10
8875.0
 20
16000.0
 30
0.0
 11
8875.0
 21
20000.0
 31
0.0
  0
LINE
  5
21D
330
17
100
AcDbEntity
  8
S-BEAM
100
AcDbLine
 10
9125.0
 20
16000.0
 30
0.0
 11
9125.0
 21
20000.0
 31
0.0
  0
LINE
  5
21E
330
17
100
AcDbEntity
  8
S-BEAM
100
AcDbLine
 10
13375.0
 20
0.0
 30
0.0
 11
13375.0
 21
4000.0
 31
0.0
  0
LINE
  5
21F
330
17
100
AcDbEntity
  8
S-BEAM
100
AcDbLine
 10
13625.0
 20
0.0
 30
0.0
 11
13625.0
 21
4000.0
 31
0.0
  0
LINE
  5
220
330
17
100
AcDbEntity
  8
S-BEAM
100
AcDbLine
 10
13375.0
 20
4000.0
 30
0.0
 11
13375.0
 21
8000.0
 31
0.0
  0
LINE
  5
221
330
17
100
AcDbEntity
  8
S-BEAM
100
AcDbLine
 10
13625.0
 20
4000.0
 30
0.0
 11
13625.0
 21
8000.0
 31
0.0
  0
LINE
  5
222
330
17
100
AcDbEntity
  8
S-BEAM
100
AcDbLine
 10
13375.0
 20
8000.0
 30
0.0
 11
13375.0
 21
12000.0
 31
0.0
  0
LINE
  5
223
330
17
100
AcDbEntity
  8
S-BEAM
100
AcDbLine
 10
13625.0
 20
8000.0
 30
0.0
 11
13625.0
 21
12000.0
 31
0.0
  0
LINE
  5
224
330
17
100
AcDbEntity
  8
S-BEAM
100
AcDbLine
 10
13375.0
 20
12000.0
 30
0.0
 11
13375.0
 21
16000.0
 31
0.0
  0
LINE
  5
225
330
17
100
AcDbEntity
  8
S-BEAM
100
AcDbLine
 10
13625.0
 20
12000.0
 30
0.0
 11
13625.0
 21
16000.0
 31
0.0
  0
LINE
  5
226
330
17
100
AcDbEntity
  8
S-BEAM
100
AcDbLine
 10
13375.0
 20
16000.0
 30
0.0
 11
13375.0
 21
20000.0
 31
0.0
  0
LINE
  5
227
330
17
100
AcDbEntity
  8
S-BEAM
100
AcDbLine
 10
13625.0
 20
16000.0
 30
0.0
 11
13625.0
 21
20000.0
 31
0.0
  0
LINE
  5
228
330
17
100
AcDbEntity
  8
S-BEAM
100
AcDbLine
 10
17875.0
 20
0.0
 30
0.0
 11
17875.0
 21
4000.0
 31
0.0
  0
LINE
  5
229
330
17
100
AcDbEntity
  8
S-BEAM
100
AcDbLine
 10
18125.0
 20
0.0
 30
0.0
 11
18125.0
 21
4000.0
 31
0.0
  0
LINE
  5
22A
330
17
100
AcDbEntity
  8
S-BEAM
100
AcDbLine
 10
17875.0
 20
4000.0
 30
0.0
 11
17875.0
 21
8000.0
 31
0.0
  0
LINE
  5
22B
330
17
100
AcDbEntity
  8
S-BEAM
100
AcDbLine
 10
18125.0
 20
4000.0
 30
0.0
 11
18125.0
 21
8000.0
 31
0.0
  0
LINE
  5
22C
330
17
100
AcDbEntity
  8
S-BEAM
100
AcDbLine
 10
17875.0
 20
8000.0
 30
0.0
 11
17875.0
 21
12000.0
 31
0.0
  0
LINE
  5
22D
330
17
100
AcDbEntity
  8
S-BEAM
100
AcDbLine
 10
18125.0
 20
8000.0
 30
0.0
 11
18125.0
 21
12000.0
 31
0.0
  0
LINE
  5
22E
330
17
100
AcDbEntity
  8
S-BEAM
100
AcDbLine
 10
17875.0
 20
12000.0
 30
0.0
 11
17875.0
 21
16000.0
 31
0.0
  0
LINE
  5
22F
330
17
100
AcDbEntity
  8
S-BEAM
100
AcDbLine
 10
18125.0
 20
12000.0
 30
0.0
 11
18125.0
 21
16000.0
 31
0.0
  0
LINE
  5
230
330
17
100
AcDbEntity
  8
S-BEAM
100
AcDbLine
 10
17875.0
 20
16000.0
 30
0.0
 11
17875.0
 21
20000.0
 31
0.0
  0
LINE
  5
231
330
17
100
AcDbEntity
  8
S-BEAM
100
AcDbLine
 10
18125.0
 20
16000.0
 30
0.0
 11
18125.0
 21
20000.0
 31
0.0
  0
LINE
  5
232
330
17
100
AcDbEntity
  8
S-BEAM
100
AcDbLine
 10
22375.0
 20
0.0
 30
0.0
 11
22375.0
 21
4000.0
 31
0.0
  0
LINE
  5
233
330
17
100
AcDbEntity
  8
S-BEAM
100
AcDbLine
 10
22625.0
 20
0.0
 30
0.0
 11
22625.0
 21
4000.0
 31
0.0
  0
TEXT
  5
234
330
17
100
AcDbEntity
  8
S-TEXT
100
AcDbText
 10
22900.0
 20
2000.0
 30
0.0
 40
250.0
  1
TB2
 11
22900.0
 21
2000.0
 31
0.0
100
AcDbText
  0
LINE
  5
235
330
17
100
AcDbEntity
  8
S-BEAM
100
AcDbLine
 10
22375.0
 20
4000.0
 30
0.0
 11
22375.0
 21
8000.0
 31
0.0
  0
LINE
  5
236
330
17
100
AcDbEntity
  8
S-BEAM
100
AcDbLine
 10
22625.0
 20
4000.0
 30
0.0
 11
22625.0
 21
8000.0
 31
0.0
  0
TEXT
  5
237
330
17
100
AcDbEntity
  8
S-TEXT
100
AcDbText
 10
22900.0
 20
6000.0
 30
0.0
 40
250.0
  1
TB2
 11
22900.0
 21
6000.0
 31
0.0
100
AcDbText
  0
LINE
  5
238
330
17
100
AcDbEntity
  8
S-BEAM
100
AcDbLine
 10
22375.0
 20
8000.0
 30
0.0
 11
22375.0
 21
12000.0
 31
0.0
  0
LINE
  5
239
330
17
100
AcDbEntity
  8
S-BEAM
100
AcDbLine
 10
22625.0
 20
8000.0
 30
0.0
 11
22625.0
 21
12000.0
 31
0.0
  0
TEXT
  5
23A
330
17
100
AcDbEntity
  8
S-TEXT
100
AcDbText
 10
22900.0
 20
10000.0
 30
0.0
 40
250.0
  1
TB2
 11
22900.0
 21
10000.0
 31
0.0
100
AcDbText
  0
LINE
  5
23B
330
17
100
AcDbEntity
  8
S-BEAM
100
AcDbLine
 10
22375.0
 20
12000.0
 30
0.0
 11
22375.0
 21
16000.0
 31
0.0
  0
LINE
  5
23C
330
17
100
AcDbEntity
  8
S-BEAM
100
AcDbLine
 10
22625.0
 20
12000.0
 30
0.0
 11
22625.0
 21
16000.0
 31
0.0
  0
TEXT
  5
23D
330
17
100
AcDbEntity
  8
S-TEXT
100
AcDbText
 10
22900.0
 20
14000.0
 30
0.0
 40
250.0
  1
TB2
 11
22900.0
 21
14000.0
 31
0.0
100
AcDbText
  0
LINE
  5
23E
330
17
100
AcDbEntity
  8
S-BEAM
100
AcDbLine
 10
22375.0
 20
16000.0
 30
0.0
 11
22375.0
 21
20000.0
 31
0.0
  0
LINE
  5
23F
330
17
100
AcDbEntity
  8
S-BEAM
100
AcDbLine
 10
22625.0
 20
16000.0
 30
0.0
 11
22625.0
 21
20000.0
 31
0.0
  0
TEXT
  5
240
330
17
100
AcDbEntity
  8
S-TEXT
100
AcDbText
 10
22900.0
 20
18000.0
 30
0.0
 40
250.0
  1
TB2
 11
22900.0
 21
18000.0
 31
0.0
100
AcDbText
  0
TEXT
  5
241
330
17
100
AcDbEntity
  8
S-TEXT
100
AcDbText
 10
11250.0
 20
-3600.0
 30
0.0
 40
600.0
  1
FOUNDATION PLAN
 72
1
 11
11250.0
 21
-3600.0
 31
0.0
100
AcDbText
 73
2
  0
TEXT
  5
242
330
17
100
AcDbEntity
  8
S-TEXT
100
AcDbText
 10
11250.0
 20
-4500.0
 30
0.0
 40
350.0
  1
FOOTING TOP AT -1.500  |  TIE BEAMS TB1 / TB2 AT FDN
 72
1
 11
11250.0
 21
-4500.0
 31
0.0
100
AcDbText
 73
2
  0
LINE
  5
243
330
17
100
AcDbEntity
  8
S-GRID
100
AcDbLine
 10
40000.0
 20
-1500.0
 30
0.0
 11
40000.0
 21
21500.0
 31
0.0
  0
CIRCLE
  5
244
330
17
100
AcDbEntity
  8
S-GRID
100
AcDbCircle
 10
40000.0
 20
-2500.0
 30
0.0
 40
500.0
  0
TEXT
  5
245
330
17
100
AcDbEntity
  8
S-TEXT
100
AcDbText
 10
40000.0
 20
-2500.0
 30
0.0
 40
450.0
  1
A
 72
1
 11
40000.0
 21
-2500.0
 31
0.0
100
AcDbText
 73
2
  0
LINE
  5
246
330
17
100
AcDbEntity
  8
S-GRID
100
AcDbLine
 10
44500.0
 20
-1500.0
 30
0.0
 11
44500.0
 21
21500.0
 31
0.0
  0
CIRCLE
  5
247
330
17
100
AcDbEntity
  8
S-GRID
100
AcDbCircle
 10
44500.0
 20
-2500.0
 30
0.0
 40
500.0
  0
TEXT
  5
248
330
17
100
AcDbEntity
  8
S-TEXT
100
AcDbText
 10
44500.0
 20
-2500.0
 30
0.0
 40
450.0
  1
B
 72
1
 11
44500.0
 21
-2500.0
 31
0.0
100
AcDbText
 73
2
  0
LINE
  5
249
330
17
100
AcDbEntity
  8
S-GRID
100
AcDbLine
 10
49000.0
 20
-1500.0
 30
0.0
 11
49000.0
 21
21500.0
 31
0.0
  0
CIRCLE
  5
24A
330
17
100
AcDbEntity
  8
S-GRID
100
AcDbCircle
 10
49000.0
 20
-2500.0
 30
0.0
 40
500.0
  0
TEXT
  5
24B
330
17
100
AcDbEntity
  8
S-TEXT
100
AcDbText
 10
49000.0
 20
-2500.0
 30
0.0
 40
450.0
  1
C
 72
1
 11
49000.0
 21
-2500.0
 31
0.0
100
AcDbText
 73
2
  0
LINE
  5
24C
330
17
100
AcDbEntity
  8
S-GRID
100
AcDbLine
 10
53500.0
 20
-1500.0
 30
0.0
 11
53500.0
 21
21500.0
 31
0.0
  0
CIRCLE
  5
24D
330
17
100
AcDbEntity
  8
S-GRID
100
AcDbCircle
 10
53500.0
 20
-2500.0
 30
0.0
 40
500.0
  0
TEXT
  5
24E
330
17
100
AcDbEntity
  8
S-TEXT
100
AcDbText
 10
53500.0
 20
-2500.0
 30
0.0
 40
450.0
  1
D
 72
1
 11
53500.0
 21
-2500.0
 31
0.0
100
AcDbText
 73
2
  0
LINE
  5
24F
330
17
100
AcDbEntity
  8
S-GRID
100
AcDbLine
 10
58000.0
 20
-1500.0
 30
0.0
 11
58000.0
 21
21500.0
 31
0.0
  0
CIRCLE
  5
250
330
17
100
AcDbEntity
  8
S-GRID
100
AcDbCircle
 10
58000.0
 20
-2500.0
 30
0.0
 40
500.0
  0
TEXT
  5
251
330
17
100
AcDbEntity
  8
S-TEXT
100
AcDbText
 10
58000.0
 20
-2500.0
 30
0.0
 40
450.0
  1
E
 72
1
 11
58000.0
 21
-2500.0
 31
0.0
100
AcDbText
 73
2
  0
LINE
  5
252
330
17
100
AcDbEntity
  8
S-GRID
100
AcDbLine
 10
62500.0
 20
-1500.0
 30
0.0
 11
62500.0
 21
21500.0
 31
0.0
  0
CIRCLE
  5
253
330
17
100
AcDbEntity
  8
S-GRID
100
AcDbCircle
 10
62500.0
 20
-2500.0
 30
0.0
 40
500.0
  0
TEXT
  5
254
330
17
100
AcDbEntity
  8
S-TEXT
100
AcDbText
 10
62500.0
 20
-2500.0
 30
0.0
 40
450.0
  1
F
 72
1
 11
62500.0
 21
-2500.0
 31
0.0
100
AcDbText
 73
2
  0
LINE
  5
255
330
17
100
AcDbEntity
  8
S-GRID
100
AcDbLine
 10
38500.0
 20
0.0
 30
0.0
 11
64000.0
 21
0.0
 31
0.0
  0
CIRCLE
  5
256
330
17
100
AcDbEntity
  8
S-GRID
100
AcDbCircle
 10
37500.0
 20
0.0
 30
0.0
 40
500.0
  0
TEXT
  5
257
330
17
100
AcDbEntity
  8
S-TEXT
100
AcDbText
 10
37500.0
 20
0.0
 30
0.0
 40
450.0
  1
1
 72
1
 11
37500.0
 21
0.0
 31
0.0
100
AcDbText
 73
2
  0
LINE
  5
258
330
17
100
AcDbEntity
  8
S-GRID
100
AcDbLine
 10
38500.0
 20
4000.0
 30
0.0
 11
64000.0
 21
4000.0
 31
0.0
  0
CIRCLE
  5
259
330
17
100
AcDbEntity
  8
S-GRID
100
AcDbCircle
 10
37500.0
 20
4000.0
 30
0.0
 40
500.0
  0
TEXT
  5
25A
330
17
100
AcDbEntity
  8
S-TEXT
100
AcDbText
 10
37500.0
 20
4000.0
 30
0.0
 40
450.0
  1
2
 72
1
 11
37500.0
 21
4000.0
 31
0.0
100
AcDbText
 73
2
  0
LINE
  5
25B
330
17
100
AcDbEntity
  8
S-GRID
100
AcDbLine
 10
38500.0
 20
8000.0
 30
0.0
 11
64000.0
 21
8000.0
 31
0.0
  0
CIRCLE
  5
25C
330
17
100
AcDbEntity
  8
S-GRID
100
AcDbCircle
 10
37500.0
 20
8000.0
 30
0.0
 40
500.0
  0
TEXT
  5
25D
330
17
100
AcDbEntity
  8
S-TEXT
100
AcDbText
 10
37500.0
 20
8000.0
 30
0.0
 40
450.0
  1
3
 72
1
 11
37500.0
 21
8000.0
 31
0.0
100
AcDbText
 73
2
  0
LINE
  5
25E
330
17
100
AcDbEntity
  8
S-GRID
100
AcDbLine
 10
38500.0
 20
12000.0
 30
0.0
 11
64000.0
 21
12000.0
 31
0.0
  0
CIRCLE
  5
25F
330
17
100
AcDbEntity
  8
S-GRID
100
AcDbCircle
 10
37500.0
 20
12000.0
 30
0.0
 40
500.0
  0
TEXT
  5
260
330
17
100
AcDbEntity
  8
S-TEXT
100
AcDbText
 10
37500.0
 20
12000.0
 30
0.0
 40
450.0
  1
4
 72
1
 11
37500.0
 21
12000.0
 31
0.0
100
AcDbText
 73
2
  0
LINE
  5
261
330
17
100
AcDbEntity
  8
S-GRID
100
AcDbLine
 10
38500.0
 20
16000.0
 30
0.0
 11
64000.0
 21
16000.0
 31
0.0
  0
CIRCLE
  5
262
330
17
100
AcDbEntity
  8
S-GRID
100
AcDbCircle
 10
37500.0
 20
16000.0
 30
0.0
 40
500.0
  0
TEXT
  5
263
330
17
100
AcDbEntity
  8
S-TEXT
100
AcDbText
 10
37500.0
 20
16000.0
 30
0.0
 40
450.0
  1
5
 72
1
 11
37500.0
 21
16000.0
 31
0.0
100
AcDbText
 73
2
  0
LINE
  5
264
330
17
100
AcDbEntity
  8
S-GRID
100
AcDbLine
 10
38500.0
 20
20000.0
 30
0.0
 11
64000.0
 21
20000.0
 31
0.0
  0
CIRCLE
  5
265
330
17
100
AcDbEntity
  8
S-GRID
100
AcDbCircle
 10
37500.0
 20
20000.0
 30
0.0
 40
500.0
  0
TEXT
  5
266
330
17
100
AcDbEntity
  8
S-TEXT
100
AcDbText
 10
37500.0
 20
20000.0
 30
0.0
 40
450.0
  1
6
 72
1
 11
37500.0
 21
20000.0
 31
0.0
100
AcDbText
 73
2
  0
DIMENSION
  5
267
330
17
100
AcDbEntity
  8
S-DIMS
100
AcDbDimension
  2
*D11
  3
EZDXF
 10
40000.0
 20
22700.0
 30
0.0
 11
42250.0
 21
22910.0
 31
0.0
 70
32
 71
5
  1
<>
100
AcDbAlignedDimension
 13
40000.0
 23
21500.0
 33
0.0
 14
44500.0
 24
21500.0
 34
0.0
 50
0.0
100
AcDbRotatedDimension
1001
ACAD
1000
DSTYLE
1002
{
1070
140
1040
300.0
1070
41
1040
180.0
1070
44
1040
150.0
1070
42
1040
90.0
1070
147
1040
60.0
1070
271
1070
0
1070
77
1070
1
1070
73
1070
1
1070
74
1070
1
1002
}
  0
DIMENSION
  5
276
330
17
100
AcDbEntity
  8
S-DIMS
100
AcDbDimension
  2
*D12
  3
EZDXF
 10
44500.0
 20
22700.0
 30
0.0
 11
46750.0
 21
22910.0
 31
0.0
 70
32
 71
5
  1
<>
100
AcDbAlignedDimension
 13
44500.0
 23
21500.0
 33
0.0
 14
49000.0
 24
21500.0
 34
0.0
 50
0.0
100
AcDbRotatedDimension
1001
ACAD
1000
DSTYLE
1002
{
1070
140
1040
300.0
1070
41
1040
180.0
1070
44
1040
150.0
1070
42
1040
90.0
1070
147
1040
60.0
1070
271
1070
0
1070
77
1070
1
1070
73
1070
1
1070
74
1070
1
1002
}
  0
DIMENSION
  5
285
330
17
100
AcDbEntity
  8
S-DIMS
100
AcDbDimension
  2
*D13
  3
EZDXF
 10
49000.0
 20
22700.0
 30
0.0
 11
51250.0
 21
22910.0
 31
0.0
 70
32
 71
5
  1
<>
100
AcDbAlignedDimension
 13
49000.0
 23
21500.0
 33
0.0
 14
53500.0
 24
21500.0
 34
0.0
 50
0.0
100
AcDbRotatedDimension
1001
ACAD
1000
DSTYLE
1002
{
1070
140
1040
300.0
1070
41
1040
180.0
1070
44
1040
150.0
1070
42
1040
90.0
1070
147
1040
60.0
1070
271
1070
0
1070
77
1070
1
1070
73
1070
1
1070
74
1070
1
1002
}
  0
DIMENSION
  5
294
330
17
100
AcDbEntity
  8
S-DIMS
100
AcDbDimension
  2
*D14
  3
EZDXF
 10
53500.0
 20
22700.0
 30
0.0
 11
55750.0
 21
22910.0
 31
0.0
 70
32
 71
5
  1
<>
100
AcDbAlignedDimension
 13
53500.0
 23
21500.0
 33
0.0
 14
58000.0
 24
21500.0
 34
0.0
 50
0.0
100
AcDbRotatedDimension
1001
ACAD
1000
DSTYLE
1002
{
1070
140
1040
300.0
1070
41
1040
180.0
1070
44
1040
150.0
1070
42
1040
90.0
1070
147
1040
60.0
1070
271
1070
0
1070
77
1070
1
1070
73
1070
1
1070
74
1070
1
1002
}
  0
DIMENSION
  5
2A3
330
17
100
AcDbEntity
  8
S-DIMS
100
AcDbDimension
  2
*D15
  3
EZDXF
 10
58000.0
 20
22700.0
 30
0.0
 11
60250.0
 21
22910.0
 31
0.0
 70
32
 71
5
  1
<>
100
AcDbAlignedDimension
 13
58000.0
 23
21500.0
 33
0.0
 14
62500.0
 24
21500.0
 34
0.0
 50
0.0
100
AcDbRotatedDimension
1001
ACAD
1000
DSTYLE
1002
{
1070
140
1040
300.0
1070
41
1040
180.0
1070
44
1040
150.0
1070
42
1040
90.0
1070
147
1040
60.0
1070
271
1070
0
1070
77
1070
1
1070
73
1070
1
1070
74
1070
1
1002
}
  0
DIMENSION
  5
2B2
330
17
100
AcDbEntity
  8
S-DIMS
100
AcDbDimension
  2
*D16
  3
EZDXF
 10
65200.0
 20
0.0
 30
0.0
 11
64990.0
 21
2000.0
 31
0.0
 70
32
 71
5
  1
<>
100
AcDbAlignedDimension
 13
64000.0
 23
0.0
 33
0.0
 14
64000.0
 24
4000.0
 34
0.0
 50
90.0
100
AcDbRotatedDimension
1001
ACAD
1000
DSTYLE
1002
{
1070
140
1040
300.0
1070
41
1040
180.0
1070
44
1040
150.0
1070
42
1040
90.0
1070
147
1040
60.0
1070
271
1070
0
1070
77
1070
1
1070
73
1070
1
1070
74
1070
1
1002
}
  0
DIMENSION
  5
2C2
330
17
100
AcDbEntity
  8
S-DIMS
100
AcDbDimension
  2
*D17
  3
EZDXF
 10
65200.0
 20
4000.0
 30
0.0
 11
64990.0
 21
6000.0
 31
0.0
 70
32
 71
5
  1
<>
100
AcDbAlignedDimension
 13
64000.0
 23
4000.0
 33
0.0
 14
64000.0
 24
8000.0
 34
0.0
 50
90.0
100
AcDbRotatedDimension
1001
ACAD
1000
DSTYLE
1002
{
1070
140
1040
300.0
1070
41
1040
180.0
1070
44
1040
150.0
1070
42
1040
90.0
1070
147
1040
60.0
1070
271
1070
0
1070
77
1070
1
1070
73
1070
1
1070
74
1070
1
1002
}
  0
DIMENSION
  5
2D2
330
17
100
AcDbEntity
  8
S-DIMS
100
AcDbDimension
  2
*D18
  3
EZDXF
 10
65200.0
 20
8000.0
 30
0.0
 11
64990.0
 21
10000.0
 31
0.0
 70
32
 71
5
  1
<>
100
AcDbAlignedDimension
 13
64000.0
 23
8000.0
 33
0.0
 14
64000.0
 24
12000.0
 34
0.0
 50
90.0
100
AcDbRotatedDimension
1001
ACAD
1000
DSTYLE
1002
{
1070
140
1040
300.0
1070
41
1040
180.0
1070
44
1040
150.0
1070
42
1040
90.0
1070
147
1040
60.0
1070
271
1070
0
1070
77
1070
1
1070
73
1070
1
1070
74
1070
1
1002
}
  0
DIMENSION
  5
2E2
330
17
100
AcDbEntity
  8
S-DIMS
100
AcDbDimension
  2
*D19
  3
EZDXF
 10
65200.0
 20
12000.0
 30
0.0
 11
64990.0
 21
14000.0
 31
0.0
 70
32
 71
5
  1
<>
100
AcDbAlignedDimension
 13
64000.0
 23
12000.0
 33
0.0
 14
64000.0
 24
16000.0
 34
0.0
 50
90.0
100
AcDbRotatedDimension
1001
ACAD
1000
DSTYLE
1002
{
1070
140
1040
300.0
1070
41
1040
180.0
1070
44
1040
150.0
1070
42
1040
90.0
1070
147
1040
60.0
1070
271
1070
0
1070
77
1070
1
1070
73
1070
1
1070
74
1070
1
1002
}
  0
DIMENSION
  5
2F2
330
17
100
AcDbEntity
  8
S-DIMS
100
AcDbDimension
  2
*D20
  3
EZDXF
 10
65200.0
 20
16000.0
 30
0.0
 11
64990.0
 21
18000.0
 31
0.0
 70
32
 71
5
  1
<>
100
AcDbAlignedDimension
 13
64000.0
 23
16000.0
 33
0.0
 14
64000.0
 24
20000.0
 34
0.0
 50
90.0
100
AcDbRotatedDimension
1001
ACAD
1000
DSTYLE
1002
{
1070
140
1040
300.0
1070
41
1040
180.0
1070
44
1040
150.0
1070
42
1040
90.0
1070
147
1040
60.0
1070
271
1070
0
1070
77
1070
1
1070
73
1070
1
1070
74
1070
1
1002
}
  0
ARC
  5
302
330
17
100
AcDbEntity
  8
S-TEXT
100
AcDbCircle
 10
36200.0
 20
10000.0
 30
0.0
 40
500.0
100
AcDbArc
 50
90.0
 51
270.0
  0
LINE
  5
303
330
17
100
AcDbEntity
  8
S-TEXT
100
AcDbLine
 10
36200.0
 20
9500.0
 30
0.0
 11
36200.0
 21
10500.0
 31
0.0
  0
TEXT
  5
304
330
17
100
AcDbEntity
  8
S-TEXT
100
AcDbText
 10
36200.0
 20
10000.0
 30
0.0
 40
300.0
  1
A-A
 72
1
 11
36200.0
 21
10000.0
 31
0.0
100
AcDbText
 73
2
  0
ARC
  5
305
330
17
100
AcDbEntity
  8
S-TEXT
100
AcDbCircle
 10
66300.0
 20
10000.0
 30
0.0
 40
500.0
100
AcDbArc
 50
270.0
 51
450.0
  0
LINE
  5
306
330
17
100
AcDbEntity
  8
S-TEXT
100
AcDbLine
 10
66300.0
 20
9500.0
 30
0.0
 11
66300.0
 21
10500.0
 31
0.0
  0
TEXT
  5
307
330
17
100
AcDbEntity
  8
S-TEXT
100
AcDbText
 10
66300.0
 20
10000.0
 30
0.0
 40
300.0
  1
A-A
 72
1
 11
66300.0
 21
10000.0
 31
0.0
100
AcDbText
 73
2
  0
LWPOLYLINE
  5
308
330
17
100
AcDbEntity
  8
S-SLAB
100
AcDbPolyline
 90
4
 70
1
 10
39850.0
 20
-150.0
 10
62650.0
 20
-150.0
 10
62650.0
 20
20150.0
 10
39850.0
 20
20150.0
  0
LWPOLYLINE
  5
309
330
17
100
AcDbEntity
  8
S-COLS
100
AcDbPolyline
 90
4
 70
1
 10
39850.0
 20
-150.0
 10
40150.0
 20
-150.0
 10
40150.0
 20
150.0
 10
39850.0
 20
150.0
  0
TEXT
  5
30A
330
17
100
AcDbEntity
  8
S-TEXT
100
AcDbText
 10
40300.0
 20
250.0
 30
0.0
 40
300.0
  1
C1
 11
40300.0
 21
250.0
 31
0.0
100
AcDbText
  0
LWPOLYLINE
  5
30B
330
17
100
AcDbEntity
  8
S-COLS
100
AcDbPolyline
 90
4
 70
1
 10
44350.0
 20
-225.0
 10
44650.0
 20
-225.0
 10
44650.0
 20
225.0
 10
44350.0
 20
225.0
  0
TEXT
  5
30C
330
17
100
AcDbEntity
  8
S-TEXT
100
AcDbText
 10
44800.0
 20
325.0
 30
0.0
 40
300.0
  1
C2
 11
44800.0
 21
325.0
 31
0.0
100
AcDbText
  0
LWPOLYLINE
  5
30D
330
17
100
AcDbEntity
  8
S-COLS
100
AcDbPolyline
 90
4
 70
1
 10
48850.0
 20
-225.0
 10
49150.0
 20
-225.0
 10
49150.0
 20
225.0
 10
48850.0
 20
225.0
  0
TEXT
  5
30E
330
17
100
AcDbEntity
  8
S-TEXT
100
AcDbText
 10
49300.0
 20
325.0
 30
0.0
 40
300.0
  1
C2
 11
49300.0
 21
325.0
 31
0.0
100
AcDbText
  0
LWPOLYLINE
  5
30F
330
17
100
AcDbEntity
  8
S-COLS
100
AcDbPolyline
 90
4
 70
1
 10
53350.0
 20
-225.0
 10
53650.0
 20
-225.0
 10
53650.0
 20
225.0
 10
53350.0
 20
225.0
  0
TEXT
  5
310
330
17
100
AcDbEntity
  8
S-TEXT
100
AcDbText
 10
53800.0
 20
325.0
 30
0.0
 40
300.0
  1
C2
 11
53800.0
 21
325.0
 31
0.0
100
AcDbText
  0
LWPOLYLINE
  5
311
330
17
100
AcDbEntity
  8
S-COLS
100
AcDbPolyline
 90
4
 70
1
 10
57850.0
 20
-225.0
 10
58150.0
 20
-225.0
 10
58150.0
 20
225.0
 10
57850.0
 20
225.0
  0
TEXT
  5
312
330
17
100
AcDbEntity
  8
S-TEXT
100
AcDbText
 10
58300.0
 20
325.0
 30
0.0
 40
300.0
  1
C2
 11
58300.0
 21
325.0
 31
0.0
100
AcDbText
  0
LWPOLYLINE
  5
313
330
17
100
AcDbEntity
  8
S-COLS
100
AcDbPolyline
 90
4
 70
1
 10
62350.0
 20
-150.0
 10
62650.0
 20
-150.0
 10
62650.0
 20
150.0
 10
62350.0
 20
150.0
  0
TEXT
  5
314
330
17
100
AcDbEntity
  8
S-TEXT
100
AcDbText
 10
62800.0
 20
250.0
 30
0.0
 40
300.0
  1
C1
 11
62800.0
 21
250.0
 31
0.0
100
AcDbText
  0
LWPOLYLINE
  5
315
330
17
100
AcDbEntity
  8
S-COLS
100
AcDbPolyline
 90
4
 70
1
 10
39850.0
 20
3775.0
 10
40150.0
 20
3775.0
 10
40150.0
 20
4225.0
 10
39850.0
 20
4225.0
  0
TEXT
  5
316
330
17
100
AcDbEntity
  8
S-TEXT
100
AcDbText
 10
40300.0
 20
4325.0
 30
0.0
 40
300.0
  1
C2
 11
40300.0
 21
4325.0
 31
0.0
100
AcDbText
  0
LWPOLYLINE
  5
317
330
17
100
AcDbEntity
  8
S-COLS
100
AcDbPolyline
 90
4
 70
1
 10
44325.0
 20
3750.0
 10
44675.0
 20
3750.0
 10
44675.0
 20
4250.0
 10
44325.0
 20
4250.0
  0
TEXT
  5
318
330
17
100
AcDbEntity
  8
S-TEXT
100
AcDbText
 10
44825.0
 20
4350.0
 30
0.0
 40
300.0
  1
C3
 11
44825.0
 21
4350.0
 31
0.0
100
AcDbText
  0
LWPOLYLINE
  5
319
330
17
100
AcDbEntity
  8
S-COLS
100
AcDbPolyline
 90
4
 70
1
 10
48825.0
 20
3750.0
 10
49175.0
 20
3750.0
 10
49175.0
 20
4250.0
 10
48825.0
 20
4250.0
  0
TEXT
  5
31A
330
17
100
AcDbEntity
  8
S-TEXT
100
AcDbText
 10
49325.0
 20
4350.0
 30
0.0
 40
300.0
  1
C3
 11
49325.0
 21
4350.0
 31
0.0
100
AcDbText
  0
LWPOLYLINE
  5
31B
330
17
100
AcDbEntity
  8
S-COLS
100
AcDbPolyline
 90
4
 70
1
 10
53325.0
 20
3750.0
 10
53675.0
 20
3750.0
 10
53675.0
 20
4250.0
 10
53325.0
 20
4250.0
  0
TEXT
  5
31C
330
17
100
AcDbEntity
  8
S-TEXT
100
AcDbText
 10
53825.0
 20
4350.0
 30
0.0
 40
300.0
  1
C3
 11
53825.0
 21
4350.0
 31
0.0
100
AcDbText
  0
LWPOLYLINE
  5
31D
330
17
100
AcDbEntity
  8
S-COLS
100
AcDbPolyline
 90
4
 70
1
 10
57825.0
 20
3750.0
 10
58175.0
 20
3750.0
 10
58175.0
 20
4250.0
 10
57825.0
 20
4250.0
  0
TEXT
  5
31E
330
17
100
AcDbEntity
  8
S-TEXT
100
AcDbText
 10
58325.0
 20
4350.0
 30
0.0
 40
300.0
  1
C3
 11
58325.0
 21
4350.0
 31
0.0
100
AcDbText
  0
LWPOLYLINE
  5
31F
330
17
100
AcDbEntity
  8
S-COLS
100
AcDbPolyline
 90
4
 70
1
 10
62350.0
 20
3775.0
 10
62650.0
 20
3775.0
 10
62650.0
 20
4225.0
 10
62350.0
 20
4225.0
  0
TEXT
  5
320
330
17
100
AcDbEntity
  8
S-TEXT
100
AcDbText
 10
62800.0
 20
4325.0
 30
0.0
 40
300.0
  1
C2
 11
62800.0
 21
4325.0
 31
0.0
100
AcDbText
  0
LWPOLYLINE
  5
321
330
17
100
AcDbEntity
  8
S-COLS
100
AcDbPolyline
 90
4
 70
1
 10
39850.0
 20
7775.0
 10
40150.0
 20
7775.0
 10
40150.0
 20
8225.0
 10
39850.0
 20
8225.0
  0
TEXT
  5
322
330
17
100
AcDbEntity
  8
S-TEXT
100
AcDbText
 10
40300.0
 20
8325.0
 30
0.0
 40
300.0
  1
C2
 11
40300.0
 21
8325.0
 31
0.0
100
AcDbText
  0
LWPOLYLINE
  5
323
330
17
100
AcDbEntity
  8
S-COLS
100
AcDbPolyline
 90
4
 70
1
 10
44325.0
 20
7750.0
 10
44675.0
 20
7750.0
 10
44675.0
 20
8250.0
 10
44325.0
 20
8250.0
  0
TEXT
  5
324
330
17
100
AcDbEntity
  8
S-TEXT
100
AcDbText
 10
44825.0
 20
8350.0
 30
0.0
 40
300.0
  1
C3
 11
44825.0
 21
8350.0
 31
0.0
100
AcDbText
  0
LWPOLYLINE
  5
325
330
17
100
AcDbEntity
  8
S-COLS
100
AcDbPolyline
 90
4
 70
1
 10
48800.0
 20
7700.0
 10
49200.0
 20
7700.0
 10
49200.0
 20
8300.0
 10
48800.0
 20
8300.0
  0
TEXT
  5
326
330
17
100
AcDbEntity
  8
S-TEXT
100
AcDbText
 10
49350.0
 20
8400.0
 30
0.0
 40
300.0
  1
C4
 11
49350.0
 21
8400.0
 31
0.0
100
AcDbText
  0
LWPOLYLINE
  5
327
330
17
100
AcDbEntity
  8
S-COLS
100
AcDbPolyline
 90
4
 70
1
 10
53300.0
 20
7700.0
 10
53700.0
 20
7700.0
 10
53700.0
 20
8300.0
 10
53300.0
 20
8300.0
  0
TEXT
  5
328
330
17
100
AcDbEntity
  8
S-TEXT
100
AcDbText
 10
53850.0
 20
8400.0
 30
0.0
 40
300.0
  1
C4
 11
53850.0
 21
8400.0
 31
0.0
100
AcDbText
  0
LWPOLYLINE
  5
329
330
17
100
AcDbEntity
  8
S-COLS
100
AcDbPolyline
 90
4
 70
1
 10
57825.0
 20
7750.0
 10
58175.0
 20
7750.0
 10
58175.0
 20
8250.0
 10
57825.0
 20
8250.0
  0
TEXT
  5
32A
330
17
100
AcDbEntity
  8
S-TEXT
100
AcDbText
 10
58325.0
 20
8350.0
 30
0.0
 40
300.0
  1
C3
 11
58325.0
 21
8350.0
 31
0.0
100
AcDbText
  0
LWPOLYLINE
  5
32B
330
17
100
AcDbEntity
  8
S-COLS
100
AcDbPolyline
 90
4
 70
1
 10
62350.0
 20
7775.0
 10
62650.0
 20
7775.0
 10
62650.0
 20
8225.0
 10
62350.0
 20
8225.0
  0
TEXT
  5
32C
330
17
100
AcDbEntity
  8
S-TEXT
100
AcDbText
 10
62800.0
 20
8325.0
 30
0.0
 40
300.0
  1
C2
 11
62800.0
 21
8325.0
 31
0.0
100
AcDbText
  0
LWPOLYLINE
  5
32D
330
17
100
AcDbEntity
  8
S-COLS
100
AcDbPolyline
 90
4
 70
1
 10
39850.0
 20
11775.0
 10
40150.0
 20
11775.0
 10
40150.0
 20
12225.0
 10
39850.0
 20
12225.0
  0
TEXT
  5
32E
330
17
100
AcDbEntity
  8
S-TEXT
100
AcDbText
 10
40300.0
 20
12325.0
 30
0.0
 40
300.0
  1
C2
 11
40300.0
 21
12325.0
 31
0.0
100
AcDbText
  0
LWPOLYLINE
  5
32F
330
17
100
AcDbEntity
  8
S-COLS
100
AcDbPolyline
 90
4
 70
1
 10
44325.0
 20
11750.0
 10
44675.0
 20
11750.0
 10
44675.0
 20
12250.0
 10
44325.0
 20
12250.0
  0
TEXT
  5
330
330
17
100
AcDbEntity
  8
S-TEXT
100
AcDbText
 10
44825.0
 20
12350.0
 30
0.0
 40
300.0
  1
C3
 11
44825.0
 21
12350.0
 31
0.0
100
AcDbText
  0
LWPOLYLINE
  5
331
330
17
100
AcDbEntity
  8
S-COLS
100
AcDbPolyline
 90
4
 70
1
 10
48800.0
 20
11700.0
 10
49200.0
 20
11700.0
 10
49200.0
 20
12300.0
 10
48800.0
 20
12300.0
  0
TEXT
  5
332
330
17
100
AcDbEntity
  8
S-TEXT
100
AcDbText
 10
49350.0
 20
12400.0
 30
0.0
 40
300.0
  1
C4
 11
49350.0
 21
12400.0
 31
0.0
100
AcDbText
  0
LWPOLYLINE
  5
333
330
17
100
AcDbEntity
  8
S-COLS
100
AcDbPolyline
 90
4
 70
1
 10
53300.0
 20
11700.0
 10
53700.0
 20
11700.0
 10
53700.0
 20
12300.0
 10
53300.0
 20
12300.0
  0
TEXT
  5
334
330
17
100
AcDbEntity
  8
S-TEXT
100
AcDbText
 10
53850.0
 20
12400.0
 30
0.0
 40
300.0
  1
C4
 11
53850.0
 21
12400.0
 31
0.0
100
AcDbText
  0
LWPOLYLINE
  5
335
330
17
100
AcDbEntity
  8
S-COLS
100
AcDbPolyline
 90
4
 70
1
 10
57825.0
 20
11750.0
 10
58175.0
 20
11750.0
 10
58175.0
 20
12250.0
 10
57825.0
 20
12250.0
  0
TEXT
  5
336
330
17
100
AcDbEntity
  8
S-TEXT
100
AcDbText
 10
58325.0
 20
12350.0
 30
0.0
 40
300.0
  1
C3
 11
58325.0
 21
12350.0
 31
0.0
100
AcDbText
  0
LWPOLYLINE
  5
337
330
17
100
AcDbEntity
  8
S-COLS
100
AcDbPolyline
 90
4
 70
1
 10
62350.0
 20
11775.0
 10
62650.0
 20
11775.0
 10
62650.0
 20
12225.0
 10
62350.0
 20
12225.0
  0
TEXT
  5
338
330
17
100
AcDbEntity
  8
S-TEXT
100
AcDbText
 10
62800.0
 20
12325.0
 30
0.0
 40
300.0
  1
C2
 11
62800.0
 21
12325.0
 31
0.0
100
AcDbText
  0
LWPOLYLINE
  5
339
330
17
100
AcDbEntity
  8
S-COLS
100
AcDbPolyline
 90
4
 70
1
 10
39850.0
 20
15775.0
 10
40150.0
 20
15775.0
 10
40150.0
 20
16225.0
 10
39850.0
 20
16225.0
  0
TEXT
  5
33A
330
17
100
AcDbEntity
  8
S-TEXT
100
AcDbText
 10
40300.0
 20
16325.0
 30
0.0
 40
300.0
  1
C2
 11
40300.0
 21
16325.0
 31
0.0
100
AcDbText
  0
LWPOLYLINE
  5
33B
330
17
100
AcDbEntity
  8
S-COLS
100
AcDbPolyline
 90
4
 70
1
 10
44325.0
 20
15750.0
 10
44675.0
 20
15750.0
 10
44675.0
 20
16250.0
 10
44325.0
 20
16250.0
  0
TEXT
  5
33C
330
17
100
AcDbEntity
  8
S-TEXT
100
AcDbText
 10
44825.0
 20
16350.0
 30
0.0
 40
300.0
  1
C3
 11
44825.0
 21
16350.0
 31
0.0
100
AcDbText
  0
LWPOLYLINE
  5
33D
330
17
100
AcDbEntity
  8
S-COLS
100
AcDbPolyline
 90
4
 70
1
 10
48825.0
 20
15750.0
 10
49175.0
 20
15750.0
 10
49175.0
 20
16250.0
 10
48825.0
 20
16250.0
  0
TEXT
  5
33E
330
17
100
AcDbEntity
  8
S-TEXT
100
AcDbText
 10
49325.0
 20
16350.0
 30
0.0
 40
300.0
  1
C3
 11
49325.0
 21
16350.0
 31
0.0
100
AcDbText
  0
LWPOLYLINE
  5
33F
330
17
100
AcDbEntity
  8
S-COLS
100
AcDbPolyline
 90
4
 70
1
 10
53325.0
 20
15750.0
 10
53675.0
 20
15750.0
 10
53675.0
 20
16250.0
 10
53325.0
 20
16250.0
  0
TEXT
  5
340
330
17
100
AcDbEntity
  8
S-TEXT
100
AcDbText
 10
53825.0
 20
16350.0
 30
0.0
 40
300.0
  1
C3
 11
53825.0
 21
16350.0
 31
0.0
100
AcDbText
  0
LWPOLYLINE
  5
341
330
17
100
AcDbEntity
  8
S-COLS
100
AcDbPolyline
 90
4
 70
1
 10
57825.0
 20
15750.0
 10
58175.0
 20
15750.0
 10
58175.0
 20
16250.0
 10
57825.0
 20
16250.0
  0
TEXT
  5
342
330
17
100
AcDbEntity
  8
S-TEXT
100
AcDbText
 10
58325.0
 20
16350.0
 30
0.0
 40
300.0
  1
C3
 11
58325.0
 21
16350.0
 31
0.0
100
AcDbText
  0
LWPOLYLINE
  5
343
330
17
100
AcDbEntity
  8
S-COLS
100
AcDbPolyline
 90
4
 70
1
 10
62350.0
 20
15775.0
 10
62650.0
 20
15775.0
 10
62650.0
 20
16225.0
 10
62350.0
 20
16225.0
  0
TEXT
  5
344
330
17
100
AcDbEntity
  8
S-TEXT
100
AcDbText
 10
62800.0
 20
16325.0
 30
0.0
 40
300.0
  1
C2
 11
62800.0
 21
16325.0
 31
0.0
100
AcDbText
  0
LWPOLYLINE
  5
345
330
17
100
AcDbEntity
  8
S-COLS
100
AcDbPolyline
 90
4
 70
1
 10
39850.0
 20
19850.0
 10
40150.0
 20
19850.0
 10
40150.0
 20
20150.0
 10
39850.0
 20
20150.0
  0
TEXT
  5
346
330
17
100
AcDbEntity
  8
S-TEXT
100
AcDbText
 10
40300.0
 20
20250.0
 30
0.0
 40
300.0
  1
C1
 11
40300.0
 21
20250.0
 31
0.0
100
AcDbText
  0
LWPOLYLINE
  5
347
330
17
100
AcDbEntity
  8
S-COLS
100
AcDbPolyline
 90
4
 70
1
 10
44350.0
 20
19775.0
 10
44650.0
 20
19775.0
 10
44650.0
 20
20225.0
 10
44350.0
 20
20225.0
  0
TEXT
  5
348
330
17
100
AcDbEntity
  8
S-TEXT
100
AcDbText
 10
44800.0
 20
20325.0
 30
0.0
 40
300.0
  1
C2
 11
44800.0
 21
20325.0
 31
0.0
100
AcDbText
  0
LWPOLYLINE
  5
349
330
17
100
AcDbEntity
  8
S-COLS
100
AcDbPolyline
 90
4
 70
1
 10
48850.0
 20
19775.0
 10
49150.0
 20
19775.0
 10
49150.0
 20
20225.0
 10
48850.0
 20
20225.0
  0
TEXT
  5
34A
330
17
100
AcDbEntity
  8
S-TEXT
100
AcDbText
 10
49300.0
 20
20325.0
 30
0.0
 40
300.0
  1
C2
 11
49300.0
 21
20325.0
 31
0.0
100
AcDbText
  0
LWPOLYLINE
  5
34B
330
17
100
AcDbEntity
  8
S-COLS
100
AcDbPolyline
 90
4
 70
1
 10
53350.0
 20
19775.0
 10
53650.0
 20
19775.0
 10
53650.0
 20
20225.0
 10
53350.0
 20
20225.0
  0
TEXT
  5
34C
330
17
100
AcDbEntity
  8
S-TEXT
100
AcDbText
 10
53800.0
 20
20325.0
 30
0.0
 40
300.0
  1
C2
 11
53800.0
 21
20325.0
 31
0.0
100
AcDbText
  0
LWPOLYLINE
  5
34D
330
17
100
AcDbEntity
  8
S-COLS
100
AcDbPolyline
 90
4
 70
1
 10
57850.0
 20
19775.0
 10
58150.0
 20
19775.0
 10
58150.0
 20
20225.0
 10
57850.0
 20
20225.0
  0
TEXT
  5
34E
330
17
100
AcDbEntity
  8
S-TEXT
100
AcDbText
 10
58300.0
 20
20325.0
 30
0.0
 40
300.0
  1
C2
 11
58300.0
 21
20325.0
 31
0.0
100
AcDbText
  0
LWPOLYLINE
  5
34F
330
17
100
AcDbEntity
  8
S-COLS
100
AcDbPolyline
 90
4
 70
1
 10
62350.0
 20
19850.0
 10
62650.0
 20
19850.0
 10
62650.0
 20
20150.0
 10
62350.0
 20
20150.0
  0
TEXT
  5
350
330
17
100
AcDbEntity
  8
S-TEXT
100
AcDbText
 10
62800.0
 20
20250.0
 30
0.0
 40
300.0
  1
C1
 11
62800.0
 21
20250.0
 31
0.0
100
AcDbText
  0
LINE
  5
351
330
17
100
AcDbEntity
  8
S-BEAM
100
AcDbLine
 10
40000.0
 20
125.0
 30
0.0
 11
44500.0
 21
125.0
 31
0.0
  0
LINE
  5
352
330
17
100
AcDbEntity
  8
S-BEAM
100
AcDbLine
 10
40000.0
 20
-125.0
 30
0.0
 11
44500.0
 21
-125.0
 31
0.0
  0
TEXT
  5
353
330
17
100
AcDbEntity
  8
S-TEXT
100
AcDbText
 10
42250.0
 20
250.0
 30
0.0
 40
250.0
  1
B1
 72
1
 11
42250.0
 21
250.0
 31
0.0
100
AcDbText
 73
2
  0
LINE
  5
354
330
17
100
AcDbEntity
  8
S-BEAM
100
AcDbLine
 10
44500.0
 20
125.0
 30
0.0
 11
49000.0
 21
125.0
 31
0.0
  0
LINE
  5
355
330
17
100
AcDbEntity
  8
S-BEAM
100
AcDbLine
 10
44500.0
 20
-125.0
 30
0.0
 11
49000.0
 21
-125.0
 31
0.0
  0
TEXT
  5
356
330
17
100
AcDbEntity
  8
S-TEXT
100
AcDbText
 10
46750.0
 20
250.0
 30
0.0
 40
250.0
  1
B1
 72
1
 11
46750.0
 21
250.0
 31
0.0
100
AcDbText
 73
2
  0
LINE
  5
357
330
17
100
AcDbEntity
  8
S-BEAM
100
AcDbLine
 10
49000.0
 20
125.0
 30
0.0
 11
53500.0
 21
125.0
 31
0.0
  0
LINE
  5
358
330
17
100
AcDbEntity
  8
S-BEAM
100
AcDbLine
 10
49000.0
 20
-125.0
 30
0.0
 11
53500.0
 21
-125.0
 31
0.0
  0
TEXT
  5
359
330
17
100
AcDbEntity
  8
S-TEXT
100
AcDbText
 10
51250.0
 20
250.0
 30
0.0
 40
250.0
  1
B1
 72
1
 11
51250.0
 21
250.0
 31
0.0
100
AcDbText
 73
2
  0
LINE
  5
35A
330
17
100
AcDbEntity
  8
S-BEAM
100
AcDbLine
 10
53500.0
 20
125.0
 30
0.0
 11
58000.0
 21
125.0
 31
0.0
  0
LINE
  5
35B
330
17
100
AcDbEntity
  8
S-BEAM
100
AcDbLine
 10
53500.0
 20
-125.0
 30
0.0
 11
58000.0
 21
-125.0
 31
0.0
  0
TEXT
  5
35C
330
17
100
AcDbEntity
  8
S-TEXT
100
AcDbText
 10
55750.0
 20
250.0
 30
0.0
 40
250.0
  1
B1
 72
1
 11
55750.0
 21
250.0
 31
0.0
100
AcDbText
 73
2
  0
LINE
  5
35D
330
17
100
AcDbEntity
  8
S-BEAM
100
AcDbLine
 10
58000.0
 20
125.0
 30
0.0
 11
62500.0
 21
125.0
 31
0.0
  0
LINE
  5
35E
330
17
100
AcDbEntity
  8
S-BEAM
100
AcDbLine
 10
58000.0
 20
-125.0
 30
0.0
 11
62500.0
 21
-125.0
 31
0.0
  0
TEXT
  5
35F
330
17
100
AcDbEntity
  8
S-TEXT
100
AcDbText
 10
60250.0
 20
250.0
 30
0.0
 40
250.0
  1
B1
 72
1
 11
60250.0
 21
250.0
 31
0.0
100
AcDbText
 73
2
  0
LINE
  5
360
330
17
100
AcDbEntity
  8
S-BEAM
100
AcDbLine
 10
40000.0
 20
4125.0
 30
0.0
 11
44500.0
 21
4125.0
 31
0.0
  0
LINE
  5
361
330
17
100
AcDbEntity
  8
S-BEAM
100
AcDbLine
 10
40000.0
 20
3875.0
 30
0.0
 11
44500.0
 21
3875.0
 31
0.0
  0
TEXT
  5
362
330
17
100
AcDbEntity
  8
S-TEXT
100
AcDbText
 10
42250.0
 20
4250.0
 30
0.0
 40
250.0
  1
B2
 72
1
 11
42250.0
 21
4250.0
 31
0.0
100
AcDbText
 73
2
  0
LINE
  5
363
330
17
100
AcDbEntity
  8
S-BEAM
100
AcDbLine
 10
44500.0
 20
4125.0
 30
0.0
 11
49000.0
 21
4125.0
 31
0.0
  0
LINE
  5
364
330
17
100
AcDbEntity
  8
S-BEAM
100
AcDbLine
 10
44500.0
 20
3875.0
 30
0.0
 11
49000.0
 21
3875.0
 31
0.0
  0
TEXT
  5
365
330
17
100
AcDbEntity
  8
S-TEXT
100
AcDbText
 10
46750.0
 20
4250.0
 30
0.0
 40
250.0
  1
B2
 72
1
 11
46750.0
 21
4250.0
 31
0.0
100
AcDbText
 73
2
  0
LINE
  5
366
330
17
100
AcDbEntity
  8
S-BEAM
100
AcDbLine
 10
49000.0
 20
4125.0
 30
0.0
 11
53500.0
 21
4125.0
 31
0.0
  0
LINE
  5
367
330
17
100
AcDbEntity
  8
S-BEAM
100
AcDbLine
 10
49000.0
 20
3875.0
 30
0.0
 11
53500.0
 21
3875.0
 31
0.0
  0
TEXT
  5
368
330
17
100
AcDbEntity
  8
S-TEXT
100
AcDbText
 10
51250.0
 20
4250.0
 30
0.0
 40
250.0
  1
B2
 72
1
 11
51250.0
 21
4250.0
 31
0.0
100
AcDbText
 73
2
  0
LINE
  5
369
330
17
100
AcDbEntity
  8
S-BEAM
100
AcDbLine
 10
53500.0
 20
4125.0
 30
0.0
 11
58000.0
 21
4125.0
 31
0.0
  0
LINE
  5
36A
330
17
100
AcDbEntity
  8
S-BEAM
100
AcDbLine
 10
53500.0
 20
3875.0
 30
0.0
 11
58000.0
 21
3875.0
 31
0.0
  0
TEXT
  5
36B
330
17
100
AcDbEntity
  8
S-TEXT
100
AcDbText
 10
55750.0
 20
4250.0
 30
0.0
 40
250.0
  1
B2
 72
1
 11
55750.0
 21
4250.0
 31
0.0
100
AcDbText
 73
2
  0
LINE
  5
36C
330
17
100
AcDbEntity
  8
S-BEAM
100
AcDbLine
 10
58000.0
 20
4125.0
 30
0.0
 11
62500.0
 21
4125.0
 31
0.0
  0
LINE
  5
36D
330
17
100
AcDbEntity
  8
S-BEAM
100
AcDbLine
 10
58000.0
 20
3875.0
 30
0.0
 11
62500.0
 21
3875.0
 31
0.0
  0
TEXT
  5
36E
330
17
100
AcDbEntity
  8
S-TEXT
100
AcDbText
 10
60250.0
 20
4250.0
 30
0.0
 40
250.0
  1
B2
 72
1
 11
60250.0
 21
4250.0
 31
0.0
100
AcDbText
 73
2
  0
LINE
  5
36F
330
17
100
AcDbEntity
  8
S-BEAM
100
AcDbLine
 10
40000.0
 20
8125.0
 30
0.0
 11
44500.0
 21
8125.0
 31
0.0
  0
LINE
  5
370
330
17
100
AcDbEntity
  8
S-BEAM
100
AcDbLine
 10
40000.0
 20
7875.0
 30
0.0
 11
44500.0
 21
7875.0
 31
0.0
  0
TEXT
  5
371
330
17
100
AcDbEntity
  8
S-TEXT
100
AcDbText
 10
42250.0
 20
8250.0
 30
0.0
 40
250.0
  1
B2
 72
1
 11
42250.0
 21
8250.0
 31
0.0
100
AcDbText
 73
2
  0
LINE
  5
372
330
17
100
AcDbEntity
  8
S-BEAM
100
AcDbLine
 10
44500.0
 20
8125.0
 30
0.0
 11
49000.0
 21
8125.0
 31
0.0
  0
LINE
  5
373
330
17
100
AcDbEntity
  8
S-BEAM
100
AcDbLine
 10
44500.0
 20
7875.0
 30
0.0
 11
49000.0
 21
7875.0
 31
0.0
  0
TEXT
  5
374
330
17
100
AcDbEntity
  8
S-TEXT
100
AcDbText
 10
46750.0
 20
8250.0
 30
0.0
 40
250.0
  1
B2
 72
1
 11
46750.0
 21
8250.0
 31
0.0
100
AcDbText
 73
2
  0
LINE
  5
375
330
17
100
AcDbEntity
  8
S-BEAM
100
AcDbLine
 10
49000.0
 20
8125.0
 30
0.0
 11
53500.0
 21
8125.0
 31
0.0
  0
LINE
  5
376
330
17
100
AcDbEntity
  8
S-BEAM
100
AcDbLine
 10
49000.0
 20
7875.0
 30
0.0
 11
53500.0
 21
7875.0
 31
0.0
  0
TEXT
  5
377
330
17
100
AcDbEntity
  8
S-TEXT
100
AcDbText
 10
51250.0
 20
8250.0
 30
0.0
 40
250.0
  1
B2
 72
1
 11
51250.0
 21
8250.0
 31
0.0
100
AcDbText
 73
2
  0
LINE
  5
378
330
17
100
AcDbEntity
  8
S-BEAM
100
AcDbLine
 10
53500.0
 20
8125.0
 30
0.0
 11
58000.0
 21
8125.0
 31
0.0
  0
LINE
  5
379
330
17
100
AcDbEntity
  8
S-BEAM
100
AcDbLine
 10
53500.0
 20
7875.0
 30
0.0
 11
58000.0
 21
7875.0
 31
0.0
  0
TEXT
  5
37A
330
17
100
AcDbEntity
  8
S-TEXT
100
AcDbText
 10
55750.0
 20
8250.0
 30
0.0
 40
250.0
  1
B2
 72
1
 11
55750.0
 21
8250.0
 31
0.0
100
AcDbText
 73
2
  0
LINE
  5
37B
330
17
100
AcDbEntity
  8
S-BEAM
100
AcDbLine
 10
58000.0
 20
8125.0
 30
0.0
 11
62500.0
 21
8125.0
 31
0.0
  0
LINE
  5
37C
330
17
100
AcDbEntity
  8
S-BEAM
100
AcDbLine
 10
58000.0
 20
7875.0
 30
0.0
 11
62500.0
 21
7875.0
 31
0.0
  0
TEXT
  5
37D
330
17
100
AcDbEntity
  8
S-TEXT
100
AcDbText
 10
60250.0
 20
8250.0
 30
0.0
 40
250.0
  1
B2
 72
1
 11
60250.0
 21
8250.0
 31
0.0
100
AcDbText
 73
2
  0
LINE
  5
37E
330
17
100
AcDbEntity
  8
S-BEAM
100
AcDbLine
 10
40000.0
 20
12125.0
 30
0.0
 11
44500.0
 21
12125.0
 31
0.0
  0
LINE
  5
37F
330
17
100
AcDbEntity
  8
S-BEAM
100
AcDbLine
 10
40000.0
 20
11875.0
 30
0.0
 11
44500.0
 21
11875.0
 31
0.0
  0
TEXT
  5
380
330
17
100
AcDbEntity
  8
S-TEXT
100
AcDbText
 10
42250.0
 20
12250.0
 30
0.0
 40
250.0
  1
B2
 72
1
 11
42250.0
 21
12250.0
 31
0.0
100
AcDbText
 73
2
  0
LINE
  5
381
330
17
100
AcDbEntity
  8
S-BEAM
100
AcDbLine
 10
44500.0
 20
12125.0
 30
0.0
 11
49000.0
 21
12125.0
 31
0.0
  0
LINE
  5
382
330
17
100
AcDbEntity
  8
S-BEAM
100
AcDbLine
 10
44500.0
 20
11875.0
 30
0.0
 11
49000.0
 21
11875.0
 31
0.0
  0
TEXT
  5
383
330
17
100
AcDbEntity
  8
S-TEXT
100
AcDbText
 10
46750.0
 20
12250.0
 30
0.0
 40
250.0
  1
B2
 72
1
 11
46750.0
 21
12250.0
 31
0.0
100
AcDbText
 73
2
  0
LINE
  5
384
330
17
100
AcDbEntity
  8
S-BEAM
100
AcDbLine
 10
49000.0
 20
12125.0
 30
0.0
 11
53500.0
 21
12125.0
 31
0.0
  0
LINE
  5
385
330
17
100
AcDbEntity
  8
S-BEAM
100
AcDbLine
 10
49000.0
 20
11875.0
 30
0.0
 11
53500.0
 21
11875.0
 31
0.0
  0
TEXT
  5
386
330
17
100
AcDbEntity
  8
S-TEXT
100
AcDbText
 10
51250.0
 20
12250.0
 30
0.0
 40
250.0
  1
B2
 72
1
 11
51250.0
 21
12250.0
 31
0.0
100
AcDbText
 73
2
  0
LINE
  5
387
330
17
100
AcDbEntity
  8
S-BEAM
100
AcDbLine
 10
53500.0
 20
12125.0
 30
0.0
 11
58000.0
 21
12125.0
 31
0.0
  0
LINE
  5
388
330
17
100
AcDbEntity
  8
S-BEAM
100
AcDbLine
 10
53500.0
 20
11875.0
 30
0.0
 11
58000.0
 21
11875.0
 31
0.0
  0
TEXT
  5
389
330
17
100
AcDbEntity
  8
S-TEXT
100
AcDbText
 10
55750.0
 20
12250.0
 30
0.0
 40
250.0
  1
B2
 72
1
 11
55750.0
 21
12250.0
 31
0.0
100
AcDbText
 73
2
  0
LINE
  5
38A
330
17
100
AcDbEntity
  8
S-BEAM
100
AcDbLine
 10
58000.0
 20
12125.0
 30
0.0
 11
62500.0
 21
12125.0
 31
0.0
  0
LINE
  5
38B
330
17
100
AcDbEntity
  8
S-BEAM
100
AcDbLine
 10
58000.0
 20
11875.0
 30
0.0
 11
62500.0
 21
11875.0
 31
0.0
  0
TEXT
  5
38C
330
17
100
AcDbEntity
  8
S-TEXT
100
AcDbText
 10
60250.0
 20
12250.0
 30
0.0
 40
250.0
  1
B2
 72
1
 11
60250.0
 21
12250.0
 31
0.0
100
AcDbText
 73
2
  0
LINE
  5
38D
330
17
100
AcDbEntity
  8
S-BEAM
100
AcDbLine
 10
40000.0
 20
16125.0
 30
0.0
 11
44500.0
 21
16125.0
 31
0.0
  0
LINE
  5
38E
330
17
100
AcDbEntity
  8
S-BEAM
100
AcDbLine
 10
40000.0
 20
15875.0
 30
0.0
 11
44500.0
 21
15875.0
 31
0.0
  0
TEXT
  5
38F
330
17
100
AcDbEntity
  8
S-TEXT
100
AcDbText
 10
42250.0
 20
16250.0
 30
0.0
 40
250.0
  1
B2
 72
1
 11
42250.0
 21
16250.0
 31
0.0
100
AcDbText
 73
2
  0
LINE
  5
390
330
17
100
AcDbEntity
  8
S-BEAM
100
AcDbLine
 10
44500.0
 20
16125.0
 30
0.0
 11
49000.0
 21
16125.0
 31
0.0
  0
LINE
  5
391
330
17
100
AcDbEntity
  8
S-BEAM
100
AcDbLine
 10
44500.0
 20
15875.0
 30
0.0
 11
49000.0
 21
15875.0
 31
0.0
  0
TEXT
  5
392
330
17
100
AcDbEntity
  8
S-TEXT
100
AcDbText
 10
46750.0
 20
16250.0
 30
0.0
 40
250.0
  1
B2
 72
1
 11
46750.0
 21
16250.0
 31
0.0
100
AcDbText
 73
2
  0
LINE
  5
393
330
17
100
AcDbEntity
  8
S-BEAM
100
AcDbLine
 10
49000.0
 20
16125.0
 30
0.0
 11
53500.0
 21
16125.0
 31
0.0
  0
LINE
  5
394
330
17
100
AcDbEntity
  8
S-BEAM
100
AcDbLine
 10
49000.0
 20
15875.0
 30
0.0
 11
53500.0
 21
15875.0
 31
0.0
  0
TEXT
  5
395
330
17
100
AcDbEntity
  8
S-TEXT
100
AcDbText
 10
51250.0
 20
16250.0
 30
0.0
 40
250.0
  1
B2
 72
1
 11
51250.0
 21
16250.0
 31
0.0
100
AcDbText
 73
2
  0
LINE
  5
396
330
17
100
AcDbEntity
  8
S-BEAM
100
AcDbLine
 10
53500.0
 20
16125.0
 30
0.0
 11
58000.0
 21
16125.0
 31
0.0
  0
LINE
  5
397
330
17
100
AcDbEntity
  8
S-BEAM
100
AcDbLine
 10
53500.0
 20
15875.0
 30
0.0
 11
58000.0
 21
15875.0
 31
0.0
  0
TEXT
  5
398
330
17
100
AcDbEntity
  8
S-TEXT
100
AcDbText
 10
55750.0
 20
16250.0
 30
0.0
 40
250.0
  1
B2
 72
1
 11
55750.0
 21
16250.0
 31
0.0
100
AcDbText
 73
2
  0
LINE
  5
399
330
17
100
AcDbEntity
  8
S-BEAM
100
AcDbLine
 10
58000.0
 20
16125.0
 30
0.0
 11
62500.0
 21
16125.0
 31
0.0
  0
LINE
  5
39A
330
17
100
AcDbEntity
  8
S-BEAM
100
AcDbLine
 10
58000.0
 20
15875.0
 30
0.0
 11
62500.0
 21
15875.0
 31
0.0
  0
TEXT
  5
39B
330
17
100
AcDbEntity
  8
S-TEXT
100
AcDbText
 10
60250.0
 20
16250.0
 30
0.0
 40
250.0
  1
B2
 72
1
 11
60250.0
 21
16250.0
 31
0.0
100
AcDbText
 73
2
  0
LINE
  5
39C
330
17
100
AcDbEntity
  8
S-BEAM
100
AcDbLine
 10
40000.0
 20
20125.0
 30
0.0
 11
44500.0
 21
20125.0
 31
0.0
  0
LINE
  5
39D
330
17
100
AcDbEntity
  8
S-BEAM
100
AcDbLine
 10
40000.0
 20
19875.0
 30
0.0
 11
44500.0
 21
19875.0
 31
0.0
  0
TEXT
  5
39E
330
17
100
AcDbEntity
  8
S-TEXT
100
AcDbText
 10
42250.0
 20
20250.0
 30
0.0
 40
250.0
  1
B1
 72
1
 11
42250.0
 21
20250.0
 31
0.0
100
AcDbText
 73
2
  0
LINE
  5
39F
330
17
100
AcDbEntity
  8
S-BEAM
100
AcDbLine
 10
44500.0
 20
20125.0
 30
0.0
 11
49000.0
 21
20125.0
 31
0.0
  0
LINE
  5
3A0
330
17
100
AcDbEntity
  8
S-BEAM
100
AcDbLine
 10
44500.0
 20
19875.0
 30
0.0
 11
49000.0
 21
19875.0
 31
0.0
  0
TEXT
  5
3A1
330
17
100
AcDbEntity
  8
S-TEXT
100
AcDbText
 10
46750.0
 20
20250.0
 30
0.0
 40
250.0
  1
B1
 72
1
 11
46750.0
 21
20250.0
 31
0.0
100
AcDbText
 73
2
  0
LINE
  5
3A2
330
17
100
AcDbEntity
  8
S-BEAM
100
AcDbLine
 10
49000.0
 20
20125.0
 30
0.0
 11
53500.0
 21
20125.0
 31
0.0
  0
LINE
  5
3A3
330
17
100
AcDbEntity
  8
S-BEAM
100
AcDbLine
 10
49000.0
 20
19875.0
 30
0.0
 11
53500.0
 21
19875.0
 31
0.0
  0
TEXT
  5
3A4
330
17
100
AcDbEntity
  8
S-TEXT
100
AcDbText
 10
51250.0
 20
20250.0
 30
0.0
 40
250.0
  1
B1
 72
1
 11
51250.0
 21
20250.0
 31
0.0
100
AcDbText
 73
2
  0
LINE
  5
3A5
330
17
100
AcDbEntity
  8
S-BEAM
100
AcDbLine
 10
53500.0
 20
20125.0
 30
0.0
 11
58000.0
 21
20125.0
 31
0.0
  0
LINE
  5
3A6
330
17
100
AcDbEntity
  8
S-BEAM
100
AcDbLine
 10
53500.0
 20
19875.0
 30
0.0
 11
58000.0
 21
19875.0
 31
0.0
  0
TEXT
  5
3A7
330
17
100
AcDbEntity
  8
S-TEXT
100
AcDbText
 10
55750.0
 20
20250.0
 30
0.0
 40
250.0
  1
B1
 72
1
 11
55750.0
 21
20250.0
 31
0.0
100
AcDbText
 73
2
  0
LINE
  5
3A8
330
17
100
AcDbEntity
  8
S-BEAM
100
AcDbLine
 10
58000.0
 20
20125.0
 30
0.0
 11
62500.0
 21
20125.0
 31
0.0
  0
LINE
  5
3A9
330
17
100
AcDbEntity
  8
S-BEAM
100
AcDbLine
 10
58000.0
 20
19875.0
 30
0.0
 11
62500.0
 21
19875.0
 31
0.0
  0
TEXT
  5
3AA
330
17
100
AcDbEntity
  8
S-TEXT
100
AcDbText
 10
60250.0
 20
20250.0
 30
0.0
 40
250.0
  1
B1
 72
1
 11
60250.0
 21
20250.0
 31
0.0
100
AcDbText
 73
2
  0
LINE
  5
3AB
330
17
100
AcDbEntity
  8
S-BEAM
100
AcDbLine
 10
39875.0
 20
0.0
 30
0.0
 11
39875.0
 21
4000.0
 31
0.0
  0
LINE
  5
3AC
330
17
100
AcDbEntity
  8
S-BEAM
100
AcDbLine
 10
40125.0
 20
0.0
 30
0.0
 11
40125.0
 21
4000.0
 31
0.0
  0
TEXT
  5
3AD
330
17
100
AcDbEntity
  8
S-TEXT
100
AcDbText
 10
40400.0
 20
2000.0
 30
0.0
 40
250.0
  1
B3
 11
40400.0
 21
2000.0
 31
0.0
100
AcDbText
  0
LINE
  5
3AE
330
17
100
AcDbEntity
  8
S-BEAM
100
AcDbLine
 10
39875.0
 20
4000.0
 30
0.0
 11
39875.0
 21
8000.0
 31
0.0
  0
LINE
  5
3AF
330
17
100
AcDbEntity
  8
S-BEAM
100
AcDbLine
 10
40125.0
 20
4000.0
 30
0.0
 11
40125.0
 21
8000.0
 31
0.0
  0
TEXT
  5
3B0
330
17
100
AcDbEntity
  8
S-TEXT
100
AcDbText
 10
40400.0
 20
6000.0
 30
0.0
 40
250.0
  1
B3
 11
40400.0
 21
6000.0
 31
0.0
100
AcDbText
  0
LINE
  5
3B1
330
17
100
AcDbEntity
  8
S-BEAM
100
AcDbLine
 10
39875.0
 20
8000.0
 30
0.0
 11
39875.0
 21
12000.0
 31
0.0
  0
LINE
  5
3B2
330
17
100
AcDbEntity
  8
S-BEAM
100
AcDbLine
 10
40125.0
 20
8000.0
 30
0.0
 11
40125.0
 21
12000.0
 31
0.0
  0
TEXT
  5
3B3
330
17
100
AcDbEntity
  8
S-TEXT
100
AcDbText
 10
40400.0
 20
10000.0
 30
0.0
 40
250.0
  1
B3
 11
40400.0
 21
10000.0
 31
0.0
100
AcDbText
  0
LINE
  5
3B4
330
17
100
AcDbEntity
  8
S-BEAM
100
AcDbLine
 10
39875.0
 20
12000.0
 30
0.0
 11
39875.0
 21
16000.0
 31
0.0
  0
LINE
  5
3B5
330
17
100
AcDbEntity
  8
S-BEAM
100
AcDbLine
 10
40125.0
 20
12000.0
 30
0.0
 11
40125.0
 21
16000.0
 31
0.0
  0
TEXT
  5
3B6
330
17
100
AcDbEntity
  8
S-TEXT
100
AcDbText
 10
40400.0
 20
14000.0
 30
0.0
 40
250.0
  1
B3
 11
40400.0
 21
14000.0
 31
0.0
100
AcDbText
  0
LINE
  5
3B7
330
17
100
AcDbEntity
  8
S-BEAM
100
AcDbLine
 10
39875.0
 20
16000.0
 30
0.0
 11
39875.0
 21
20000.0
 31
0.0
  0
LINE
  5
3B8
330
17
100
AcDbEntity
  8
S-BEAM
100
AcDbLine
 10
40125.0
 20
16000.0
 30
0.0
 11
40125.0
 21
20000.0
 31
0.0
  0
TEXT
  5
3B9
330
17
100
AcDbEntity
  8
S-TEXT
100
AcDbText
 10
40400.0
 20
18000.0
 30
0.0
 40
250.0
  1
B3
 11
40400.0
 21
18000.0
 31
0.0
100
AcDbText
  0
LINE
  5
3BA
330
17
100
AcDbEntity
  8
S-BEAM
100
AcDbLine
 10
44375.0
 20
0.0
 30
0.0
 11
44375.0
 21
4000.0
 31
0.0
  0
LINE
  5
3BB
330
17
100
AcDbEntity
  8
S-BEAM
100
AcDbLine
 10
44625.0
 20
0.0
 30
0.0
 11
44625.0
 21
4000.0
 31
0.0
  0
TEXT
  5
3BC
330
17
100
AcDbEntity
  8
S-TEXT
100
AcDbText
 10
44900.0
 20
2000.0
 30
0.0
 40
250.0
  1
B4
 11
44900.0
 21
2000.0
 31
0.0
100
AcDbText
  0
LINE
  5
3BD
330
17
100
AcDbEntity
  8
S-BEAM
100
AcDbLine
 10
44375.0
 20
4000.0
 30
0.0
 11
44375.0
 21
8000.0
 31
0.0
  0
LINE
  5
3BE
330
17
100
AcDbEntity
  8
S-BEAM
100
AcDbLine
 10
44625.0
 20
4000.0
 30
0.0
 11
44625.0
 21
8000.0
 31
0.0
  0
TEXT
  5
3BF
330
17
100
AcDbEntity
  8
S-TEXT
100
AcDbText
 10
44900.0
 20
6000.0
 30
0.0
 40
250.0
  1
B4
 11
44900.0
 21
6000.0
 31
0.0
100
AcDbText
  0
LINE
  5
3C0
330
17
100
AcDbEntity
  8
S-BEAM
100
AcDbLine
 10
44375.0
 20
8000.0
 30
0.0
 11
44375.0
 21
12000.0
 31
0.0
  0
LINE
  5
3C1
330
17
100
AcDbEntity
  8
S-BEAM
100
AcDbLine
 10
44625.0
 20
8000.0
 30
0.0
 11
44625.0
 21
12000.0
 31
0.0
  0
TEXT
  5
3C2
330
17
100
AcDbEntity
  8
S-TEXT
100
AcDbText
 10
44900.0
 20
10000.0
 30
0.0
 40
250.0
  1
B4
 11
44900.0
 21
10000.0
 31
0.0
100
AcDbText
  0
LINE
  5
3C3
330
17
100
AcDbEntity
  8
S-BEAM
100
AcDbLine
 10
44375.0
 20
12000.0
 30
0.0
 11
44375.0
 21
16000.0
 31
0.0
  0
LINE
  5
3C4
330
17
100
AcDbEntity
  8
S-BEAM
100
AcDbLine
 10
44625.0
 20
12000.0
 30
0.0
 11
44625.0
 21
16000.0
 31
0.0
  0
TEXT
  5
3C5
330
17
100
AcDbEntity
  8
S-TEXT
100
AcDbText
 10
44900.0
 20
14000.0
 30
0.0
 40
250.0
  1
B4
 11
44900.0
 21
14000.0
 31
0.0
100
AcDbText
  0
LINE
  5
3C6
330
17
100
AcDbEntity
  8
S-BEAM
100
AcDbLine
 10
44375.0
 20
16000.0
 30
0.0
 11
44375.0
 21
20000.0
 31
0.0
  0
LINE
  5
3C7
330
17
100
AcDbEntity
  8
S-BEAM
100
AcDbLine
 10
44625.0
 20
16000.0
 30
0.0
 11
44625.0
 21
20000.0
 31
0.0
  0
TEXT
  5
3C8
330
17
100
AcDbEntity
  8
S-TEXT
100
AcDbText
 10
44900.0
 20
18000.0
 30
0.0
 40
250.0
  1
B4
 11
44900.0
 21
18000.0
 31
0.0
100
AcDbText
  0
LINE
  5
3C9
330
17
100
AcDbEntity
  8
S-BEAM
100
AcDbLine
 10
48875.0
 20
0.0
 30
0.0
 11
48875.0
 21
4000.0
 31
0.0
  0
LINE
  5
3CA
330
17
100
AcDbEntity
  8
S-BEAM
100
AcDbLine
 10
49125.0
 20
0.0
 30
0.0
 11
49125.0
 21
4000.0
 31
0.0
  0
TEXT
  5
3CB
330
17
100
AcDbEntity
  8
S-TEXT
100
AcDbText
 10
49400.0
 20
2000.0
 30
0.0
 40
250.0
  1
B4
 11
49400.0
 21
2000.0
 31
0.0
100
AcDbText
  0
LINE
  5
3CC
330
17
100
AcDbEntity
  8
S-BEAM
100
AcDbLine
 10
48875.0
 20
4000.0
 30
0.0
 11
48875.0
 21
8000.0
 31
0.0
  0
LINE
  5
3CD
330
17
100
AcDbEntity
  8
S-BEAM
100
AcDbLine
 10
49125.0
 20
4000.0
 30
0.0
 11
49125.0
 21
8000.0
 31
0.0
  0
TEXT
  5
3CE
330
17
100
AcDbEntity
  8
S-TEXT
100
AcDbText
 10
49400.0
 20
6000.0
 30
0.0
 40
250.0
  1
B4
 11
49400.0
 21
6000.0
 31
0.0
100
AcDbText
  0
LINE
  5
3CF
330
17
100
AcDbEntity
  8
S-BEAM
100
AcDbLine
 10
48875.0
 20
8000.0
 30
0.0
 11
48875.0
 21
12000.0
 31
0.0
  0
LINE
  5
3D0
330
17
100
AcDbEntity
  8
S-BEAM
100
AcDbLine
 10
49125.0
 20
8000.0
 30
0.0
 11
49125.0
 21
12000.0
 31
0.0
  0
TEXT
  5
3D1
330
17
100
AcDbEntity
  8
S-TEXT
100
AcDbText
 10
49400.0
 20
10000.0
 30
0.0
 40
250.0
  1
B4
 11
49400.0
 21
10000.0
 31
0.0
100
AcDbText
  0
LINE
  5
3D2
330
17
100
AcDbEntity
  8
S-BEAM
100
AcDbLine
 10
48875.0
 20
12000.0
 30
0.0
 11
48875.0
 21
16000.0
 31
0.0
  0
LINE
  5
3D3
330
17
100
AcDbEntity
  8
S-BEAM
100
AcDbLine
 10
49125.0
 20
12000.0
 30
0.0
 11
49125.0
 21
16000.0
 31
0.0
  0
TEXT
  5
3D4
330
17
100
AcDbEntity
  8
S-TEXT
100
AcDbText
 10
49400.0
 20
14000.0
 30
0.0
 40
250.0
  1
B4
 11
49400.0
 21
14000.0
 31
0.0
100
AcDbText
  0
LINE
  5
3D5
330
17
100
AcDbEntity
  8
S-BEAM
100
AcDbLine
 10
48875.0
 20
16000.0
 30
0.0
 11
48875.0
 21
20000.0
 31
0.0
  0
LINE
  5
3D6
330
17
100
AcDbEntity
  8
S-BEAM
100
AcDbLine
 10
49125.0
 20
16000.0
 30
0.0
 11
49125.0
 21
20000.0
 31
0.0
  0
TEXT
  5
3D7
330
17
100
AcDbEntity
  8
S-TEXT
100
AcDbText
 10
49400.0
 20
18000.0
 30
0.0
 40
250.0
  1
B4
 11
49400.0
 21
18000.0
 31
0.0
100
AcDbText
  0
LINE
  5
3D8
330
17
100
AcDbEntity
  8
S-BEAM
100
AcDbLine
 10
53375.0
 20
0.0
 30
0.0
 11
53375.0
 21
4000.0
 31
0.0
  0
LINE
  5
3D9
330
17
100
AcDbEntity
  8
S-BEAM
100
AcDbLine
 10
53625.0
 20
0.0
 30
0.0
 11
53625.0
 21
4000.0
 31
0.0
  0
TEXT
  5
3DA
330
17
100
AcDbEntity
  8
S-TEXT
100
AcDbText
 10
53900.0
 20
2000.0
 30
0.0
 40
250.0
  1
B4
 11
53900.0
 21
2000.0
 31
0.0
100
AcDbText
  0
LINE
  5
3DB
330
17
100
AcDbEntity
  8
S-BEAM
100
AcDbLine
 10
53375.0
 20
4000.0
 30
0.0
 11
53375.0
 21
8000.0
 31
0.0
  0
LINE
  5
3DC
330
17
100
AcDbEntity
  8
S-BEAM
100
AcDbLine
 10
53625.0
 20
4000.0
 30
0.0
 11
53625.0
 21
8000.0
 31
0.0
  0
TEXT
  5
3DD
330
17
100
AcDbEntity
  8
S-TEXT
100
AcDbText
 10
53900.0
 20
6000.0
 30
0.0
 40
250.0
  1
B4
 11
53900.0
 21
6000.0
 31
0.0
100
AcDbText
  0
LINE
  5
3DE
330
17
100
AcDbEntity
  8
S-BEAM
100
AcDbLine
 10
53375.0
 20
8000.0
 30
0.0
 11
53375.0
 21
12000.0
 31
0.0
  0
LINE
  5
3DF
330
17
100
AcDbEntity
  8
S-BEAM
100
AcDbLine
 10
53625.0
 20
8000.0
 30
0.0
 11
53625.0
 21
12000.0
 31
0.0
  0
TEXT
  5
3E0
330
17
100
AcDbEntity
  8
S-TEXT
100
AcDbText
 10
53900.0
 20
10000.0
 30
0.0
 40
250.0
  1
B4
 11
53900.0
 21
10000.0
 31
0.0
100
AcDbText
  0
LINE
  5
3E1
330
17
100
AcDbEntity
  8
S-BEAM
100
AcDbLine
 10
53375.0
 20
12000.0
 30
0.0
 11
53375.0
 21
16000.0
 31
0.0
  0
LINE
  5
3E2
330
17
100
AcDbEntity
  8
S-BEAM
100
AcDbLine
 10
53625.0
 20
12000.0
 30
0.0
 11
53625.0
 21
16000.0
 31
0.0
  0
TEXT
  5
3E3
330
17
100
AcDbEntity
  8
S-TEXT
100
AcDbText
 10
53900.0
 20
14000.0
 30
0.0
 40
250.0
  1
B4
 11
53900.0
 21
14000.0
 31
0.0
100
AcDbText
  0
LINE
  5
3E4
330
17
100
AcDbEntity
  8
S-BEAM
100
AcDbLine
 10
53375.0
 20
16000.0
 30
0.0
 11
53375.0
 21
20000.0
 31
0.0
  0
LINE
  5
3E5
330
17
100
AcDbEntity
  8
S-BEAM
100
AcDbLine
 10
53625.0
 20
16000.0
 30
0.0
 11
53625.0
 21
20000.0
 31
0.0
  0
TEXT
  5
3E6
330
17
100
AcDbEntity
  8
S-TEXT
100
AcDbText
 10
53900.0
 20
18000.0
 30
0.0
 40
250.0
  1
B4
 11
53900.0
 21
18000.0
 31
0.0
100
AcDbText
  0
LINE
  5
3E7
330
17
100
AcDbEntity
  8
S-BEAM
100
AcDbLine
 10
57875.0
 20
0.0
 30
0.0
 11
57875.0
 21
4000.0
 31
0.0
  0
LINE
  5
3E8
330
17
100
AcDbEntity
  8
S-BEAM
100
AcDbLine
 10
58125.0
 20
0.0
 30
0.0
 11
58125.0
 21
4000.0
 31
0.0
  0
TEXT
  5
3E9
330
17
100
AcDbEntity
  8
S-TEXT
100
AcDbText
 10
58400.0
 20
2000.0
 30
0.0
 40
250.0
  1
B4
 11
58400.0
 21
2000.0
 31
0.0
100
AcDbText
  0
LINE
  5
3EA
330
17
100
AcDbEntity
  8
S-BEAM
100
AcDbLine
 10
57875.0
 20
4000.0
 30
0.0
 11
57875.0
 21
8000.0
 31
0.0
  0
LINE
  5
3EB
330
17
100
AcDbEntity
  8
S-BEAM
100
AcDbLine
 10
58125.0
 20
4000.0
 30
0.0
 11
58125.0
 21
8000.0
 31
0.0
  0
TEXT
  5
3EC
330
17
100
AcDbEntity
  8
S-TEXT
100
AcDbText
 10
58400.0
 20
6000.0
 30
0.0
 40
250.0
  1
B4
 11
58400.0
 21
6000.0
 31
0.0
100
AcDbText
  0
LINE
  5
3ED
330
17
100
AcDbEntity
  8
S-BEAM
100
AcDbLine
 10
57875.0
 20
8000.0
 30
0.0
 11
57875.0
 21
12000.0
 31
0.0
  0
LINE
  5
3EE
330
17
100
AcDbEntity
  8
S-BEAM
100
AcDbLine
 10
58125.0
 20
8000.0
 30
0.0
 11
58125.0
 21
12000.0
 31
0.0
  0
TEXT
  5
3EF
330
17
100
AcDbEntity
  8
S-TEXT
100
AcDbText
 10
58400.0
 20
10000.0
 30
0.0
 40
250.0
  1
B4
 11
58400.0
 21
10000.0
 31
0.0
100
AcDbText
  0
LINE
  5
3F0
330
17
100
AcDbEntity
  8
S-BEAM
100
AcDbLine
 10
57875.0
 20
12000.0
 30
0.0
 11
57875.0
 21
16000.0
 31
0.0
  0
LINE
  5
3F1
330
17
100
AcDbEntity
  8
S-BEAM
100
AcDbLine
 10
58125.0
 20
12000.0
 30
0.0
 11
58125.0
 21
16000.0
 31
0.0
  0
TEXT
  5
3F2
330
17
100
AcDbEntity
  8
S-TEXT
100
AcDbText
 10
58400.0
 20
14000.0
 30
0.0
 40
250.0
  1
B4
 11
58400.0
 21
14000.0
 31
0.0
100
AcDbText
  0
LINE
  5
3F3
330
17
100
AcDbEntity
  8
S-BEAM
100
AcDbLine
 10
57875.0
 20
16000.0
 30
0.0
 11
57875.0
 21
20000.0
 31
0.0
  0
LINE
  5
3F4
330
17
100
AcDbEntity
  8
S-BEAM
100
AcDbLine
 10
58125.0
 20
16000.0
 30
0.0
 11
58125.0
 21
20000.0
 31
0.0
  0
TEXT
  5
3F5
330
17
100
AcDbEntity
  8
S-TEXT
100
AcDbText
 10
58400.0
 20
18000.0
 30
0.0
 40
250.0
  1
B4
 11
58400.0
 21
18000.0
 31
0.0
100
AcDbText
  0
LINE
  5
3F6
330
17
100
AcDbEntity
  8
S-BEAM
100
AcDbLine
 10
62375.0
 20
0.0
 30
0.0
 11
62375.0
 21
4000.0
 31
0.0
  0
LINE
  5
3F7
330
17
100
AcDbEntity
  8
S-BEAM
100
AcDbLine
 10
62625.0
 20
0.0
 30
0.0
 11
62625.0
 21
4000.0
 31
0.0
  0
TEXT
  5
3F8
330
17
100
AcDbEntity
  8
S-TEXT
100
AcDbText
 10
62900.0
 20
2000.0
 30
0.0
 40
250.0
  1
B3
 11
62900.0
 21
2000.0
 31
0.0
100
AcDbText
  0
LINE
  5
3F9
330
17
100
AcDbEntity
  8
S-BEAM
100
AcDbLine
 10
62375.0
 20
4000.0
 30
0.0
 11
62375.0
 21
8000.0
 31
0.0
  0
LINE
  5
3FA
330
17
100
AcDbEntity
  8
S-BEAM
100
AcDbLine
 10
62625.0
 20
4000.0
 30
0.0
 11
62625.0
 21
8000.0
 31
0.0
  0
TEXT
  5
3FB
330
17
100
AcDbEntity
  8
S-TEXT
100
AcDbText
 10
62900.0
 20
6000.0
 30
0.0
 40
250.0
  1
B3
 11
62900.0
 21
6000.0
 31
0.0
100
AcDbText
  0
LINE
  5
3FC
330
17
100
AcDbEntity
  8
S-BEAM
100
AcDbLine
 10
62375.0
 20
8000.0
 30
0.0
 11
62375.0
 21
12000.0
 31
0.0
  0
LINE
  5
3FD
330
17
100
AcDbEntity
  8
S-BEAM
100
AcDbLine
 10
62625.0
 20
8000.0
 30
0.0
 11
62625.0
 21
12000.0
 31
0.0
  0
TEXT
  5
3FE
330
17
100
AcDbEntity
  8
S-TEXT
100
AcDbText
 10
62900.0
 20
10000.0
 30
0.0
 40
250.0
  1
B3
 11
62900.0
 21
10000.0
 31
0.0
100
AcDbText
  0
LINE
  5
3FF
330
17
100
AcDbEntity
  8
S-BEAM
100
AcDbLine
 10
62375.0
 20
12000.0
 30
0.0
 11
62375.0
 21
16000.0
 31
0.0
  0
LINE
  5
400
330
17
100
AcDbEntity
  8
S-BEAM
100
AcDbLine
 10
62625.0
 20
12000.0
 30
0.0
 11
62625.0
 21
16000.0
 31
0.0
  0
TEXT
  5
401
330
17
100
AcDbEntity
  8
S-TEXT
100
AcDbText
 10
62900.0
 20
14000.0
 30
0.0
 40
250.0
  1
B3
 11
62900.0
 21
14000.0
 31
0.0
100
AcDbText
  0
LINE
  5
402
330
17
100
AcDbEntity
  8
S-BEAM
100
AcDbLine
 10
62375.0
 20
16000.0
 30
0.0
 11
62375.0
 21
20000.0
 31
0.0
  0
LINE
  5
403
330
17
100
AcDbEntity
  8
S-BEAM
100
AcDbLine
 10
62625.0
 20
16000.0
 30
0.0
 11
62625.0
 21
20000.0
 31
0.0
  0
TEXT
  5
404
330
17
100
AcDbEntity
  8
S-TEXT
100
AcDbText
 10
62900.0
 20
18000.0
 30
0.0
 40
250.0
  1
B3
 11
62900.0
 21
18000.0
 31
0.0
100
AcDbText
  0
LWPOLYLINE
  5
405
330
17
100
AcDbEntity
  8
S-SLAB
100
AcDbPolyline
 90
4
 70
1
 10
49500.0
 20
8500.0
 10
52000.0
 20
8500.0
 10
52000.0
 20
13000.0
 10
49500.0
 20
13000.0
  0
TEXT
  5
406
330
17
100
AcDbEntity
  8
S-TEXT
100
AcDbText
 10
50750.0
 20
10750.0
 30
0.0
 40
250.0
  1
STAIR OPENING
 72
1
 11
50750.0
 21
10750.0
 31
0.0
100
AcDbText
 73
2
  0
LWPOLYLINE
  5
407
330
17
100
AcDbEntity
  8
S-SLAB
100
AcDbPolyline
 90
4
 70
1
 10
52500.0
 20
8500.0
 10
54500.0
 20
8500.0
 10
54500.0
 20
10500.0
 10
52500.0
 20
10500.0
  0
TEXT
  5
408
330
17
100
AcDbEntity
  8
S-TEXT
100
AcDbText
 10
53500.0
 20
9500.0
 30
0.0
 40
250.0
  1
LIFT OPENING
 72
1
 11
53500.0
 21
9500.0
 31
0.0
100
AcDbText
 73
2
  0
LINE
  5
409
330
17
100
AcDbEntity
  8
S-BEAM
100
AcDbLine
 10
49500.0
 20
8650.0
 30
0.0
 11
52000.0
 21
8650.0
 31
0.0
  0
LINE
  5
40A
330
17
100
AcDbEntity
  8
S-BEAM
100
AcDbLine
 10
49500.0
 20
8350.0
 30
0.0
 11
52000.0
 21
8350.0
 31
0.0
  0
TEXT
  5
40B
330
17
100
AcDbEntity
  8
S-TEXT
100
AcDbText
 10
50750.0
 20
8050.0
 30
0.0
 40
250.0
  1
B5
 72
1
 11
50750.0
 21
8050.0
 31
0.0
100
AcDbText
 73
2
  0
LINE
  5
40C
330
17
100
AcDbEntity
  8
S-BEAM
100
AcDbLine
 10
49500.0
 20
13150.0
 30
0.0
 11
52000.0
 21
13150.0
 31
0.0
  0
LINE
  5
40D
330
17
100
AcDbEntity
  8
S-BEAM
100
AcDbLine
 10
49500.0
 20
12850.0
 30
0.0
 11
52000.0
 21
12850.0
 31
0.0
  0
TEXT
  5
40E
330
17
100
AcDbEntity
  8
S-TEXT
100
AcDbText
 10
50750.0
 20
12550.0
 30
0.0
 40
250.0
  1
B5
 72
1
 11
50750.0
 21
12550.0
 31
0.0
100
AcDbText
 73
2
  0
LINE
  5
40F
330
17
100
AcDbEntity
  8
S-BEAM
100
AcDbLine
 10
52500.0
 20
8650.0
 30
0.0
 11
54500.0
 21
8650.0
 31
0.0
  0
LINE
  5
410
330
17
100
AcDbEntity
  8
S-BEAM
100
AcDbLine
 10
52500.0
 20
8350.0
 30
0.0
 11
54500.0
 21
8350.0
 31
0.0
  0
TEXT
  5
411
330
17
100
AcDbEntity
  8
S-TEXT
100
AcDbText
 10
53500.0
 20
8050.0
 30
0.0
 40
250.0
  1
B5
 72
1
 11
53500.0
 21
8050.0
 31
0.0
100
AcDbText
 73
2
  0
LINE
  5
412
330
17
100
AcDbEntity
  8
S-BEAM
100
AcDbLine
 10
52500.0
 20
10650.0
 30
0.0
 11
54500.0
 21
10650.0
 31
0.0
  0
LINE
  5
413
330
17
100
AcDbEntity
  8
S-BEAM
100
AcDbLine
 10
52500.0
 20
10350.0
 30
0.0
 11
54500.0
 21
10350.0
 31
0.0
  0
TEXT
  5
414
330
17
100
AcDbEntity
  8
S-TEXT
100
AcDbText
 10
53500.0
 20
10050.0
 30
0.0
 40
250.0
  1
B5
 72
1
 11
53500.0
 21
10050.0
 31
0.0
100
AcDbText
 73
2
  0
LINE
  5
415
330
17
100
AcDbEntity
  8
S-BEAM
100
AcDbLine
 10
42150.0
 20
8000.0
 30
0.0
 11
42150.0
 21
12000.0
 31
0.0
  0
LINE
  5
416
330
17
100
AcDbEntity
  8
S-BEAM
100
AcDbLine
 10
42350.0
 20
8000.0
 30
0.0
 11
42350.0
 21
12000.0
 31
0.0
  0
TEXT
  5
417
330
17
100
AcDbEntity
  8
S-TEXT
100
AcDbText
 10
42550.0
 20
10000.0
 30
0.0
 40
250.0
  1
B6
 11
42550.0
 21
10000.0
 31
0.0
100
AcDbText
  0
LINE
  5
418
330
17
100
AcDbEntity
  8
S-BEAM
100
AcDbLine
 10
46650.0
 20
8000.0
 30
0.0
 11
46650.0
 21
12000.0
 31
0.0
  0
LINE
  5
419
330
17
100
AcDbEntity
  8
S-BEAM
100
AcDbLine
 10
46850.0
 20
8000.0
 30
0.0
 11
46850.0
 21
12000.0
 31
0.0
  0
TEXT
  5
41A
330
17
100
AcDbEntity
  8
S-TEXT
100
AcDbText
 10
47050.0
 20
10000.0
 30
0.0
 40
250.0
  1
B6
 11
47050.0
 21
10000.0
 31
0.0
100
AcDbText
  0
LINE
  5
41B
330
17
100
AcDbEntity
  8
S-BEAM
100
AcDbLine
 10
51150.0
 20
8000.0
 30
0.0
 11
51150.0
 21
12000.0
 31
0.0
  0
LINE
  5
41C
330
17
100
AcDbEntity
  8
S-BEAM
100
AcDbLine
 10
51350.0
 20
8000.0
 30
0.0
 11
51350.0
 21
12000.0
 31
0.0
  0
TEXT
  5
41D
330
17
100
AcDbEntity
  8
S-TEXT
100
AcDbText
 10
51550.0
 20
10000.0
 30
0.0
 40
250.0
  1
B6
 11
51550.0
 21
10000.0
 31
0.0
100
AcDbText
  0
LINE
  5
41E
330
17
100
AcDbEntity
  8
S-BEAM
100
AcDbLine
 10
55650.0
 20
8000.0
 30
0.0
 11
55650.0
 21
12000.0
 31
0.0
  0
LINE
  5
41F
330
17
100
AcDbEntity
  8
S-BEAM
100
AcDbLine
 10
55850.0
 20
8000.0
 30
0.0
 11
55850.0
 21
12000.0
 31
0.0
  0
TEXT
  5
420
330
17
100
AcDbEntity
  8
S-TEXT
100
AcDbText
 10
56050.0
 20
10000.0
 30
0.0
 40
250.0
  1
B6
 11
56050.0
 21
10000.0
 31
0.0
100
AcDbText
  0
LINE
  5
421
330
17
100
AcDbEntity
  8
S-BEAM
100
AcDbLine
 10
60150.0
 20
8000.0
 30
0.0
 11
60150.0
 21
12000.0
 31
0.0
  0
LINE
  5
422
330
17
100
AcDbEntity
  8
S-BEAM
100
AcDbLine
 10
60350.0
 20
8000.0
 30
0.0
 11
60350.0
 21
12000.0
 31
0.0
  0
TEXT
  5
423
330
17
100
AcDbEntity
  8
S-TEXT
100
AcDbText
 10
60550.0
 20
10000.0
 30
0.0
 40
250.0
  1
B6
 11
60550.0
 21
10000.0
 31
0.0
100
AcDbText
  0
TEXT
  5
424
330
17
100
AcDbEntity
  8
S-TEXT
100
AcDbText
 10
51250.0
 20
-3600.0
 30
0.0
 40
600.0
  1
TYPICAL FLOOR PLAN
 72
1
 11
51250.0
 21
-3600.0
 31
0.0
100
AcDbText
 73
2
  0
TEXT
  5
425
330
17
100
AcDbEntity
  8
S-TEXT
100
AcDbText
 10
51250.0
 20
-4500.0
 30
0.0
 40
350.0
  1
1F TO 5F  |  SLAB 150 THK  |  SEE COLUMN AND BEAM SCHEDULES
 72
1
 11
51250.0
 21
-4500.0
 31
0.0
100
AcDbText
 73
2
  0
LINE
  5
426
330
17
100
AcDbEntity
  8
S-GRID
100
AcDbLine
 10
80000.0
 20
-1500.0
 30
0.0
 11
80000.0
 21
21500.0
 31
0.0
  0
CIRCLE
  5
427
330
17
100
AcDbEntity
  8
S-GRID
100
AcDbCircle
 10
80000.0
 20
-2500.0
 30
0.0
 40
500.0
  0
TEXT
  5
428
330
17
100
AcDbEntity
  8
S-TEXT
100
AcDbText
 10
80000.0
 20
-2500.0
 30
0.0
 40
450.0
  1
A
 72
1
 11
80000.0
 21
-2500.0
 31
0.0
100
AcDbText
 73
2
  0
LINE
  5
429
330
17
100
AcDbEntity
  8
S-GRID
100
AcDbLine
 10
84500.0
 20
-1500.0
 30
0.0
 11
84500.0
 21
21500.0
 31
0.0
  0
CIRCLE
  5
42A
330
17
100
AcDbEntity
  8
S-GRID
100
AcDbCircle
 10
84500.0
 20
-2500.0
 30
0.0
 40
500.0
  0
TEXT
  5
42B
330
17
100
AcDbEntity
  8
S-TEXT
100
AcDbText
 10
84500.0
 20
-2500.0
 30
0.0
 40
450.0
  1
B
 72
1
 11
84500.0
 21
-2500.0
 31
0.0
100
AcDbText
 73
2
  0
LINE
  5
42C
330
17
100
AcDbEntity
  8
S-GRID
100
AcDbLine
 10
89000.0
 20
-1500.0
 30
0.0
 11
89000.0
 21
21500.0
 31
0.0
  0
CIRCLE
  5
42D
330
17
100
AcDbEntity
  8
S-GRID
100
AcDbCircle
 10
89000.0
 20
-2500.0
 30
0.0
 40
500.0
  0
TEXT
  5
42E
330
17
100
AcDbEntity
  8
S-TEXT
100
AcDbText
 10
89000.0
 20
-2500.0
 30
0.0
 40
450.0
  1
C
 72
1
 11
89000.0
 21
-2500.0
 31
0.0
100
AcDbText
 73
2
  0
LINE
  5
42F
330
17
100
AcDbEntity
  8
S-GRID
100
AcDbLine
 10
93500.0
 20
-1500.0
 30
0.0
 11
93500.0
 21
21500.0
 31
0.0
  0
CIRCLE
  5
430
330
17
100
AcDbEntity
  8
S-GRID
100
AcDbCircle
 10
93500.0
 20
-2500.0
 30
0.0
 40
500.0
  0
TEXT
  5
431
330
17
100
AcDbEntity
  8
S-TEXT
100
AcDbText
 10
93500.0
 20
-2500.0
 30
0.0
 40
450.0
  1
D
 72
1
 11
93500.0
 21
-2500.0
 31
0.0
100
AcDbText
 73
2
  0
LINE
  5
432
330
17
100
AcDbEntity
  8
S-GRID
100
AcDbLine
 10
98000.0
 20
-1500.0
 30
0.0
 11
98000.0
 21
21500.0
 31
0.0
  0
CIRCLE
  5
433
330
17
100
AcDbEntity
  8
S-GRID
100
AcDbCircle
 10
98000.0
 20
-2500.0
 30
0.0
 40
500.0
  0
TEXT
  5
434
330
17
100
AcDbEntity
  8
S-TEXT
100
AcDbText
 10
98000.0
 20
-2500.0
 30
0.0
 40
450.0
  1
E
 72
1
 11
98000.0
 21
-2500.0
 31
0.0
100
AcDbText
 73
2
  0
LINE
  5
435
330
17
100
AcDbEntity
  8
S-GRID
100
AcDbLine
 10
102500.0
 20
-1500.0
 30
0.0
 11
102500.0
 21
21500.0
 31
0.0
  0
CIRCLE
  5
436
330
17
100
AcDbEntity
  8
S-GRID
100
AcDbCircle
 10
102500.0
 20
-2500.0
 30
0.0
 40
500.0
  0
TEXT
  5
437
330
17
100
AcDbEntity
  8
S-TEXT
100
AcDbText
 10
102500.0
 20
-2500.0
 30
0.0
 40
450.0
  1
F
 72
1
 11
102500.0
 21
-2500.0
 31
0.0
100
AcDbText
 73
2
  0
LINE
  5
438
330
17
100
AcDbEntity
  8
S-GRID
100
AcDbLine
 10
78500.0
 20
0.0
 30
0.0
 11
104000.0
 21
0.0
 31
0.0
  0
CIRCLE
  5
439
330
17
100
AcDbEntity
  8
S-GRID
100
AcDbCircle
 10
77500.0
 20
0.0
 30
0.0
 40
500.0
  0
TEXT
  5
43A
330
17
100
AcDbEntity
  8
S-TEXT
100
AcDbText
 10
77500.0
 20
0.0
 30
0.0
 40
450.0
  1
1
 72
1
 11
77500.0
 21
0.0
 31
0.0
100
AcDbText
 73
2
  0
LINE
  5
43B
330
17
100
AcDbEntity
  8
S-GRID
100
AcDbLine
 10
78500.0
 20
4000.0
 30
0.0
 11
104000.0
 21
4000.0
 31
0.0
  0
CIRCLE
  5
43C
330
17
100
AcDbEntity
  8
S-GRID
100
AcDbCircle
 10
77500.0
 20
4000.0
 30
0.0
 40
500.0
  0
TEXT
  5
43D
330
17
100
AcDbEntity
  8
S-TEXT
100
AcDbText
 10
77500.0
 20
4000.0
 30
0.0
 40
450.0
  1
2
 72
1
 11
77500.0
 21
4000.0
 31
0.0
100
AcDbText
 73
2
  0
LINE
  5
43E
330
17
100
AcDbEntity
  8
S-GRID
100
AcDbLine
 10
78500.0
 20
8000.0
 30
0.0
 11
104000.0
 21
8000.0
 31
0.0
  0
CIRCLE
  5
43F
330
17
100
AcDbEntity
  8
S-GRID
100
AcDbCircle
 10
77500.0
 20
8000.0
 30
0.0
 40
500.0
  0
TEXT
  5
440
330
17
100
AcDbEntity
  8
S-TEXT
100
AcDbText
 10
77500.0
 20
8000.0
 30
0.0
 40
450.0
  1
3
 72
1
 11
77500.0
 21
8000.0
 31
0.0
100
AcDbText
 73
2
  0
LINE
  5
441
330
17
100
AcDbEntity
  8
S-GRID
100
AcDbLine
 10
78500.0
 20
12000.0
 30
0.0
 11
104000.0
 21
12000.0
 31
0.0
  0
CIRCLE
  5
442
330
17
100
AcDbEntity
  8
S-GRID
100
AcDbCircle
 10
77500.0
 20
12000.0
 30
0.0
 40
500.0
  0
TEXT
  5
443
330
17
100
AcDbEntity
  8
S-TEXT
100
AcDbText
 10
77500.0
 20
12000.0
 30
0.0
 40
450.0
  1
4
 72
1
 11
77500.0
 21
12000.0
 31
0.0
100
AcDbText
 73
2
  0
LINE
  5
444
330
17
100
AcDbEntity
  8
S-GRID
100
AcDbLine
 10
78500.0
 20
16000.0
 30
0.0
 11
104000.0
 21
16000.0
 31
0.0
  0
CIRCLE
  5
445
330
17
100
AcDbEntity
  8
S-GRID
100
AcDbCircle
 10
77500.0
 20
16000.0
 30
0.0
 40
500.0
  0
TEXT
  5
446
330
17
100
AcDbEntity
  8
S-TEXT
100
AcDbText
 10
77500.0
 20
16000.0
 30
0.0
 40
450.0
  1
5
 72
1
 11
77500.0
 21
16000.0
 31
0.0
100
AcDbText
 73
2
  0
LINE
  5
447
330
17
100
AcDbEntity
  8
S-GRID
100
AcDbLine
 10
78500.0
 20
20000.0
 30
0.0
 11
104000.0
 21
20000.0
 31
0.0
  0
CIRCLE
  5
448
330
17
100
AcDbEntity
  8
S-GRID
100
AcDbCircle
 10
77500.0
 20
20000.0
 30
0.0
 40
500.0
  0
TEXT
  5
449
330
17
100
AcDbEntity
  8
S-TEXT
100
AcDbText
 10
77500.0
 20
20000.0
 30
0.0
 40
450.0
  1
6
 72
1
 11
77500.0
 21
20000.0
 31
0.0
100
AcDbText
 73
2
  0
DIMENSION
  5
44A
330
17
100
AcDbEntity
  8
S-DIMS
100
AcDbDimension
  2
*D21
  3
EZDXF
 10
80000.0
 20
22700.0
 30
0.0
 11
91250.0
 21
22910.0
 31
0.0
 70
32
 71
5
  1
<>
100
AcDbAlignedDimension
 13
80000.0
 23
21500.0
 33
0.0
 14
102500.0
 24
21500.0
 34
0.0
 50
0.0
100
AcDbRotatedDimension
1001
ACAD
1000
DSTYLE
1002
{
1070
140
1040
300.0
1070
41
1040
180.0
1070
44
1040
150.0
1070
42
1040
90.0
1070
147
1040
60.0
1070
271
1070
0
1070
77
1070
1
1070
73
1070
1
1070
74
1070
1
1002
}
  0
DIMENSION
  5
459
330
17
100
AcDbEntity
  8
S-DIMS
100
AcDbDimension
  2
*D22
  3
EZDXF
 10
105200.0
 20
0.0
 30
0.0
 11
104990.0
 21
10000.0
 31
0.0
 70
32
 71
5
  1
<>
100
AcDbAlignedDimension
 13
104000.0
 23
0.0
 33
0.0
 14
104000.0
 24
20000.0
 34
0.0
 50
90.0
100
AcDbRotatedDimension
1001
ACAD
1000
DSTYLE
1002
{
1070
140
1040
300.0
1070
41
1040
180.0
1070
44
1040
150.0
1070
42
1040
90.0
1070
147
1040
60.0
1070
271
1070
0
1070
77
1070
1
1070
73
1070
1
1070
74
1070
1
1002
}
  0
ARC
  5
469
330
17
100
AcDbEntity
  8
S-TEXT
100
AcDbCircle
 10
76200.0
 20
10000.0
 30
0.0
 40
500.0
100
AcDbArc
 50
90.0
 51
270.0
  0
LINE
  5
46A
330
17
100
AcDbEntity
  8
S-TEXT
100
AcDbLine
 10
76200.0
 20
9500.0
 30
0.0
 11
76200.0
 21
10500.0
 31
0.0
  0
TEXT
  5
46B
330
17
100
AcDbEntity
  8
S-TEXT
100
AcDbText
 10
76200.0
 20
10000.0
 30
0.0
 40
300.0
  1
A-A
 72
1
 11
76200.0
 21
10000.0
 31
0.0
100
AcDbText
 73
2
  0
ARC
  5
46C
330
17
100
AcDbEntity
  8
S-TEXT
100
AcDbCircle
 10
106300.0
 20
10000.0
 30
0.0
 40
500.0
100
AcDbArc
 50
270.0
 51
450.0
  0
LINE
  5
46D
330
17
100
AcDbEntity
  8
S-TEXT
100
AcDbLine
 10
106300.0
 20
9500.0
 30
0.0
 11
106300.0
 21
10500.0
 31
0.0
  0
TEXT
  5
46E
330
17
100
AcDbEntity
  8
S-TEXT
100
AcDbText
 10
106300.0
 20
10000.0
 30
0.0
 40
300.0
  1
A-A
 72
1
 11
106300.0
 21
10000.0
 31
0.0
100
AcDbText
 73
2
  0
LWPOLYLINE
  5
46F
330
17
100
AcDbEntity
  8
S-SLAB
100
AcDbPolyline
 90
4
 70
1
 10
79850.0
 20
-150.0
 10
102650.0
 20
-150.0
 10
102650.0
 20
20150.0
 10
79850.0
 20
20150.0
  0
LWPOLYLINE
  5
470
330
17
100
AcDbEntity
  8
S-SLAB
100
AcDbPolyline
 90
4
 70
1
 10
80100.0
 20
100.0
 10
102400.0
 20
100.0
 10
102400.0
 20
19900.0
 10
80100.0
 20
19900.0
  0
TEXT
  5
471
330
17
100
AcDbEntity
  8
S-TEXT
100
AcDbText
 10
91250.0
 20
19400.0
 30
0.0
 40
300.0
  1
PARAPET 150 THK, 1000 HIGH
 72
1
 11
91250.0
 21
19400.0
 31
0.0
100
AcDbText
 73
2
  0
LINE
  5
472
330
17
100
AcDbEntity
  8
S-BEAM
100
AcDbLine
 10
80000.0
 20
125.0
 30
0.0
 11
84500.0
 21
125.0
 31
0.0
  0
LINE
  5
473
330
17
100
AcDbEntity
  8
S-BEAM
100
AcDbLine
 10
80000.0
 20
-125.0
 30
0.0
 11
84500.0
 21
-125.0
 31
0.0
  0
LINE
  5
474
330
17
100
AcDbEntity
  8
S-BEAM
100
AcDbLine
 10
84500.0
 20
125.0
 30
0.0
 11
89000.0
 21
125.0
 31
0.0
  0
LINE
  5
475
330
17
100
AcDbEntity
  8
S-BEAM
100
AcDbLine
 10
84500.0
 20
-125.0
 30
0.0
 11
89000.0
 21
-125.0
 31
0.0
  0
LINE
  5
476
330
17
100
AcDbEntity
  8
S-BEAM
100
AcDbLine
 10
89000.0
 20
125.0
 30
0.0
 11
93500.0
 21
125.0
 31
0.0
  0
LINE
  5
477
330
17
100
AcDbEntity
  8
S-BEAM
100
AcDbLine
 10
89000.0
 20
-125.0
 30
0.0
 11
93500.0
 21
-125.0
 31
0.0
  0
LINE
  5
478
330
17
100
AcDbEntity
  8
S-BEAM
100
AcDbLine
 10
93500.0
 20
125.0
 30
0.0
 11
98000.0
 21
125.0
 31
0.0
  0
LINE
  5
479
330
17
100
AcDbEntity
  8
S-BEAM
100
AcDbLine
 10
93500.0
 20
-125.0
 30
0.0
 11
98000.0
 21
-125.0
 31
0.0
  0
LINE
  5
47A
330
17
100
AcDbEntity
  8
S-BEAM
100
AcDbLine
 10
98000.0
 20
125.0
 30
0.0
 11
102500.0
 21
125.0
 31
0.0
  0
LINE
  5
47B
330
17
100
AcDbEntity
  8
S-BEAM
100
AcDbLine
 10
98000.0
 20
-125.0
 30
0.0
 11
102500.0
 21
-125.0
 31
0.0
  0
LINE
  5
47C
330
17
100
AcDbEntity
  8
S-BEAM
100
AcDbLine
 10
80000.0
 20
4125.0
 30
0.0
 11
84500.0
 21
4125.0
 31
0.0
  0
LINE
  5
47D
330
17
100
AcDbEntity
  8
S-BEAM
100
AcDbLine
 10
80000.0
 20
3875.0
 30
0.0
 11
84500.0
 21
3875.0
 31
0.0
  0
LINE
  5
47E
330
17
100
AcDbEntity
  8
S-BEAM
100
AcDbLine
 10
84500.0
 20
4125.0
 30
0.0
 11
89000.0
 21
4125.0
 31
0.0
  0
LINE
  5
47F
330
17
100
AcDbEntity
  8
S-BEAM
100
AcDbLine
 10
84500.0
 20
3875.0
 30
0.0
 11
89000.0
 21
3875.0
 31
0.0
  0
LINE
  5
480
330
17
100
AcDbEntity
  8
S-BEAM
100
AcDbLine
 10
89000.0
 20
4125.0
 30
0.0
 11
93500.0
 21
4125.0
 31
0.0
  0
LINE
  5
481
330
17
100
AcDbEntity
  8
S-BEAM
100
AcDbLine
 10
89000.0
 20
3875.0
 30
0.0
 11
93500.0
 21
3875.0
 31
0.0
  0
LINE
  5
482
330
17
100
AcDbEntity
  8
S-BEAM
100
AcDbLine
 10
93500.0
 20
4125.0
 30
0.0
 11
98000.0
 21
4125.0
 31
0.0
  0
LINE
  5
483
330
17
100
AcDbEntity
  8
S-BEAM
100
AcDbLine
 10
93500.0
 20
3875.0
 30
0.0
 11
98000.0
 21
3875.0
 31
0.0
  0
LINE
  5
484
330
17
100
AcDbEntity
  8
S-BEAM
100
AcDbLine
 10
98000.0
 20
4125.0
 30
0.0
 11
102500.0
 21
4125.0
 31
0.0
  0
LINE
  5
485
330
17
100
AcDbEntity
  8
S-BEAM
100
AcDbLine
 10
98000.0
 20
3875.0
 30
0.0
 11
102500.0
 21
3875.0
 31
0.0
  0
LINE
  5
486
330
17
100
AcDbEntity
  8
S-BEAM
100
AcDbLine
 10
80000.0
 20
8125.0
 30
0.0
 11
84500.0
 21
8125.0
 31
0.0
  0
LINE
  5
487
330
17
100
AcDbEntity
  8
S-BEAM
100
AcDbLine
 10
80000.0
 20
7875.0
 30
0.0
 11
84500.0
 21
7875.0
 31
0.0
  0
LINE
  5
488
330
17
100
AcDbEntity
  8
S-BEAM
100
AcDbLine
 10
84500.0
 20
8125.0
 30
0.0
 11
89000.0
 21
8125.0
 31
0.0
  0
LINE
  5
489
330
17
100
AcDbEntity
  8
S-BEAM
100
AcDbLine
 10
84500.0
 20
7875.0
 30
0.0
 11
89000.0
 21
7875.0
 31
0.0
  0
LINE
  5
48A
330
17
100
AcDbEntity
  8
S-BEAM
100
AcDbLine
 10
89000.0
 20
8125.0
 30
0.0
 11
93500.0
 21
8125.0
 31
0.0
  0
LINE
  5
48B
330
17
100
AcDbEntity
  8
S-BEAM
100
AcDbLine
 10
89000.0
 20
7875.0
 30
0.0
 11
93500.0
 21
7875.0
 31
0.0
  0
LINE
  5
48C
330
17
100
AcDbEntity
  8
S-BEAM
100
AcDbLine
 10
93500.0
 20
8125.0
 30
0.0
 11
98000.0
 21
8125.0
 31
0.0
  0
LINE
  5
48D
330
17
100
AcDbEntity
  8
S-BEAM
100
AcDbLine
 10
93500.0
 20
7875.0
 30
0.0
 11
98000.0
 21
7875.0
 31
0.0
  0
LINE
  5
48E
330
17
100
AcDbEntity
  8
S-BEAM
100
AcDbLine
 10
98000.0
 20
8125.0
 30
0.0
 11
102500.0
 21
8125.0
 31
0.0
  0
LINE
  5
48F
330
17
100
AcDbEntity
  8
S-BEAM
100
AcDbLine
 10
98000.0
 20
7875.0
 30
0.0
 11
102500.0
 21
7875.0
 31
0.0
  0
LINE
  5
490
330
17
100
AcDbEntity
  8
S-BEAM
100
AcDbLine
 10
80000.0
 20
12125.0
 30
0.0
 11
84500.0
 21
12125.0
 31
0.0
  0
LINE
  5
491
330
17
100
AcDbEntity
  8
S-BEAM
100
AcDbLine
 10
80000.0
 20
11875.0
 30
0.0
 11
84500.0
 21
11875.0
 31
0.0
  0
LINE
  5
492
330
17
100
AcDbEntity
  8
S-BEAM
100
AcDbLine
 10
84500.0
 20
12125.0
 30
0.0
 11
89000.0
 21
12125.0
 31
0.0
  0
LINE
  5
493
330
17
100
AcDbEntity
  8
S-BEAM
100
AcDbLine
 10
84500.0
 20
11875.0
 30
0.0
 11
89000.0
 21
11875.0
 31
0.0
  0
LINE
  5
494
330
17
100
AcDbEntity
  8
S-BEAM
100
AcDbLine
 10
89000.0
 20
12125.0
 30
0.0
 11
93500.0
 21
12125.0
 31
0.0
  0
LINE
  5
495
330
17
100
AcDbEntity
  8
S-BEAM
100
AcDbLine
 10
89000.0
 20
11875.0
 30
0.0
 11
93500.0
 21
11875.0
 31
0.0
  0
LINE
  5
496
330
17
100
AcDbEntity
  8
S-BEAM
100
AcDbLine
 10
93500.0
 20
12125.0
 30
0.0
 11
98000.0
 21
12125.0
 31
0.0
  0
LINE
  5
497
330
17
100
AcDbEntity
  8
S-BEAM
100
AcDbLine
 10
93500.0
 20
11875.0
 30
0.0
 11
98000.0
 21
11875.0
 31
0.0
  0
LINE
  5
498
330
17
100
AcDbEntity
  8
S-BEAM
100
AcDbLine
 10
98000.0
 20
12125.0
 30
0.0
 11
102500.0
 21
12125.0
 31
0.0
  0
LINE
  5
499
330
17
100
AcDbEntity
  8
S-BEAM
100
AcDbLine
 10
98000.0
 20
11875.0
 30
0.0
 11
102500.0
 21
11875.0
 31
0.0
  0
LINE
  5
49A
330
17
100
AcDbEntity
  8
S-BEAM
100
AcDbLine
 10
80000.0
 20
16125.0
 30
0.0
 11
84500.0
 21
16125.0
 31
0.0
  0
LINE
  5
49B
330
17
100
AcDbEntity
  8
S-BEAM
100
AcDbLine
 10
80000.0
 20
15875.0
 30
0.0
 11
84500.0
 21
15875.0
 31
0.0
  0
LINE
  5
49C
330
17
100
AcDbEntity
  8
S-BEAM
100
AcDbLine
 10
84500.0
 20
16125.0
 30
0.0
 11
89000.0
 21
16125.0
 31
0.0
  0
LINE
  5
49D
330
17
100
AcDbEntity
  8
S-BEAM
100
AcDbLine
 10
84500.0
 20
15875.0
 30
0.0
 11
89000.0
 21
15875.0
 31
0.0
  0
LINE
  5
49E
330
17
100
AcDbEntity
  8
S-BEAM
100
AcDbLine
 10
89000.0
 20
16125.0
 30
0.0
 11
93500.0
 21
16125.0
 31
0.0
  0
LINE
  5
49F
330
17
100
AcDbEntity
  8
S-BEAM
100
AcDbLine
 10
89000.0
 20
15875.0
 30
0.0
 11
93500.0
 21
15875.0
 31
0.0
  0
LINE
  5
4A0
330
17
100
AcDbEntity
  8
S-BEAM
100
AcDbLine
 10
93500.0
 20
16125.0
 30
0.0
 11
98000.0
 21
16125.0
 31
0.0
  0
LINE
  5
4A1
330
17
100
AcDbEntity
  8
S-BEAM
100
AcDbLine
 10
93500.0
 20
15875.0
 30
0.0
 11
98000.0
 21
15875.0
 31
0.0
  0
LINE
  5
4A2
330
17
100
AcDbEntity
  8
S-BEAM
100
AcDbLine
 10
98000.0
 20
16125.0
 30
0.0
 11
102500.0
 21
16125.0
 31
0.0
  0
LINE
  5
4A3
330
17
100
AcDbEntity
  8
S-BEAM
100
AcDbLine
 10
98000.0
 20
15875.0
 30
0.0
 11
102500.0
 21
15875.0
 31
0.0
  0
LINE
  5
4A4
330
17
100
AcDbEntity
  8
S-BEAM
100
AcDbLine
 10
80000.0
 20
20125.0
 30
0.0
 11
84500.0
 21
20125.0
 31
0.0
  0
LINE
  5
4A5
330
17
100
AcDbEntity
  8
S-BEAM
100
AcDbLine
 10
80000.0
 20
19875.0
 30
0.0
 11
84500.0
 21
19875.0
 31
0.0
  0
LINE
  5
4A6
330
17
100
AcDbEntity
  8
S-BEAM
100
AcDbLine
 10
84500.0
 20
20125.0
 30
0.0
 11
89000.0
 21
20125.0
 31
0.0
  0
LINE
  5
4A7
330
17
100
AcDbEntity
  8
S-BEAM
100
AcDbLine
 10
84500.0
 20
19875.0
 30
0.0
 11
89000.0
 21
19875.0
 31
0.0
  0
LINE
  5
4A8
330
17
100
AcDbEntity
  8
S-BEAM
100
AcDbLine
 10
89000.0
 20
20125.0
 30
0.0
 11
93500.0
 21
20125.0
 31
0.0
  0
LINE
  5
4A9
330
17
100
AcDbEntity
  8
S-BEAM
100
AcDbLine
 10
89000.0
 20
19875.0
 30
0.0
 11
93500.0
 21
19875.0
 31
0.0
  0
LINE
  5
4AA
330
17
100
AcDbEntity
  8
S-BEAM
100
AcDbLine
 10
93500.0
 20
20125.0
 30
0.0
 11
98000.0
 21
20125.0
 31
0.0
  0
LINE
  5
4AB
330
17
100
AcDbEntity
  8
S-BEAM
100
AcDbLine
 10
93500.0
 20
19875.0
 30
0.0
 11
98000.0
 21
19875.0
 31
0.0
  0
LINE
  5
4AC
330
17
100
AcDbEntity
  8
S-BEAM
100
AcDbLine
 10
98000.0
 20
20125.0
 30
0.0
 11
102500.0
 21
20125.0
 31
0.0
  0
LINE
  5
4AD
330
17
100
AcDbEntity
  8
S-BEAM
100
AcDbLine
 10
98000.0
 20
19875.0
 30
0.0
 11
102500.0
 21
19875.0
 31
0.0
  0
LINE
  5
4AE
330
17
100
AcDbEntity
  8
S-BEAM
100
AcDbLine
 10
79875.0
 20
0.0
 30
0.0
 11
79875.0
 21
4000.0
 31
0.0
  0
LINE
  5
4AF
330
17
100
AcDbEntity
  8
S-BEAM
100
AcDbLine
 10
80125.0
 20
0.0
 30
0.0
 11
80125.0
 21
4000.0
 31
0.0
  0
LINE
  5
4B0
330
17
100
AcDbEntity
  8
S-BEAM
100
AcDbLine
 10
79875.0
 20
4000.0
 30
0.0
 11
79875.0
 21
8000.0
 31
0.0
  0
LINE
  5
4B1
330
17
100
AcDbEntity
  8
S-BEAM
100
AcDbLine
 10
80125.0
 20
4000.0
 30
0.0
 11
80125.0
 21
8000.0
 31
0.0
  0
LINE
  5
4B2
330
17
100
AcDbEntity
  8
S-BEAM
100
AcDbLine
 10
79875.0
 20
8000.0
 30
0.0
 11
79875.0
 21
12000.0
 31
0.0
  0
LINE
  5
4B3
330
17
100
AcDbEntity
  8
S-BEAM
100
AcDbLine
 10
80125.0
 20
8000.0
 30
0.0
 11
80125.0
 21
12000.0
 31
0.0
  0
LINE
  5
4B4
330
17
100
AcDbEntity
  8
S-BEAM
100
AcDbLine
 10
79875.0
 20
12000.0
 30
0.0
 11
79875.0
 21
16000.0
 31
0.0
  0
LINE
  5
4B5
330
17
100
AcDbEntity
  8
S-BEAM
100
AcDbLine
 10
80125.0
 20
12000.0
 30
0.0
 11
80125.0
 21
16000.0
 31
0.0
  0
LINE
  5
4B6
330
17
100
AcDbEntity
  8
S-BEAM
100
AcDbLine
 10
79875.0
 20
16000.0
 30
0.0
 11
79875.0
 21
20000.0
 31
0.0
  0
LINE
  5
4B7
330
17
100
AcDbEntity
  8
S-BEAM
100
AcDbLine
 10
80125.0
 20
16000.0
 30
0.0
 11
80125.0
 21
20000.0
 31
0.0
  0
LINE
  5
4B8
330
17
100
AcDbEntity
  8
S-BEAM
100
AcDbLine
 10
84375.0
 20
0.0
 30
0.0
 11
84375.0
 21
4000.0
 31
0.0
  0
LINE
  5
4B9
330
17
100
AcDbEntity
  8
S-BEAM
100
AcDbLine
 10
84625.0
 20
0.0
 30
0.0
 11
84625.0
 21
4000.0
 31
0.0
  0
LINE
  5
4BA
330
17
100
AcDbEntity
  8
S-BEAM
100
AcDbLine
 10
84375.0
 20
4000.0
 30
0.0
 11
84375.0
 21
8000.0
 31
0.0
  0
LINE
  5
4BB
330
17
100
AcDbEntity
  8
S-BEAM
100
AcDbLine
 10
84625.0
 20
4000.0
 30
0.0
 11
84625.0
 21
8000.0
 31
0.0
  0
LINE
  5
4BC
330
17
100
AcDbEntity
  8
S-BEAM
100
AcDbLine
 10
84375.0
 20
8000.0
 30
0.0
 11
84375.0
 21
12000.0
 31
0.0
  0
LINE
  5
4BD
330
17
100
AcDbEntity
  8
S-BEAM
100
AcDbLine
 10
84625.0
 20
8000.0
 30
0.0
 11
84625.0
 21
12000.0
 31
0.0
  0
LINE
  5
4BE
330
17
100
AcDbEntity
  8
S-BEAM
100
AcDbLine
 10
84375.0
 20
12000.0
 30
0.0
 11
84375.0
 21
16000.0
 31
0.0
  0
LINE
  5
4BF
330
17
100
AcDbEntity
  8
S-BEAM
100
AcDbLine
 10
84625.0
 20
12000.0
 30
0.0
 11
84625.0
 21
16000.0
 31
0.0
  0
LINE
  5
4C0
330
17
100
AcDbEntity
  8
S-BEAM
100
AcDbLine
 10
84375.0
 20
16000.0
 30
0.0
 11
84375.0
 21
20000.0
 31
0.0
  0
LINE
  5
4C1
330
17
100
AcDbEntity
  8
S-BEAM
100
AcDbLine
 10
84625.0
 20
16000.0
 30
0.0
 11
84625.0
 21
20000.0
 31
0.0
  0
LINE
  5
4C2
330
17
100
AcDbEntity
  8
S-BEAM
100
AcDbLine
 10
88875.0
 20
0.0
 30
0.0
 11
88875.0
 21
4000.0
 31
0.0
  0
LINE
  5
4C3
330
17
100
AcDbEntity
  8
S-BEAM
100
AcDbLine
 10
89125.0
 20
0.0
 30
0.0
 11
89125.0
 21
4000.0
 31
0.0
  0
LINE
  5
4C4
330
17
100
AcDbEntity
  8
S-BEAM
100
AcDbLine
 10
88875.0
 20
4000.0
 30
0.0
 11
88875.0
 21
8000.0
 31
0.0
  0
LINE
  5
4C5
330
17
100
AcDbEntity
  8
S-BEAM
100
AcDbLine
 10
89125.0
 20
4000.0
 30
0.0
 11
89125.0
 21
8000.0
 31
0.0
  0
LINE
  5
4C6
330
17
100
AcDbEntity
  8
S-BEAM
100
AcDbLine
 10
88875.0
 20
8000.0
 30
0.0
 11
88875.0
 21
12000.0
 31
0.0
  0
LINE
  5
4C7
330
17
100
AcDbEntity
  8
S-BEAM
100
AcDbLine
 10
89125.0
 20
8000.0
 30
0.0
 11
89125.0
 21
12000.0
 31
0.0
  0
LINE
  5
4C8
330
17
100
AcDbEntity
  8
S-BEAM
100
AcDbLine
 10
88875.0
 20
12000.0
 30
0.0
 11
88875.0
 21
16000.0
 31
0.0
  0
LINE
  5
4C9
330
17
100
AcDbEntity
  8
S-BEAM
100
AcDbLine
 10
89125.0
 20
12000.0
 30
0.0
 11
89125.0
 21
16000.0
 31
0.0
  0
LINE
  5
4CA
330
17
100
AcDbEntity
  8
S-BEAM
100
AcDbLine
 10
88875.0
 20
16000.0
 30
0.0
 11
88875.0
 21
20000.0
 31
0.0
  0
LINE
  5
4CB
330
17
100
AcDbEntity
  8
S-BEAM
100
AcDbLine
 10
89125.0
 20
16000.0
 30
0.0
 11
89125.0
 21
20000.0
 31
0.0
  0
LINE
  5
4CC
330
17
100
AcDbEntity
  8
S-BEAM
100
AcDbLine
 10
93375.0
 20
0.0
 30
0.0
 11
93375.0
 21
4000.0
 31
0.0
  0
LINE
  5
4CD
330
17
100
AcDbEntity
  8
S-BEAM
100
AcDbLine
 10
93625.0
 20
0.0
 30
0.0
 11
93625.0
 21
4000.0
 31
0.0
  0
LINE
  5
4CE
330
17
100
AcDbEntity
  8
S-BEAM
100
AcDbLine
 10
93375.0
 20
4000.0
 30
0.0
 11
93375.0
 21
8000.0
 31
0.0
  0
LINE
  5
4CF
330
17
100
AcDbEntity
  8
S-BEAM
100
AcDbLine
 10
93625.0
 20
4000.0
 30
0.0
 11
93625.0
 21
8000.0
 31
0.0
  0
LINE
  5
4D0
330
17
100
AcDbEntity
  8
S-BEAM
100
AcDbLine
 10
93375.0
 20
8000.0
 30
0.0
 11
93375.0
 21
12000.0
 31
0.0
  0
LINE
  5
4D1
330
17
100
AcDbEntity
  8
S-BEAM
100
AcDbLine
 10
93625.0
 20
8000.0
 30
0.0
 11
93625.0
 21
12000.0
 31
0.0
  0
LINE
  5
4D2
330
17
100
AcDbEntity
  8
S-BEAM
100
AcDbLine
 10
93375.0
 20
12000.0
 30
0.0
 11
93375.0
 21
16000.0
 31
0.0
  0
LINE
  5
4D3
330
17
100
AcDbEntity
  8
S-BEAM
100
AcDbLine
 10
93625.0
 20
12000.0
 30
0.0
 11
93625.0
 21
16000.0
 31
0.0
  0
LINE
  5
4D4
330
17
100
AcDbEntity
  8
S-BEAM
100
AcDbLine
 10
93375.0
 20
16000.0
 30
0.0
 11
93375.0
 21
20000.0
 31
0.0
  0
LINE
  5
4D5
330
17
100
AcDbEntity
  8
S-BEAM
100
AcDbLine
 10
93625.0
 20
16000.0
 30
0.0
 11
93625.0
 21
20000.0
 31
0.0
  0
LINE
  5
4D6
330
17
100
AcDbEntity
  8
S-BEAM
100
AcDbLine
 10
97875.0
 20
0.0
 30
0.0
 11
97875.0
 21
4000.0
 31
0.0
  0
LINE
  5
4D7
330
17
100
AcDbEntity
  8
S-BEAM
100
AcDbLine
 10
98125.0
 20
0.0
 30
0.0
 11
98125.0
 21
4000.0
 31
0.0
  0
LINE
  5
4D8
330
17
100
AcDbEntity
  8
S-BEAM
100
AcDbLine
 10
97875.0
 20
4000.0
 30
0.0
 11
97875.0
 21
8000.0
 31
0.0
  0
LINE
  5
4D9
330
17
100
AcDbEntity
  8
S-BEAM
100
AcDbLine
 10
98125.0
 20
4000.0
 30
0.0
 11
98125.0
 21
8000.0
 31
0.0
  0
LINE
  5
4DA
330
17
100
AcDbEntity
  8
S-BEAM
100
AcDbLine
 10
97875.0
 20
8000.0
 30
0.0
 11
97875.0
 21
12000.0
 31
0.0
  0
LINE
  5
4DB
330
17
100
AcDbEntity
  8
S-BEAM
100
AcDbLine
 10
98125.0
 20
8000.0
 30
0.0
 11
98125.0
 21
12000.0
 31
0.0
  0
LINE
  5
4DC
330
17
100
AcDbEntity
  8
S-BEAM
100
AcDbLine
 10
97875.0
 20
12000.0
 30
0.0
 11
97875.0
 21
16000.0
 31
0.0
  0
LINE
  5
4DD
330
17
100
AcDbEntity
  8
S-BEAM
100
AcDbLine
 10
98125.0
 20
12000.0
 30
0.0
 11
98125.0
 21
16000.0
 31
0.0
  0
LINE
  5
4DE
330
17
100
AcDbEntity
  8
S-BEAM
100
AcDbLine
 10
97875.0
 20
16000.0
 30
0.0
 11
97875.0
 21
20000.0
 31
0.0
  0
LINE
  5
4DF
330
17
100
AcDbEntity
  8
S-BEAM
100
AcDbLine
 10
98125.0
 20
16000.0
 30
0.0
 11
98125.0
 21
20000.0
 31
0.0
  0
LINE
  5
4E0
330
17
100
AcDbEntity
  8
S-BEAM
100
AcDbLine
 10
102375.0
 20
0.0
 30
0.0
 11
102375.0
 21
4000.0
 31
0.0
  0
LINE
  5
4E1
330
17
100
AcDbEntity
  8
S-BEAM
100
AcDbLine
 10
102625.0
 20
0.0
 30
0.0
 11
102625.0
 21
4000.0
 31
0.0
  0
LINE
  5
4E2
330
17
100
AcDbEntity
  8
S-BEAM
100
AcDbLine
 10
102375.0
 20
4000.0
 30
0.0
 11
102375.0
 21
8000.0
 31
0.0
  0
LINE
  5
4E3
330
17
100
AcDbEntity
  8
S-BEAM
100
AcDbLine
 10
102625.0
 20
4000.0
 30
0.0
 11
102625.0
 21
8000.0
 31
0.0
  0
LINE
  5
4E4
330
17
100
AcDbEntity
  8
S-BEAM
100
AcDbLine
 10
102375.0
 20
8000.0
 30
0.0
 11
102375.0
 21
12000.0
 31
0.0
  0
LINE
  5
4E5
330
17
100
AcDbEntity
  8
S-BEAM
100
AcDbLine
 10
102625.0
 20
8000.0
 30
0.0
 11
102625.0
 21
12000.0
 31
0.0
  0
LINE
  5
4E6
330
17
100
AcDbEntity
  8
S-BEAM
100
AcDbLine
 10
102375.0
 20
12000.0
 30
0.0
 11
102375.0
 21
16000.0
 31
0.0
  0
LINE
  5
4E7
330
17
100
AcDbEntity
  8
S-BEAM
100
AcDbLine
 10
102625.0
 20
12000.0
 30
0.0
 11
102625.0
 21
16000.0
 31
0.0
  0
LINE
  5
4E8
330
17
100
AcDbEntity
  8
S-BEAM
100
AcDbLine
 10
102375.0
 20
16000.0
 30
0.0
 11
102375.0
 21
20000.0
 31
0.0
  0
LINE
  5
4E9
330
17
100
AcDbEntity
  8
S-BEAM
100
AcDbLine
 10
102625.0
 20
16000.0
 30
0.0
 11
102625.0
 21
20000.0
 31
0.0
  0
LWPOLYLINE
  5
4EA
330
17
100
AcDbEntity
  8
S-COLS
100
AcDbPolyline
 90
4
 70
1
 10
88800.0
 20
7700.0
 10
89200.0
 20
7700.0
 10
89200.0
 20
8300.0
 10
88800.0
 20
8300.0
  0
TEXT
  5
4EB
330
17
100
AcDbEntity
  8
S-TEXT
100
AcDbText
 10
89350.0
 20
8400.0
 30
0.0
 40
300.0
  1
C4
 11
89350.0
 21
8400.0
 31
0.0
100
AcDbText
  0
LWPOLYLINE
  5
4EC
330
17
100
AcDbEntity
  8
S-COLS
100
AcDbPolyline
 90
4
 70
1
 10
93300.0
 20
7700.0
 10
93700.0
 20
7700.0
 10
93700.0
 20
8300.0
 10
93300.0
 20
8300.0
  0
TEXT
  5
4ED
330
17
100
AcDbEntity
  8
S-TEXT
100
AcDbText
 10
93850.0
 20
8400.0
 30
0.0
 40
300.0
  1
C4
 11
93850.0
 21
8400.0
 31
0.0
100
AcDbText
  0
LWPOLYLINE
  5
4EE
330
17
100
AcDbEntity
  8
S-COLS
100
AcDbPolyline
 90
4
 70
1
 10
88800.0
 20
11700.0
 10
89200.0
 20
11700.0
 10
89200.0
 20
12300.0
 10
88800.0
 20
12300.0
  0
TEXT
  5
4EF
330
17
100
AcDbEntity
  8
S-TEXT
100
AcDbText
 10
89350.0
 20
12400.0
 30
0.0
 40
300.0
  1
C4
 11
89350.0
 21
12400.0
 31
0.0
100
AcDbText
  0
LWPOLYLINE
  5
4F0
330
17
100
AcDbEntity
  8
S-COLS
100
AcDbPolyline
 90
4
 70
1
 10
93300.0
 20
11700.0
 10
93700.0
 20
11700.0
 10
93700.0
 20
12300.0
 10
93300.0
 20
12300.0
  0
TEXT
  5
4F1
330
17
100
AcDbEntity
  8
S-TEXT
100
AcDbText
 10
93850.0
 20
12400.0
 30
0.0
 40
300.0
  1
C4
 11
93850.0
 21
12400.0
 31
0.0
100
AcDbText
  0
LWPOLYLINE
  5
4F2
330
17
100
AcDbEntity
  8
S-SLAB
100
AcDbPolyline
 90
4
 70
1
 10
89500.0
 20
8500.0
 10
91500.0
 20
8500.0
 10
91500.0
 20
10500.0
 10
89500.0
 20
10500.0
  0
TEXT
  5
4F3
330
17
100
AcDbEntity
  8
S-TEXT
100
AcDbText
 10
90500.0
 20
9500.0
 30
0.0
 40
250.0
  1
STAIR OPENING
 72
1
 11
90500.0
 21
9500.0
 31
0.0
100
AcDbText
 73
2
  0
LWPOLYLINE
  5
4F4
330
17
100
AcDbEntity
  8
S-SLAB
100
AcDbPolyline
 90
4
 70
1
 10
89000.0
 20
8000.0
 10
95000.0
 20
8000.0
 10
95000.0
 20
13000.0
 10
89000.0
 20
13000.0
  0
TEXT
  5
4F5
330
17
100
AcDbEntity
  8
S-TEXT
100
AcDbText
 10
92000.0
 20
13300.0
 30
0.0
 40
300.0
  1
MACHINE ROOM OVER
 72
1
 11
92000.0
 21
13300.0
 31
0.0
100
AcDbText
 73
2
  0
TEXT
  5
4F6
330
17
100
AcDbEntity
  8
S-TEXT
100
AcDbText
 10
91250.0
 20
-3600.0
 30
0.0
 40
600.0
  1
ROOF PLAN
 72
1
 11
91250.0
 21
-3600.0
 31
0.0
100
AcDbText
 73
2
  0
TEXT
  5
4F7
330
17
100
AcDbEntity
  8
S-TEXT
100
AcDbText
 10
91250.0
 20
-4500.0
 30
0.0
 40
350.0
  1
ROOF SLAB 150 THK AT +18.000  |  B1 TO B4 AT ROOF
 72
1
 11
91250.0
 21
-4500.0
 31
0.0
100
AcDbText
 73
2
  0
TEXT
  5
4F8
330
17
100
AcDbEntity
  8
S-TEXT
100
AcDbText
 10
7300.0
 20
-38800.0
 30
0.0
 40
600.0
  1
COLUMN SCHEDULE
 72
1
 11
7300.0
 21
-38800.0
 31
0.0
100
AcDbText
 73
2
  0
LINE
  5
4F9
330
17
100
AcDbEntity
  8
S-LINE
100
AcDbLine
 10
0.0
 20
-40000.0
 30
0.0
 11
14600.0
 21
-40000.0
 31
0.0
  0
LINE
  5
4FA
330
17
100
AcDbEntity
  8
S-LINE
100
AcDbLine
 10
0.0
 20
-40900.0
 30
0.0
 11
14600.0
 21
-40900.0
 31
0.0
  0
LINE
  5
4FB
330
17
100
AcDbEntity
  8
S-LINE
100
AcDbLine
 10
0.0
 20
-41800.0
 30
0.0
 11
14600.0
 21
-41800.0
 31
0.0
  0
LINE
  5
4FC
330
17
100
AcDbEntity
  8
S-LINE
100
AcDbLine
 10
0.0
 20
-42700.0
 30
0.0
 11
14600.0
 21
-42700.0
 31
0.0
  0
LINE
  5
4FD
330
17
100
AcDbEntity
  8
S-LINE
100
AcDbLine
 10
0.0
 20
-43600.0
 30
0.0
 11
14600.0
 21
-43600.0
 31
0.0
  0
LINE
  5
4FE
330
17
100
AcDbEntity
  8
S-LINE
100
AcDbLine
 10
0.0
 20
-44500.0
 30
0.0
 11
14600.0
 21
-44500.0
 31
0.0
  0
LINE
  5
4FF
330
17
100
AcDbEntity
  8
S-LINE
100
AcDbLine
 10
0.0
 20
-40000.0
 30
0.0
 11
0.0
 21
-44500.0
 31
0.0
  0
LINE
  5
500
330
17
100
AcDbEntity
  8
S-LINE
100
AcDbLine
 10
1800.0
 20
-40000.0
 30
0.0
 11
1800.0
 21
-44500.0
 31
0.0
  0
LINE
  5
501
330
17
100
AcDbEntity
  8
S-LINE
100
AcDbLine
 10
5000.0
 20
-40000.0
 30
0.0
 11
5000.0
 21
-44500.0
 31
0.0
  0
LINE
  5
502
330
17
100
AcDbEntity
  8
S-LINE
100
AcDbLine
 10
8000.0
 20
-40000.0
 30
0.0
 11
8000.0
 21
-44500.0
 31
0.0
  0
LINE
  5
503
330
17
100
AcDbEntity
  8
S-LINE
100
AcDbLine
 10
10600.0
 20
-40000.0
 30
0.0
 11
10600.0
 21
-44500.0
 31
0.0
  0
LINE
  5
504
330
17
100
AcDbEntity
  8
S-LINE
100
AcDbLine
 10
13200.0
 20
-40000.0
 30
0.0
 11
13200.0
 21
-44500.0
 31
0.0
  0
LINE
  5
505
330
17
100
AcDbEntity
  8
S-LINE
100
AcDbLine
 10
14600.0
 20
-40000.0
 30
0.0
 11
14600.0
 21
-44500.0
 31
0.0
  0
TEXT
  5
506
330
17
100
AcDbEntity
  8
S-TEXT
100
AcDbText
 10
200.0
 20
-40600.0
 30
0.0
 40
320.0
  1
MARK
 11
200.0
 21
-40600.0
 31
0.0
100
AcDbText
  0
TEXT
  5
507
330
17
100
AcDbEntity
  8
S-TEXT
100
AcDbText
 10
2000.0
 20
-40600.0
 30
0.0
 40
320.0
  1
SIZE b x d (mm)
 11
2000.0
 21
-40600.0
 31
0.0
100
AcDbText
  0
TEXT
  5
508
330
17
100
AcDbEntity
  8
S-TEXT
100
AcDbText
 10
5200.0
 20
-40600.0
 30
0.0
 40
320.0
  1
LEVELS
 11
5200.0
 21
-40600.0
 31
0.0
100
AcDbText
  0
TEXT
  5
509
330
17
100
AcDbEntity
  8
S-TEXT
100
AcDbText
 10
8200.0
 20
-40600.0
 30
0.0
 40
320.0
  1
MAIN BARS
 11
8200.0
 21
-40600.0
 31
0.0
100
AcDbText
  0
TEXT
  5
50A
330
17
100
AcDbEntity
  8
S-TEXT
100
AcDbText
 10
10800.0
 20
-40600.0
 30
0.0
 40
320.0
  1
LINKS
 11
10800.0
 21
-40600.0
 31
0.0
100
AcDbText
  0
TEXT
  5
50B
330
17
100
AcDbEntity
  8
S-TEXT
100
AcDbText
 10
13400.0
 20
-40600.0
 30
0.0
 40
320.0
  1
NOS
 11
13400.0
 21
-40600.0
 31
0.0
100
AcDbText
  0
TEXT
  5
50C
330
17
100
AcDbEntity
  8
S-TEXT
100
AcDbText
 10
200.0
 20
-41500.0
 30
0.0
 40
320.0
  1
C1
 11
200.0
 21
-41500.0
 31
0.0
100
AcDbText
  0
TEXT
  5
50D
330
17
100
AcDbEntity
  8
S-TEXT
100
AcDbText
 10
2000.0
 20
-41500.0
 30
0.0
 40
320.0
  1
300 x 300
 11
2000.0
 21
-41500.0
 31
0.0
100
AcDbText
  0
TEXT
  5
50E
330
17
100
AcDbEntity
  8
S-TEXT
100
AcDbText
 10
5200.0
 20
-41500.0
 30
0.0
 40
320.0
  1
GF TO 5F
 11
5200.0
 21
-41500.0
 31
0.0
100
AcDbText
  0
TEXT
  5
50F
330
17
100
AcDbEntity
  8
S-TEXT
100
AcDbText
 10
8200.0
 20
-41500.0
 30
0.0
 40
320.0
  1
8-T16
 11
8200.0
 21
-41500.0
 31
0.0
100
AcDbText
  0
TEXT
  5
510
330
17
100
AcDbEntity
  8
S-TEXT
100
AcDbText
 10
10800.0
 20
-41500.0
 30
0.0
 40
320.0
  1
T8 @ 150
 11
10800.0
 21
-41500.0
 31
0.0
100
AcDbText
  0
TEXT
  5
511
330
17
100
AcDbEntity
  8
S-TEXT
100
AcDbText
 10
13400.0
 20
-41500.0
 30
0.0
 40
320.0
  1
4
 11
13400.0
 21
-41500.0
 31
0.0
100
AcDbText
  0
TEXT
  5
512
330
17
100
AcDbEntity
  8
S-TEXT
100
AcDbText
 10
200.0
 20
-42400.0
 30
0.0
 40
320.0
  1
C2
 11
200.0
 21
-42400.0
 31
0.0
100
AcDbText
  0
TEXT
  5
513
330
17
100
AcDbEntity
  8
S-TEXT
100
AcDbText
 10
2000.0
 20
-42400.0
 30
0.0
 40
320.0
  1
300 x 450
 11
2000.0
 21
-42400.0
 31
0.0
100
AcDbText
  0
TEXT
  5
514
330
17
100
AcDbEntity
  8
S-TEXT
100
AcDbText
 10
5200.0
 20
-42400.0
 30
0.0
 40
320.0
  1
GF TO 5F
 11
5200.0
 21
-42400.0
 31
0.0
100
AcDbText
  0
TEXT
  5
515
330
17
100
AcDbEntity
  8
S-TEXT
100
AcDbText
 10
8200.0
 20
-42400.0
 30
0.0
 40
320.0
  1
8-T20
 11
8200.0
 21
-42400.0
 31
0.0
100
AcDbText
  0
TEXT
  5
516
330
17
100
AcDbEntity
  8
S-TEXT
100
AcDbText
 10
10800.0
 20
-42400.0
 30
0.0
 40
320.0
  1
T8 @ 150
 11
10800.0
 21
-42400.0
 31
0.0
100
AcDbText
  0
TEXT
  5
517
330
17
100
AcDbEntity
  8
S-TEXT
100
AcDbText
 10
13400.0
 20
-42400.0
 30
0.0
 40
320.0
  1
16
 11
13400.0
 21
-42400.0
 31
0.0
100
AcDbText
  0
TEXT
  5
518
330
17
100
AcDbEntity
  8
S-TEXT
100
AcDbText
 10
200.0
 20
-43300.0
 30
0.0
 40
320.0
  1
C3
 11
200.0
 21
-43300.0
 31
0.0
100
AcDbText
  0
TEXT
  5
519
330
17
100
AcDbEntity
  8
S-TEXT
100
AcDbText
 10
2000.0
 20
-43300.0
 30
0.0
 40
320.0
  1
350 x 500
 11
2000.0
 21
-43300.0
 31
0.0
100
AcDbText
  0
TEXT
  5
51A
330
17
100
AcDbEntity
  8
S-TEXT
100
AcDbText
 10
5200.0
 20
-43300.0
 30
0.0
 40
320.0
  1
GF TO 5F
 11
5200.0
 21
-43300.0
 31
0.0
100
AcDbText
  0
TEXT
  5
51B
330
17
100
AcDbEntity
  8
S-TEXT
100
AcDbText
 10
8200.0
 20
-43300.0
 30
0.0
 40
320.0
  1
10-T20
 11
8200.0
 21
-43300.0
 31
0.0
100
AcDbText
  0
TEXT
  5
51C
330
17
100
AcDbEntity
  8
S-TEXT
100
AcDbText
 10
10800.0
 20
-43300.0
 30
0.0
 40
320.0
  1
T8 @ 125
 11
10800.0
 21
-43300.0
 31
0.0
100
AcDbText
  0
TEXT
  5
51D
330
17
100
AcDbEntity
  8
S-TEXT
100
AcDbText
 10
13400.0
 20
-43300.0
 30
0.0
 40
320.0
  1
12
 11
13400.0
 21
-43300.0
 31
0.0
100
AcDbText
  0
TEXT
  5
51E
330
17
100
AcDbEntity
  8
S-TEXT
100
AcDbText
 10
200.0
 20
-44200.0
 30
0.0
 40
320.0
  1
C4
 11
200.0
 21
-44200.0
 31
0.0
100
AcDbText
  0
TEXT
  5
51F
330
17
100
AcDbEntity
  8
S-TEXT
100
AcDbText
 10
2000.0
 20
-44200.0
 30
0.0
 40
320.0
  1
400 x 600
 11
2000.0
 21
-44200.0
 31
0.0
100
AcDbText
  0
TEXT
  5
520
330
17
100
AcDbEntity
  8
S-TEXT
100
AcDbText
 10
5200.0
 20
-44200.0
 30
0.0
 40
320.0
  1
GF TO ROOF
 11
5200.0
 21
-44200.0
 31
0.0
100
AcDbText
  0
TEXT
  5
521
330
17
100
AcDbEntity
  8
S-TEXT
100
AcDbText
 10
8200.0
 20
-44200.0
 30
0.0
 40
320.0
  1
12-T25
 11
8200.0
 21
-44200.0
 31
0.0
100
AcDbText
  0
TEXT
  5
522
330
17
100
AcDbEntity
  8
S-TEXT
100
AcDbText
 10
10800.0
 20
-44200.0
 30
0.0
 40
320.0
  1
T10 @ 100
 11
10800.0
 21
-44200.0
 31
0.0
100
AcDbText
  0
TEXT
  5
523
330
17
100
AcDbEntity
  8
S-TEXT
100
AcDbText
 10
13400.0
 20
-44200.0
 30
0.0
 40
320.0
  1
4
 11
13400.0
 21
-44200.0
 31
0.0
100
AcDbText
  0
TEXT
  5
524
330
17
100
AcDbEntity
  8
S-TEXT
100
AcDbText
 10
0.0
 20
-46500.0
 30
0.0
 40
320.0
  1
ALL COLUMNS M25 CONCRETE, Fe500 BARS, 40 mm CLEAR COVER
 11
0.0
 21
-46500.0
 31
0.0
100
AcDbText
  0
TEXT
  5
525
330
17
100
AcDbEntity
  8
S-TEXT
100
AcDbText
 10
49400.0
 20
-38800.0
 30
0.0
 40
600.0
  1
BEAM SCHEDULE
 72
1
 11
49400.0
 21
-38800.0
 31
0.0
100
AcDbText
 73
2
  0
LINE
  5
526
330
17
100
AcDbEntity
  8
S-LINE
100
AcDbLine
 10
40000.0
 20
-40000.0
 30
0.0
 11
58800.0
 21
-40000.0
 31
0.0
  0
LINE
  5
527
330
17
100
AcDbEntity
  8
S-LINE
100
AcDbLine
 10
40000.0
 20
-40900.0
 30
0.0
 11
58800.0
 21
-40900.0
 31
0.0
  0
LINE
  5
528
330
17
100
AcDbEntity
  8
S-LINE
100
AcDbLine
 10
40000.0
 20
-41800.0
 30
0.0
 11
58800.0
 21
-41800.0
 31
0.0
  0
LINE
  5
529
330
17
100
AcDbEntity
  8
S-LINE
100
AcDbLine
 10
40000.0
 20
-42700.0
 30
0.0
 11
58800.0
 21
-42700.0
 31
0.0
  0
LINE
  5
52A
330
17
100
AcDbEntity
  8
S-LINE
100
AcDbLine
 10
40000.0
 20
-43600.0
 30
0.0
 11
58800.0
 21
-43600.0
 31
0.0
  0
LINE
  5
52B
330
17
100
AcDbEntity
  8
S-LINE
100
AcDbLine
 10
40000.0
 20
-44500.0
 30
0.0
 11
58800.0
 21
-44500.0
 31
0.0
  0
LINE
  5
52C
330
17
100
AcDbEntity
  8
S-LINE
100
AcDbLine
 10
40000.0
 20
-45400.0
 30
0.0
 11
58800.0
 21
-45400.0
 31
0.0
  0
LINE
  5
52D
330
17
100
AcDbEntity
  8
S-LINE
100
AcDbLine
 10
40000.0
 20
-46300.0
 30
0.0
 11
58800.0
 21
-46300.0
 31
0.0
  0
LINE
  5
52E
330
17
100
AcDbEntity
  8
S-LINE
100
AcDbLine
 10
40000.0
 20
-47200.0
 30
0.0
 11
58800.0
 21
-47200.0
 31
0.0
  0
LINE
  5
52F
330
17
100
AcDbEntity
  8
S-LINE
100
AcDbLine
 10
40000.0
 20
-48100.0
 30
0.0
 11
58800.0
 21
-48100.0
 31
0.0
  0
LINE
  5
530
330
17
100
AcDbEntity
  8
S-LINE
100
AcDbLine
 10
40000.0
 20
-40000.0
 30
0.0
 11
40000.0
 21
-48100.0
 31
0.0
  0
LINE
  5
531
330
17
100
AcDbEntity
  8
S-LINE
100
AcDbLine
 10
41800.0
 20
-40000.0
 30
0.0
 11
41800.0
 21
-48100.0
 31
0.0
  0
LINE
  5
532
330
17
100
AcDbEntity
  8
S-LINE
100
AcDbLine
 10
45000.0
 20
-40000.0
 30
0.0
 11
45000.0
 21
-48100.0
 31
0.0
  0
LINE
  5
533
330
17
100
AcDbEntity
  8
S-LINE
100
AcDbLine
 10
46800.0
 20
-40000.0
 30
0.0
 11
46800.0
 21
-48100.0
 31
0.0
  0
LINE
  5
534
330
17
100
AcDbEntity
  8
S-LINE
100
AcDbLine
 10
49400.0
 20
-40000.0
 30
0.0
 11
49400.0
 21
-48100.0
 31
0.0
  0
LINE
  5
535
330
17
100
AcDbEntity
  8
S-LINE
100
AcDbLine
 10
53400.0
 20
-40000.0
 30
0.0
 11
53400.0
 21
-48100.0
 31
0.0
  0
LINE
  5
536
330
17
100
AcDbEntity
  8
S-LINE
100
AcDbLine
 10
55800.0
 20
-40000.0
 30
0.0
 11
55800.0
 21
-48100.0
 31
0.0
  0
LINE
  5
537
330
17
100
AcDbEntity
  8
S-LINE
100
AcDbLine
 10
58800.0
 20
-40000.0
 30
0.0
 11
58800.0
 21
-48100.0
 31
0.0
  0
TEXT
  5
538
330
17
100
AcDbEntity
  8
S-TEXT
100
AcDbText
 10
40200.0
 20
-40600.0
 30
0.0
 40
320.0
  1
MARK
 11
40200.0
 21
-40600.0
 31
0.0
100
AcDbText
  0
TEXT
  5
539
330
17
100
AcDbEntity
  8
S-TEXT
100
AcDbText
 10
42000.0
 20
-40600.0
 30
0.0
 40
320.0
  1
SIZE b x d (mm)
 11
42000.0
 21
-40600.0
 31
0.0
100
AcDbText
  0
TEXT
  5
53A
330
17
100
AcDbEntity
  8
S-TEXT
100
AcDbText
 10
45200.0
 20
-40600.0
 30
0.0
 40
320.0
  1
SPAN
 11
45200.0
 21
-40600.0
 31
0.0
100
AcDbText
  0
TEXT
  5
53B
330
17
100
AcDbEntity
  8
S-TEXT
100
AcDbText
 10
47000.0
 20
-40600.0
 30
0.0
 40
320.0
  1
LEVELS
 11
47000.0
 21
-40600.0
 31
0.0
100
AcDbText
  0
TEXT
  5
53C
330
17
100
AcDbEntity
  8
S-TEXT
100
AcDbText
 10
49600.0
 20
-40600.0
 30
0.0
 40
320.0
  1
BARS
 11
49600.0
 21
-40600.0
 31
0.0
100
AcDbText
  0
TEXT
  5
53D
330
17
100
AcDbEntity
  8
S-TEXT
100
AcDbText
 10
53600.0
 20
-40600.0
 30
0.0
 40
320.0
  1
STIRRUPS
 11
53600.0
 21
-40600.0
 31
0.0
100
AcDbText
  0
TEXT
  5
53E
330
17
100
AcDbEntity
  8
S-TEXT
100
AcDbText
 10
56000.0
 20
-40600.0
 30
0.0
 40
320.0
  1
NOS PER LEVEL
 11
56000.0
 21
-40600.0
 31
0.0
100
AcDbText
  0
TEXT
  5
53F
330
17
100
AcDbEntity
  8
S-TEXT
100
AcDbText
 10
40200.0
 20
-41500.0
 30
0.0
 40
320.0
  1
B1
 11
40200.0
 21
-41500.0
 31
0.0
100
AcDbText
  0
TEXT
  5
540
330
17
100
AcDbEntity
  8
S-TEXT
100
AcDbText
 10
42000.0
 20
-41500.0
 30
0.0
 40
320.0
  1
250 x 450
 11
42000.0
 21
-41500.0
 31
0.0
100
AcDbText
  0
TEXT
  5
541
330
17
100
AcDbEntity
  8
S-TEXT
100
AcDbText
 10
45200.0
 20
-41500.0
 30
0.0
 40
320.0
  1
4.5 m
 11
45200.0
 21
-41500.0
 31
0.0
100
AcDbText
  0
TEXT
  5
542
330
17
100
AcDbEntity
  8
S-TEXT
100
AcDbText
 10
47000.0
 20
-41500.0
 30
0.0
 40
320.0
  1
1F TO ROOF
 11
47000.0
 21
-41500.0
 31
0.0
100
AcDbText
  0
TEXT
  5
543
330
17
100
AcDbEntity
  8
S-TEXT
100
AcDbText
 10
49600.0
 20
-41500.0
 30
0.0
 40
320.0
  1
3-T16 T / 3-T16 B
 11
49600.0
 21
-41500.0
 31
0.0
100
AcDbText
  0
TEXT
  5
544
330
17
100
AcDbEntity
  8
S-TEXT
100
AcDbText
 10
53600.0
 20
-41500.0
 30
0.0
 40
320.0
  1
T8 @ 150
 11
53600.0
 21
-41500.0
 31
0.0
100
AcDbText
  0
TEXT
  5
545
330
17
100
AcDbEntity
  8
S-TEXT
100
AcDbText
 10
56000.0
 20
-41500.0
 30
0.0
 40
320.0
  1
10
 11
56000.0
 21
-41500.0
 31
0.0
100
AcDbText
  0
TEXT
  5
546
330
17
100
AcDbEntity
  8
S-TEXT
100
AcDbText
 10
40200.0
 20
-42400.0
 30
0.0
 40
320.0
  1
B2
 11
40200.0
 21
-42400.0
 31
0.0
100
AcDbText
  0
TEXT
  5
547
330
17
100
AcDbEntity
  8
S-TEXT
100
AcDbText
 10
42000.0
 20
-42400.0
 30
0.0
 40
320.0
  1
250 x 500
 11
42000.0
 21
-42400.0
 31
0.0
100
AcDbText
  0
TEXT
  5
548
330
17
100
AcDbEntity
  8
S-TEXT
100
AcDbText
 10
45200.0
 20
-42400.0
 30
0.0
 40
320.0
  1
4.5 m
 11
45200.0
 21
-42400.0
 31
0.0
100
AcDbText
  0
TEXT
  5
549
330
17
100
AcDbEntity
  8
S-TEXT
100
AcDbText
 10
47000.0
 20
-42400.0
 30
0.0
 40
320.0
  1
1F TO ROOF
 11
47000.0
 21
-42400.0
 31
0.0
100
AcDbText
  0
TEXT
  5
54A
330
17
100
AcDbEntity
  8
S-TEXT
100
AcDbText
 10
49600.0
 20
-42400.0
 30
0.0
 40
320.0
  1
3-T16 T / 4-T16 B
 11
49600.0
 21
-42400.0
 31
0.0
100
AcDbText
  0
TEXT
  5
54B
330
17
100
AcDbEntity
  8
S-TEXT
100
AcDbText
 10
53600.0
 20
-42400.0
 30
0.0
 40
320.0
  1
T8 @ 150
 11
53600.0
 21
-42400.0
 31
0.0
100
AcDbText
  0
TEXT
  5
54C
330
17
100
AcDbEntity
  8
S-TEXT
100
AcDbText
 10
56000.0
 20
-42400.0
 30
0.0
 40
320.0
  1
20
 11
56000.0
 21
-42400.0
 31
0.0
100
AcDbText
  0
TEXT
  5
54D
330
17
100
AcDbEntity
  8
S-TEXT
100
AcDbText
 10
40200.0
 20
-43300.0
 30
0.0
 40
320.0
  1
B3
 11
40200.0
 21
-43300.0
 31
0.0
100
AcDbText
  0
TEXT
  5
54E
330
17
100
AcDbEntity
  8
S-TEXT
100
AcDbText
 10
42000.0
 20
-43300.0
 30
0.0
 40
320.0
  1
250 x 450
 11
42000.0
 21
-43300.0
 31
0.0
100
AcDbText
  0
TEXT
  5
54F
330
17
100
AcDbEntity
  8
S-TEXT
100
AcDbText
 10
45200.0
 20
-43300.0
 30
0.0
 40
320.0
  1
4.0 m
 11
45200.0
 21
-43300.0
 31
0.0
100
AcDbText
  0
TEXT
  5
550
330
17
100
AcDbEntity
  8
S-TEXT
100
AcDbText
 10
47000.0
 20
-43300.0
 30
0.0
 40
320.0
  1
1F TO ROOF
 11
47000.0
 21
-43300.0
 31
0.0
100
AcDbText
  0
TEXT
  5
551
330
17
100
AcDbEntity
  8
S-TEXT
100
AcDbText
 10
49600.0
 20
-43300.0
 30
0.0
 40
320.0
  1
3-T16 T / 3-T16 B
 11
49600.0
 21
-43300.0
 31
0.0
100
AcDbText
  0
TEXT
  5
552
330
17
100
AcDbEntity
  8
S-TEXT
100
AcDbText
 10
53600.0
 20
-43300.0
 30
0.0
 40
320.0
  1
T8 @ 150
 11
53600.0
 21
-43300.0
 31
0.0
100
AcDbText
  0
TEXT
  5
553
330
17
100
AcDbEntity
  8
S-TEXT
100
AcDbText
 10
56000.0
 20
-43300.0
 30
0.0
 40
320.0
  1
10
 11
56000.0
 21
-43300.0
 31
0.0
100
AcDbText
  0
TEXT
  5
554
330
17
100
AcDbEntity
  8
S-TEXT
100
AcDbText
 10
40200.0
 20
-44200.0
 30
0.0
 40
320.0
  1
B4
 11
40200.0
 21
-44200.0
 31
0.0
100
AcDbText
  0
TEXT
  5
555
330
17
100
AcDbEntity
  8
S-TEXT
100
AcDbText
 10
42000.0
 20
-44200.0
 30
0.0
 40
320.0
  1
250 x 500
 11
42000.0
 21
-44200.0
 31
0.0
100
AcDbText
  0
TEXT
  5
556
330
17
100
AcDbEntity
  8
S-TEXT
100
AcDbText
 10
45200.0
 20
-44200.0
 30
0.0
 40
320.0
  1
4.0 m
 11
45200.0
 21
-44200.0
 31
0.0
100
AcDbText
  0
TEXT
  5
557
330
17
100
AcDbEntity
  8
S-TEXT
100
AcDbText
 10
47000.0
 20
-44200.0
 30
0.0
 40
320.0
  1
1F TO ROOF
 11
47000.0
 21
-44200.0
 31
0.0
100
AcDbText
  0
TEXT
  5
558
330
17
100
AcDbEntity
  8
S-TEXT
100
AcDbText
 10
49600.0
 20
-44200.0
 30
0.0
 40
320.0
  1
3-T16 T / 4-T16 B
 11
49600.0
 21
-44200.0
 31
0.0
100
AcDbText
  0
TEXT
  5
559
330
17
100
AcDbEntity
  8
S-TEXT
100
AcDbText
 10
53600.0
 20
-44200.0
 30
0.0
 40
320.0
  1
T8 @ 150
 11
53600.0
 21
-44200.0
 31
0.0
100
AcDbText
  0
TEXT
  5
55A
330
17
100
AcDbEntity
  8
S-TEXT
100
AcDbText
 10
56000.0
 20
-44200.0
 30
0.0
 40
320.0
  1
20
 11
56000.0
 21
-44200.0
 31
0.0
100
AcDbText
  0
TEXT
  5
55B
330
17
100
AcDbEntity
  8
S-TEXT
100
AcDbText
 10
40200.0
 20
-45100.0
 30
0.0
 40
320.0
  1
B5
 11
40200.0
 21
-45100.0
 31
0.0
100
AcDbText
  0
TEXT
  5
55C
330
17
100
AcDbEntity
  8
S-TEXT
100
AcDbText
 10
42000.0
 20
-45100.0
 30
0.0
 40
320.0
  1
300 x 600
 11
42000.0
 21
-45100.0
 31
0.0
100
AcDbText
  0
TEXT
  5
55D
330
17
100
AcDbEntity
  8
S-TEXT
100
AcDbText
 10
45200.0
 20
-45100.0
 30
0.0
 40
320.0
  1
4.5 m
 11
45200.0
 21
-45100.0
 31
0.0
100
AcDbText
  0
TEXT
  5
55E
330
17
100
AcDbEntity
  8
S-TEXT
100
AcDbText
 10
47000.0
 20
-45100.0
 30
0.0
 40
320.0
  1
1F TO 5F
 11
47000.0
 21
-45100.0
 31
0.0
100
AcDbText
  0
TEXT
  5
55F
330
17
100
AcDbEntity
  8
S-TEXT
100
AcDbText
 10
49600.0
 20
-45100.0
 30
0.0
 40
320.0
  1
4-T20 T / 4-T20 B
 11
49600.0
 21
-45100.0
 31
0.0
100
AcDbText
  0
TEXT
  5
560
330
17
100
AcDbEntity
  8
S-TEXT
100
AcDbText
 10
53600.0
 20
-45100.0
 30
0.0
 40
320.0
  1
T8 @ 150
 11
53600.0
 21
-45100.0
 31
0.0
100
AcDbText
  0
TEXT
  5
561
330
17
100
AcDbEntity
  8
S-TEXT
100
AcDbText
 10
56000.0
 20
-45100.0
 30
0.0
 40
320.0
  1
4
 11
56000.0
 21
-45100.0
 31
0.0
100
AcDbText
  0
TEXT
  5
562
330
17
100
AcDbEntity
  8
S-TEXT
100
AcDbText
 10
40200.0
 20
-46000.0
 30
0.0
 40
320.0
  1
B6
 11
40200.0
 21
-46000.0
 31
0.0
100
AcDbText
  0
TEXT
  5
563
330
17
100
AcDbEntity
  8
S-TEXT
100
AcDbText
 10
42000.0
 20
-46000.0
 30
0.0
 40
320.0
  1
200 x 400
 11
42000.0
 21
-46000.0
 31
0.0
100
AcDbText
  0
TEXT
  5
564
330
17
100
AcDbEntity
  8
S-TEXT
100
AcDbText
 10
45200.0
 20
-46000.0
 30
0.0
 40
320.0
  1
4.0 m
 11
45200.0
 21
-46000.0
 31
0.0
100
AcDbText
  0
TEXT
  5
565
330
17
100
AcDbEntity
  8
S-TEXT
100
AcDbText
 10
47000.0
 20
-46000.0
 30
0.0
 40
320.0
  1
1F TO 5F
 11
47000.0
 21
-46000.0
 31
0.0
100
AcDbText
  0
TEXT
  5
566
330
17
100
AcDbEntity
  8
S-TEXT
100
AcDbText
 10
49600.0
 20
-46000.0
 30
0.0
 40
320.0
  1
2-T12 T / 3-T12 B
 11
49600.0
 21
-46000.0
 31
0.0
100
AcDbText
  0
TEXT
  5
567
330
17
100
AcDbEntity
  8
S-TEXT
100
AcDbText
 10
53600.0
 20
-46000.0
 30
0.0
 40
320.0
  1
T8 @ 150
 11
53600.0
 21
-46000.0
 31
0.0
100
AcDbText
  0
TEXT
  5
568
330
17
100
AcDbEntity
  8
S-TEXT
100
AcDbText
 10
56000.0
 20
-46000.0
 30
0.0
 40
320.0
  1
5
 11
56000.0
 21
-46000.0
 31
0.0
100
AcDbText
  0
TEXT
  5
569
330
17
100
AcDbEntity
  8
S-TEXT
100
AcDbText
 10
40200.0
 20
-46900.0
 30
0.0
 40
320.0
  1
TB1
 11
40200.0
 21
-46900.0
 31
0.0
100
AcDbText
  0
TEXT
  5
56A
330
17
100
AcDbEntity
  8
S-TEXT
100
AcDbText
 10
42000.0
 20
-46900.0
 30
0.0
 40
320.0
  1
250 x 400
 11
42000.0
 21
-46900.0
 31
0.0
100
AcDbText
  0
TEXT
  5
56B
330
17
100
AcDbEntity
  8
S-TEXT
100
AcDbText
 10
45200.0
 20
-46900.0
 30
0.0
 40
320.0
  1
4.5 m
 11
45200.0
 21
-46900.0
 31
0.0
100
AcDbText
  0
TEXT
  5
56C
330
17
100
AcDbEntity
  8
S-TEXT
100
AcDbText
 10
47000.0
 20
-46900.0
 30
0.0
 40
320.0
  1
FDN
 11
47000.0
 21
-46900.0
 31
0.0
100
AcDbText
  0
TEXT
  5
56D
330
17
100
AcDbEntity
  8
S-TEXT
100
AcDbText
 10
49600.0
 20
-46900.0
 30
0.0
 40
320.0
  1
2-T16 T / 2-T16 B
 11
49600.0
 21
-46900.0
 31
0.0
100
AcDbText
  0
TEXT
  5
56E
330
17
100
AcDbEntity
  8
S-TEXT
100
AcDbText
 10
53600.0
 20
-46900.0
 30
0.0
 40
320.0
  1
T8 @ 200
 11
53600.0
 21
-46900.0
 31
0.0
100
AcDbText
  0
TEXT
  5
56F
330
17
100
AcDbEntity
  8
S-TEXT
100
AcDbText
 10
56000.0
 20
-46900.0
 30
0.0
 40
320.0
  1
30
 11
56000.0
 21
-46900.0
 31
0.0
100
AcDbText
  0
TEXT
  5
570
330
17
100
AcDbEntity
  8
S-TEXT
100
AcDbText
 10
40200.0
 20
-47800.0
 30
0.0
 40
320.0
  1
TB2
 11
40200.0
 21
-47800.0
 31
0.0
100
AcDbText
  0
TEXT
  5
571
330
17
100
AcDbEntity
  8
S-TEXT
100
AcDbText
 10
42000.0
 20
-47800.0
 30
0.0
 40
320.0
  1
250 x 400
 11
42000.0
 21
-47800.0
 31
0.0
100
AcDbText
  0
TEXT
  5
572
330
17
100
AcDbEntity
  8
S-TEXT
100
AcDbText
 10
45200.0
 20
-47800.0
 30
0.0
 40
320.0
  1
4.0 m
 11
45200.0
 21
-47800.0
 31
0.0
100
AcDbText
  0
TEXT
  5
573
330
17
100
AcDbEntity
  8
S-TEXT
100
AcDbText
 10
47000.0
 20
-47800.0
 30
0.0
 40
320.0
  1
FDN
 11
47000.0
 21
-47800.0
 31
0.0
100
AcDbText
  0
TEXT
  5
574
330
17
100
AcDbEntity
  8
S-TEXT
100
AcDbText
 10
49600.0
 20
-47800.0
 30
0.0
 40
320.0
  1
2-T16 T / 2-T16 B
 11
49600.0
 21
-47800.0
 31
0.0
100
AcDbText
  0
TEXT
  5
575
330
17
100
AcDbEntity
  8
S-TEXT
100
AcDbText
 10
53600.0
 20
-47800.0
 30
0.0
 40
320.0
  1
T8 @ 200
 11
53600.0
 21
-47800.0
 31
0.0
100
AcDbText
  0
TEXT
  5
576
330
17
100
AcDbEntity
  8
S-TEXT
100
AcDbText
 10
56000.0
 20
-47800.0
 30
0.0
 40
320.0
  1
30
 11
56000.0
 21
-47800.0
 31
0.0
100
AcDbText
  0
TEXT
  5
577
330
17
100
AcDbEntity
  8
S-TEXT
100
AcDbText
 10
40000.0
 20
-50100.0
 30
0.0
 40
320.0
  1
BEAM DEPTHS INCLUDE THE SLAB; SPANS ARE GRID TO GRID
 11
40000.0
 21
-50100.0
 31
0.0
100
AcDbText
  0
TEXT
  5
578
330
17
100
AcDbEntity
  8
S-TEXT
100
AcDbText
 10
87500.0
 20
-38800.0
 30
0.0
 40
600.0
  1
FOOTING SCHEDULE
 72
1
 11
87500.0
 21
-38800.0
 31
0.0
100
AcDbText
 73
2
  0
LINE
  5
579
330
17
100
AcDbEntity
  8
S-LINE
100
AcDbLine
 10
80000.0
 20
-40000.0
 30
0.0
 11
95000.0
 21
-40000.0
 31
0.0
  0
LINE
  5
57A
330
17
100
AcDbEntity
  8
S-LINE
100
AcDbLine
 10
80000.0
 20
-40900.0
 30
0.0
 11
95000.0
 21
-40900.0
 31
0.0
  0
LINE
  5
57B
330
17
100
AcDbEntity
  8
S-LINE
100
AcDbLine
 10
80000.0
 20
-41800.0
 30
0.0
 11
95000.0
 21
-41800.0
 31
0.0
  0
LINE
  5
57C
330
17
100
AcDbEntity
  8
S-LINE
100
AcDbLine
 10
80000.0
 20
-42700.0
 30
0.0
 11
95000.0
 21
-42700.0
 31
0.0
  0
LINE
  5
57D
330
17
100
AcDbEntity
  8
S-LINE
100
AcDbLine
 10
80000.0
 20
-43600.0
 30
0.0
 11
95000.0
 21
-43600.0
 31
0.0
  0
LINE
  5
57E
330
17
100
AcDbEntity
  8
S-LINE
100
AcDbLine
 10
80000.0
 20
-44500.0
 30
0.0
 11
95000.0
 21
-44500.0
 31
0.0
  0
LINE
  5
57F
330
17
100
AcDbEntity
  8
S-LINE
100
AcDbLine
 10
80000.0
 20
-45400.0
 30
0.0
 11
95000.0
 21
-45400.0
 31
0.0
  0
LINE
  5
580
330
17
100
AcDbEntity
  8
S-LINE
100
AcDbLine
 10
80000.0
 20
-46300.0
 30
0.0
 11
95000.0
 21
-46300.0
 31
0.0
  0
LINE
  5
581
330
17
100
AcDbEntity
  8
S-LINE
100
AcDbLine
 10
80000.0
 20
-40000.0
 30
0.0
 11
80000.0
 21
-46300.0
 31
0.0
  0
LINE
  5
582
330
17
100
AcDbEntity
  8
S-LINE
100
AcDbLine
 10
81800.0
 20
-40000.0
 30
0.0
 11
81800.0
 21
-46300.0
 31
0.0
  0
LINE
  5
583
330
17
100
AcDbEntity
  8
S-LINE
100
AcDbLine
 10
85000.0
 20
-40000.0
 30
0.0
 11
85000.0
 21
-46300.0
 31
0.0
  0
LINE
  5
584
330
17
100
AcDbEntity
  8
S-LINE
100
AcDbLine
 10
87400.0
 20
-40000.0
 30
0.0
 11
87400.0
 21
-46300.0
 31
0.0
  0
LINE
  5
585
330
17
100
AcDbEntity
  8
S-LINE
100
AcDbLine
 10
93600.0
 20
-40000.0
 30
0.0
 11
93600.0
 21
-46300.0
 31
0.0
  0
LINE
  5
586
330
17
100
AcDbEntity
  8
S-LINE
100
AcDbLine
 10
95000.0
 20
-40000.0
 30
0.0
 11
95000.0
 21
-46300.0
 31
0.0
  0
TEXT
  5
587
330
17
100
AcDbEntity
  8
S-TEXT
100
AcDbText
 10
80200.0
 20
-40600.0
 30
0.0
 40
320.0
  1
MARK
 11
80200.0
 21
-40600.0
 31
0.0
100
AcDbText
  0
TEXT
  5
588
330
17
100
AcDbEntity
  8
S-TEXT
100
AcDbText
 10
82000.0
 20
-40600.0
 30
0.0
 40
320.0
  1
L x B (mm)
 11
82000.0
 21
-40600.0
 31
0.0
100
AcDbText
  0
TEXT
  5
589
330
17
100
AcDbEntity
  8
S-TEXT
100
AcDbText
 10
85200.0
 20
-40600.0
 30
0.0
 40
320.0
  1
DEPTH (mm)
 11
85200.0
 21
-40600.0
 31
0.0
100
AcDbText
  0
TEXT
  5
58A
330
17
100
AcDbEntity
  8
S-TEXT
100
AcDbText
 10
87600.0
 20
-40600.0
 30
0.0
 40
320.0
  1
BARS
 11
87600.0
 21
-40600.0
 31
0.0
100
AcDbText
  0
TEXT
  5
58B
330
17
100
AcDbEntity
  8
S-TEXT
100
AcDbText
 10
93800.0
 20
-40600.0
 30
0.0
 40
320.0
  1
NOS
 11
93800.0
 21
-40600.0
 31
0.0
100
AcDbText
  0
TEXT
  5
58C
330
17
100
AcDbEntity
  8
S-TEXT
100
AcDbText
 10
80200.0
 20
-41500.0
 30
0.0
 40
320.0
  1
F1
 11
80200.0
 21
-41500.0
 31
0.0
100
AcDbText
  0
TEXT
  5
58D
330
17
100
AcDbEntity
  8
S-TEXT
100
AcDbText
 10
82000.0
 20
-41500.0
 30
0.0
 40
320.0
  1
1500 x 1500
 11
82000.0
 21
-41500.0
 31
0.0
100
AcDbText
  0
TEXT
  5
58E
330
17
100
AcDbEntity
  8
S-TEXT
100
AcDbText
 10
85200.0
 20
-41500.0
 30
0.0
 40
320.0
  1
450
 11
85200.0
 21
-41500.0
 31
0.0
100
AcDbText
  0
TEXT
  5
58F
330
17
100
AcDbEntity
  8
S-TEXT
100
AcDbText
 10
87600.0
 20
-41500.0
 30
0.0
 40
320.0
  1
T12 @ 150 B/W
 11
87600.0
 21
-41500.0
 31
0.0
100
AcDbText
  0
TEXT
  5
590
330
17
100
AcDbEntity
  8
S-TEXT
100
AcDbText
 10
93800.0
 20
-41500.0
 30
0.0
 40
320.0
  1
4
 11
93800.0
 21
-41500.0
 31
0.0
100
AcDbText
  0
TEXT
  5
591
330
17
100
AcDbEntity
  8
S-TEXT
100
AcDbText
 10
80200.0
 20
-42400.0
 30
0.0
 40
320.0
  1
F2
 11
80200.0
 21
-42400.0
 31
0.0
100
AcDbText
  0
TEXT
  5
592
330
17
100
AcDbEntity
  8
S-TEXT
100
AcDbText
 10
82000.0
 20
-42400.0
 30
0.0
 40
320.0
  1
1800 x 1800
 11
82000.0
 21
-42400.0
 31
0.0
100
AcDbText
  0
TEXT
  5
593
330
17
100
AcDbEntity
  8
S-TEXT
100
AcDbText
 10
85200.0
 20
-42400.0
 30
0.0
 40
320.0
  1
500
 11
85200.0
 21
-42400.0
 31
0.0
100
AcDbText
  0
TEXT
  5
594
330
17
100
AcDbEntity
  8
S-TEXT
100
AcDbText
 10
87600.0
 20
-42400.0
 30
0.0
 40
320.0
  1
T12 @ 150 B/W
 11
87600.0
 21
-42400.0
 31
0.0
100
AcDbText
  0
TEXT
  5
595
330
17
100
AcDbEntity
  8
S-TEXT
100
AcDbText
 10
93800.0
 20
-42400.0
 30
0.0
 40
320.0
  1
8
 11
93800.0
 21
-42400.0
 31
0.0
100
AcDbText
  0
TEXT
  5
596
330
17
100
AcDbEntity
  8
S-TEXT
100
AcDbText
 10
80200.0
 20
-43300.0
 30
0.0
 40
320.0
  1
F3
 11
80200.0
 21
-43300.0
 31
0.0
100
AcDbText
  0
TEXT
  5
597
330
17
100
AcDbEntity
  8
S-TEXT
100
AcDbText
 10
82000.0
 20
-43300.0
 30
0.0
 40
320.0
  1
2100 x 2100
 11
82000.0
 21
-43300.0
 31
0.0
100
AcDbText
  0
TEXT
  5
598
330
17
100
AcDbEntity
  8
S-TEXT
100
AcDbText
 10
85200.0
 20
-43300.0
 30
0.0
 40
320.0
  1
550
 11
85200.0
 21
-43300.0
 31
0.0
100
AcDbText
  0
TEXT
  5
599
330
17
100
AcDbEntity
  8
S-TEXT
100
AcDbText
 10
87600.0
 20
-43300.0
 30
0.0
 40
320.0
  1
T12 @ 150 B/W
 11
87600.0
 21
-43300.0
 31
0.0
100
AcDbText
  0
TEXT
  5
59A
330
17
100
AcDbEntity
  8
S-TEXT
100
AcDbText
 10
93800.0
 20
-43300.0
 30
0.0
 40
320.0
  1
12
 11
93800.0
 21
-43300.0
 31
0.0
100
AcDbText
  0
TEXT
  5
59B
330
17
100
AcDbEntity
  8
S-TEXT
100
AcDbText
 10
80200.0
 20
-44200.0
 30
0.0
 40
320.0
  1
F4
 11
80200.0
 21
-44200.0
 31
0.0
100
AcDbText
  0
TEXT
  5
59C
330
17
100
AcDbEntity
  8
S-TEXT
100
AcDbText
 10
82000.0
 20
-44200.0
 30
0.0
 40
320.0
  1
1800 x 2100
 11
82000.0
 21
-44200.0
 31
0.0
100
AcDbText
  0
TEXT
  5
59D
330
17
100
AcDbEntity
  8
S-TEXT
100
AcDbText
 10
85200.0
 20
-44200.0
 30
0.0
 40
320.0
  1
500
 11
85200.0
 21
-44200.0
 31
0.0
100
AcDbText
  0
TEXT
  5
59E
330
17
100
AcDbEntity
  8
S-TEXT
100
AcDbText
 10
87600.0
 20
-44200.0
 30
0.0
 40
320.0
  1
T12 @ 150 B/W
 11
87600.0
 21
-44200.0
 31
0.0
100
AcDbText
  0
TEXT
  5
59F
330
17
100
AcDbEntity
  8
S-TEXT
100
AcDbText
 10
93800.0
 20
-44200.0
 30
0.0
 40
320.0
  1
8
 11
93800.0
 21
-44200.0
 31
0.0
100
AcDbText
  0
TEXT
  5
5A0
330
17
100
AcDbEntity
  8
S-TEXT
100
AcDbText
 10
80200.0
 20
-45100.0
 30
0.0
 40
320.0
  1
PC1
 11
80200.0
 21
-45100.0
 31
0.0
100
AcDbText
  0
TEXT
  5
5A1
330
17
100
AcDbEntity
  8
S-TEXT
100
AcDbText
 10
82000.0
 20
-45100.0
 30
0.0
 40
320.0
  1
2400 x 2400
 11
82000.0
 21
-45100.0
 31
0.0
100
AcDbText
  0
TEXT
  5
5A2
330
17
100
AcDbEntity
  8
S-TEXT
100
AcDbText
 10
85200.0
 20
-45100.0
 30
0.0
 40
320.0
  1
900
 11
85200.0
 21
-45100.0
 31
0.0
100
AcDbText
  0
TEXT
  5
5A3
330
17
100
AcDbEntity
  8
S-TEXT
100
AcDbText
 10
87600.0
 20
-45100.0
 30
0.0
 40
320.0
  1
T16 @ 125 B/W ON 4 PILES
 11
87600.0
 21
-45100.0
 31
0.0
100
AcDbText
  0
TEXT
  5
5A4
330
17
100
AcDbEntity
  8
S-TEXT
100
AcDbText
 10
93800.0
 20
-45100.0
 30
0.0
 40
320.0
  1
2
 11
93800.0
 21
-45100.0
 31
0.0
100
AcDbText
  0
TEXT
  5
5A5
330
17
100
AcDbEntity
  8
S-TEXT
100
AcDbText
 10
80200.0
 20
-46000.0
 30
0.0
 40
320.0
  1
PC2
 11
80200.0
 21
-46000.0
 31
0.0
100
AcDbText
  0
TEXT
  5
5A6
330
17
100
AcDbEntity
  8
S-TEXT
100
AcDbText
 10
82000.0
 20
-46000.0
 30
0.0
 40
320.0
  1
3000 x 2400
 11
82000.0
 21
-46000.0
 31
0.0
100
AcDbText
  0
TEXT
  5
5A7
330
17
100
AcDbEntity
  8
S-TEXT
100
AcDbText
 10
85200.0
 20
-46000.0
 30
0.0
 40
320.0
  1
900
 11
85200.0
 21
-46000.0
 31
0.0
100
AcDbText
  0
TEXT
  5
5A8
330
17
100
AcDbEntity
  8
S-TEXT
100
AcDbText
 10
87600.0
 20
-46000.0
 30
0.0
 40
320.0
  1
T16 @ 125 B/W ON 3 PILES
 11
87600.0
 21
-46000.0
 31
0.0
100
AcDbText
  0
TEXT
  5
5A9
330
17
100
AcDbEntity
  8
S-TEXT
100
AcDbText
 10
93800.0
 20
-46000.0
 30
0.0
 40
320.0
  1
2
 11
93800.0
 21
-46000.0
 31
0.0
100
AcDbText
  0
TEXT
  5
5AA
330
17
100
AcDbEntity
  8
S-TEXT
100
AcDbText
 10
80000.0
 20
-47400.0
 30
0.0
 40
320.0
  1
FOOTING TOP AT -1.500, 50 mm CLEAR COVER, 75 mm BLINDING BELOW
 11
80000.0
 21
-47400.0
 31
0.0
100
AcDbText
  0
LINE
  5
5AB
330
17
100
AcDbEntity
  8
S-GRID
100
AcDbLine
 10
-2500.0
 20
-81500.0
 30
0.0
 11
25000.0
 21
-81500.0
 31
0.0
  0
TEXT
  5
5AC
330
17
100
AcDbEntity
  8
S-TEXT
100
AcDbText
 10
25300.0
 20
-81400.0
 30
0.0
 40
300.0
  1
FDN -1.500
 11
25300.0
 21
-81400.0
 31
0.0
100
AcDbText
  0
LINE
  5
5AD
330
17
100
AcDbEntity
  8
S-GRID
100
AcDbLine
 10
-2500.0
 20
-80000.0
 30
0.0
 11
25000.0
 21
-80000.0
 31
0.0
  0
TEXT
  5
5AE
330
17
100
AcDbEntity
  8
S-TEXT
100
AcDbText
 10
25300.0
 20
-79900.0
 30
0.0
 40
300.0
  1
GF +0.000
 11
25300.0
 21
-79900.0
 31
0.0
100
AcDbText
  0
LINE
  5
5AF
330
17
100
AcDbEntity
  8
S-GRID
100
AcDbLine
 10
-2500.0
 20
-77000.0
 30
0.0
 11
25000.0
 21
-77000.0
 31
0.0
  0
TEXT
  5
5B0
330
17
100
AcDbEntity
  8
S-TEXT
100
AcDbText
 10
25300.0
 20
-76900.0
 30
0.0
 40
300.0
  1
1F +3.000
 11
25300.0
 21
-76900.0
 31
0.0
100
AcDbText
  0
LINE
  5
5B1
330
17
100
AcDbEntity
  8
S-GRID
100
AcDbLine
 10
-2500.0
 20
-74000.0
 30
0.0
 11
25000.0
 21
-74000.0
 31
0.0
  0
TEXT
  5
5B2
330
17
100
AcDbEntity
  8
S-TEXT
100
AcDbText
 10
25300.0
 20
-73900.0
 30
0.0
 40
300.0
  1
2F +6.000
 11
25300.0
 21
-73900.0
 31
0.0
100
AcDbText
  0
LINE
  5
5B3
330
17
100
AcDbEntity
  8
S-GRID
100
AcDbLine
 10
-2500.0
 20
-71000.0
 30
0.0
 11
25000.0
 21
-71000.0
 31
0.0
  0
TEXT
  5
5B4
330
17
100
AcDbEntity
  8
S-TEXT
100
AcDbText
 10
25300.0
 20
-70900.0
 30
0.0
 40
300.0
  1
3F +9.000
 11
25300.0
 21
-70900.0
 31
0.0
100
AcDbText
  0
LINE
  5
5B5
330
17
100
AcDbEntity
  8
S-GRID
100
AcDbLine
 10
-2500.0
 20
-68000.0
 30
0.0
 11
25000.0
 21
-68000.0
 31
0.0
  0
TEXT
  5
5B6
330
17
100
AcDbEntity
  8
S-TEXT
100
AcDbText
 10
25300.0
 20
-67900.0
 30
0.0
 40
300.0
  1
4F +12.000
 11
25300.0
 21
-67900.0
 31
0.0
100
AcDbText
  0
LINE
  5
5B7
330
17
100
AcDbEntity
  8
S-GRID
100
AcDbLine
 10
-2500.0
 20
-65000.0
 30
0.0
 11
25000.0
 21
-65000.0
 31
0.0
  0
TEXT
  5
5B8
330
17
100
AcDbEntity
  8
S-TEXT
100
AcDbText
 10
25300.0
 20
-64900.0
 30
0.0
 40
300.0
  1
5F +15.000
 11
25300.0
 21
-64900.0
 31
0.0
100
AcDbText
  0
LINE
  5
5B9
330
17
100
AcDbEntity
  8
S-GRID
100
AcDbLine
 10
-2500.0
 20
-62000.0
 30
0.0
 11
25000.0
 21
-62000.0
 31
0.0
  0
TEXT
  5
5BA
330
17
100
AcDbEntity
  8
S-TEXT
100
AcDbText
 10
25300.0
 20
-61900.0
 30
0.0
 40
300.0
  1
ROOF +18.000
 11
25300.0
 21
-61900.0
 31
0.0
100
AcDbText
  0
LWPOLYLINE
  5
5BB
330
17
100
AcDbEntity
  8
S-FDN
100
AcDbPolyline
 90
4
 70
1
 10
-1050.0
 20
-82050.0
 10
1050.0
 20
-82050.0
 10
1050.0
 20
-81500.0
 10
-1050.0
 20
-81500.0
  0
LINE
  5
5BC
330
17
100
AcDbEntity
  8
S-COLS
100
AcDbLine
 10
-175.0
 20
-81500.0
 30
0.0
 11
-175.0
 21
-62000.0
 31
0.0
  0
LINE
  5
5BD
330
17
100
AcDbEntity
  8
S-COLS
100
AcDbLine
 10
175.0
 20
-81500.0
 30
0.0
 11
175.0
 21
-62000.0
 31
0.0
  0
LWPOLYLINE
  5
5BE
330
17
100
AcDbEntity
  8
S-FDN
100
AcDbPolyline
 90
4
 70
1
 10
3450.0
 20
-82050.0
 10
5550.0
 20
-82050.0
 10
5550.0
 20
-81500.0
 10
3450.0
 20
-81500.0
  0
LINE
  5
5BF
330
17
100
AcDbEntity
  8
S-COLS
100
AcDbLine
 10
4325.0
 20
-81500.0
 30
0.0
 11
4325.0
 21
-62000.0
 31
0.0
  0
LINE
  5
5C0
330
17
100
AcDbEntity
  8
S-COLS
100
AcDbLine
 10
4675.0
 20
-81500.0
 30
0.0
 11
4675.0
 21
-62000.0
 31
0.0
  0
LWPOLYLINE
  5
5C1
330
17
100
AcDbEntity
  8
S-FDN
100
AcDbPolyline
 90
4
 70
1
 10
7950.0
 20
-82050.0
 10
10050.0
 20
-82050.0
 10
10050.0
 20
-81500.0
 10
7950.0
 20
-81500.0
  0
LINE
  5
5C2
330
17
100
AcDbEntity
  8
S-COLS
100
AcDbLine
 10
8825.0
 20
-81500.0
 30
0.0
 11
8825.0
 21
-62000.0
 31
0.0
  0
LINE
  5
5C3
330
17
100
AcDbEntity
  8
S-COLS
100
AcDbLine
 10
9175.0
 20
-81500.0
 30
0.0
 11
9175.0
 21
-62000.0
 31
0.0
  0
LWPOLYLINE
  5
5C4
330
17
100
AcDbEntity
  8
S-FDN
100
AcDbPolyline
 90
4
 70
1
 10
12450.0
 20
-82050.0
 10
14550.0
 20
-82050.0
 10
14550.0
 20
-81500.0
 10
12450.0
 20
-81500.0
  0
LINE
  5
5C5
330
17
100
AcDbEntity
  8
S-COLS
100
AcDbLine
 10
13325.0
 20
-81500.0
 30
0.0
 11
13325.0
 21
-62000.0
 31
0.0
  0
LINE
  5
5C6
330
17
100
AcDbEntity
  8
S-COLS
100
AcDbLine
 10
13675.0
 20
-81500.0
 30
0.0
 11
13675.0
 21
-62000.0
 31
0.0
  0
LWPOLYLINE
  5
5C7
330
17
100
AcDbEntity
  8
S-FDN
100
AcDbPolyline
 90
4
 70
1
 10
16950.0
 20
-82050.0
 10
19050.0
 20
-82050.0
 10
19050.0
 20
-81500.0
 10
16950.0
 20
-81500.0
  0
LINE
  5
5C8
330
17
100
AcDbEntity
  8
S-COLS
100
AcDbLine
 10
17825.0
 20
-81500.0
 30
0.0
 11
17825.0
 21
-62000.0
 31
0.0
  0
LINE
  5
5C9
330
17
100
AcDbEntity
  8
S-COLS
100
AcDbLine
 10
18175.0
 20
-81500.0
 30
0.0
 11
18175.0
 21
-62000.0
 31
0.0
  0
LWPOLYLINE
  5
5CA
330
17
100
AcDbEntity
  8
S-FDN
100
AcDbPolyline
 90
4
 70
1
 10
21450.0
 20
-82050.0
 10
23550.0
 20
-82050.0
 10
23550.0
 20
-81500.0
 10
21450.0
 20
-81500.0
  0
LINE
  5
5CB
330
17
100
AcDbEntity
  8
S-COLS
100
AcDbLine
 10
22325.0
 20
-81500.0
 30
0.0
 11
22325.0
 21
-62000.0
 31
0.0
  0
LINE
  5
5CC
330
17
100
AcDbEntity
  8
S-COLS
100
AcDbLine
 10
22675.0
 20
-81500.0
 30
0.0
 11
22675.0
 21
-62000.0
 31
0.0
  0
LWPOLYLINE
  5
5CD
330
17
100
AcDbEntity
  8
S-BEAM
100
AcDbPolyline
 90
4
 70
1
 10
-125.0
 20
-77500.0
 10
125.0
 20
-77500.0
 10
125.0
 20
-77000.0
 10
-125.0
 20
-77000.0
  0
LWPOLYLINE
  5
5CE
330
17
100
AcDbEntity
  8
S-BEAM
100
AcDbPolyline
 90
4
 70
1
 10
4375.0
 20
-77500.0
 10
4625.0
 20
-77500.0
 10
4625.0
 20
-77000.0
 10
4375.0
 20
-77000.0
  0
LWPOLYLINE
  5
5CF
330
17
100
AcDbEntity
  8
S-BEAM
100
AcDbPolyline
 90
4
 70
1
 10
8875.0
 20
-77500.0
 10
9125.0
 20
-77500.0
 10
9125.0
 20
-77000.0
 10
8875.0
 20
-77000.0
  0
LWPOLYLINE
  5
5D0
330
17
100
AcDbEntity
  8
S-BEAM
100
AcDbPolyline
 90
4
 70
1
 10
13375.0
 20
-77500.0
 10
13625.0
 20
-77500.0
 10
13625.0
 20
-77000.0
 10
13375.0
 20
-77000.0
  0
LWPOLYLINE
  5
5D1
330
17
100
AcDbEntity
  8
S-BEAM
100
AcDbPolyline
 90
4
 70
1
 10
17875.0
 20
-77500.0
 10
18125.0
 20
-77500.0
 10
18125.0
 20
-77000.0
 10
17875.0
 20
-77000.0
  0
LWPOLYLINE
  5
5D2
330
17
100
AcDbEntity
  8
S-BEAM
100
AcDbPolyline
 90
4
 70
1
 10
22375.0
 20
-77500.0
 10
22625.0
 20
-77500.0
 10
22625.0
 20
-77000.0
 10
22375.0
 20
-77000.0
  0
LINE
  5
5D3
330
17
100
AcDbEntity
  8
S-SLAB
100
AcDbLine
 10
0.0
 20
-77150.0
 30
0.0
 11
22500.0
 21
-77150.0
 31
0.0
  0
LWPOLYLINE
  5
5D4
330
17
100
AcDbEntity
  8
S-BEAM
100
AcDbPolyline
 90
4
 70
1
 10
-125.0
 20
-74500.0
 10
125.0
 20
-74500.0
 10
125.0
 20
-74000.0
 10
-125.0
 20
-74000.0
  0
LWPOLYLINE
  5
5D5
330
17
100
AcDbEntity
  8
S-BEAM
100
AcDbPolyline
 90
4
 70
1
 10
4375.0
 20
-74500.0
 10
4625.0
 20
-74500.0
 10
4625.0
 20
-74000.0
 10
4375.0
 20
-74000.0
  0
LWPOLYLINE
  5
5D6
330
17
100
AcDbEntity
  8
S-BEAM
100
AcDbPolyline
 90
4
 70
1
 10
8875.0
 20
-74500.0
 10
9125.0
 20
-74500.0
 10
9125.0
 20
-74000.0
 10
8875.0
 20
-74000.0
  0
LWPOLYLINE
  5
5D7
330
17
100
AcDbEntity
  8
S-BEAM
100
AcDbPolyline
 90
4
 70
1
 10
13375.0
 20
-74500.0
 10
13625.0
 20
-74500.0
 10
13625.0
 20
-74000.0
 10
13375.0
 20
-74000.0
  0
LWPOLYLINE
  5
5D8
330
17
100
AcDbEntity
  8
S-BEAM
100
AcDbPolyline
 90
4
 70
1
 10
17875.0
 20
-74500.0
 10
18125.0
 20
-74500.0
 10
18125.0
 20
-74000.0
 10
17875.0
 20
-74000.0
  0
LWPOLYLINE
  5
5D9
330
17
100
AcDbEntity
  8
S-BEAM
100
AcDbPolyline
 90
4
 70
1
 10
22375.0
 20
-74500.0
 10
22625.0
 20
-74500.0
 10
22625.0
 20
-74000.0
 10
22375.0
 20
-74000.0
  0
LINE
  5
5DA
330
17
100
AcDbEntity
  8
S-SLAB
100
AcDbLine
 10
0.0
 20
-74150.0
 30
0.0
 11
22500.0
 21
-74150.0
 31
0.0
  0
LWPOLYLINE
  5
5DB
330
17
100
AcDbEntity
  8
S-BEAM
100
AcDbPolyline
 90
4
 70
1
 10
-125.0
 20
-71500.0
 10
125.0
 20
-71500.0
 10
125.0
 20
-71000.0
 10
-125.0
 20
-71000.0
  0
LWPOLYLINE
  5
5DC
330
17
100
AcDbEntity
  8
S-BEAM
100
AcDbPolyline
 90
4
 70
1
 10
4375.0
 20
-71500.0
 10
4625.0
 20
-71500.0
 10
4625.0
 20
-71000.0
 10
4375.0
 20
-71000.0
  0
LWPOLYLINE
  5
5DD
330
17
100
AcDbEntity
  8
S-BEAM
100
AcDbPolyline
 90
4
 70
1
 10
8875.0
 20
-71500.0
 10
9125.0
 20
-71500.0
 10
9125.0
 20
-71000.0
 10
8875.0
 20
-71000.0
  0
LWPOLYLINE
  5
5DE
330
17
100
AcDbEntity
  8
S-BEAM
100
AcDbPolyline
 90
4
 70
1
 10
13375.0
 20
-71500.0
 10
13625.0
 20
-71500.0
 10
13625.0
 20
-71000.0
 10
13375.0
 20
-71000.0
  0
LWPOLYLINE
  5
5DF
330
17
100
AcDbEntity
  8
S-BEAM
100
AcDbPolyline
 90
4
 70
1
 10
17875.0
 20
-71500.0
 10
18125.0
 20
-71500.0
 10
18125.0
 20
-71000.0
 10
17875.0
 20
-71000.0
  0
LWPOLYLINE
  5
5E0
330
17
100
AcDbEntity
  8
S-BEAM
100
AcDbPolyline
 90
4
 70
1
 10
22375.0
 20
-71500.0
 10
22625.0
 20
-71500.0
 10
22625.0
 20
-71000.0
 10
22375.0
 20
-71000.0
  0
LINE
  5
5E1
330
17
100
AcDbEntity
  8
S-SLAB
100
AcDbLine
 10
0.0
 20
-71150.0
 30
0.0
 11
22500.0
 21
-71150.0
 31
0.0
  0
LWPOLYLINE
  5
5E2
330
17
100
AcDbEntity
  8
S-BEAM
100
AcDbPolyline
 90
4
 70
1
 10
-125.0
 20
-68500.0
 10
125.0
 20
-68500.0
 10
125.0
 20
-68000.0
 10
-125.0
 20
-68000.0
  0
LWPOLYLINE
  5
5E3
330
17
100
AcDbEntity
  8
S-BEAM
100
AcDbPolyline
 90
4
 70
1
 10
4375.0
 20
-68500.0
 10
4625.0
 20
-68500.0
 10
4625.0
 20
-68000.0
 10
4375.0
 20
-68000.0
  0
LWPOLYLINE
  5
5E4
330
17
100
AcDbEntity
  8
S-BEAM
100
AcDbPolyline
 90
4
 70
1
 10
8875.0
 20
-68500.0
 10
9125.0
 20
-68500.0
 10
9125.0
 20
-68000.0
 10
8875.0
 20
-68000.0
  0
LWPOLYLINE
  5
5E5
330
17
100
AcDbEntity
  8
S-BEAM
100
AcDbPolyline
 90
4
 70
1
 10
13375.0
 20
-68500.0
 10
13625.0
 20
-68500.0
 10
13625.0
 20
-68000.0
 10
13375.0
 20
-68000.0
  0
LWPOLYLINE
  5
5E6
330
17
100
AcDbEntity
  8
S-BEAM
100
AcDbPolyline
 90
4
 70
1
 10
17875.0
 20
-68500.0
 10
18125.0
 20
-68500.0
 10
18125.0
 20
-68000.0
 10
17875.0
 20
-68000.0
  0
LWPOLYLINE
  5
5E7
330
17
100
AcDbEntity
  8
S-BEAM
100
AcDbPolyline
 90
4
 70
1
 10
22375.0
 20
-68500.0
 10
22625.0
 20
-68500.0
 10
22625.0
 20
-68000.0
 10
22375.0
 20
-68000.0
  0
LINE
  5
5E8
330
17
100
AcDbEntity
  8
S-SLAB
100
AcDbLine
 10
0.0
 20
-68150.0
 30
0.0
 11
22500.0
 21
-68150.0
 31
0.0
  0
LWPOLYLINE
  5
5E9
330
17
100
AcDbEntity
  8
S-BEAM
100
AcDbPolyline
 90
4
 70
1
 10
-125.0
 20
-65500.0
 10
125.0
 20
-65500.0
 10
125.0
 20
-65000.0
 10
-125.0
 20
-65000.0
  0
LWPOLYLINE
  5
5EA
330
17
100
AcDbEntity
  8
S-BEAM
100
AcDbPolyline
 90
4
 70
1
 10
4375.0
 20
-65500.0
 10
4625.0
 20
-65500.0
 10
4625.0
 20
-65000.0
 10
4375.0
 20
-65000.0
  0
LWPOLYLINE
  5
5EB
330
17
100
AcDbEntity
  8
S-BEAM
100
AcDbPolyline
 90
4
 70
1
 10
8875.0
 20
-65500.0
 10
9125.0
 20
-65500.0
 10
9125.0
 20
-65000.0
 10
8875.0
 20
-65000.0
  0
LWPOLYLINE
  5
5EC
330
17
100
AcDbEntity
  8
S-BEAM
100
AcDbPolyline
 90
4
 70
1
 10
13375.0
 20
-65500.0
 10
13625.0
 20
-65500.0
 10
13625.0
 20
-65000.0
 10
13375.0
 20
-65000.0
  0
LWPOLYLINE
  5
5ED
330
17
100
AcDbEntity
  8
S-BEAM
100
AcDbPolyline
 90
4
 70
1
 10
17875.0
 20
-65500.0
 10
18125.0
 20
-65500.0
 10
18125.0
 20
-65000.0
 10
17875.0
 20
-65000.0
  0
LWPOLYLINE
  5
5EE
330
17
100
AcDbEntity
  8
S-BEAM
100
AcDbPolyline
 90
4
 70
1
 10
22375.0
 20
-65500.0
 10
22625.0
 20
-65500.0
 10
22625.0
 20
-65000.0
 10
22375.0
 20
-65000.0
  0
LINE
  5
5EF
330
17
100
AcDbEntity
  8
S-SLAB
100
AcDbLine
 10
0.0
 20
-65150.0
 30
0.0
 11
22500.0
 21
-65150.0
 31
0.0
  0
LWPOLYLINE
  5
5F0
330
17
100
AcDbEntity
  8
S-BEAM
100
AcDbPolyline
 90
4
 70
1
 10
-125.0
 20
-62500.0
 10
125.0
 20
-62500.0
 10
125.0
 20
-62000.0
 10
-125.0
 20
-62000.0
  0
LWPOLYLINE
  5
5F1
330
17
100
AcDbEntity
  8
S-BEAM
100
AcDbPolyline
 90
4
 70
1
 10
4375.0
 20
-62500.0
 10
4625.0
 20
-62500.0
 10
4625.0
 20
-62000.0
 10
4375.0
 20
-62000.0
  0
LWPOLYLINE
  5
5F2
330
17
100
AcDbEntity
  8
S-BEAM
100
AcDbPolyline
 90
4
 70
1
 10
8875.0
 20
-62500.0
 10
9125.0
 20
-62500.0
 10
9125.0
 20
-62000.0
 10
8875.0
 20
-62000.0
  0
LWPOLYLINE
  5
5F3
330
17
100
AcDbEntity
  8
S-BEAM
100
AcDbPolyline
 90
4
 70
1
 10
13375.0
 20
-62500.0
 10
13625.0
 20
-62500.0
 10
13625.0
 20
-62000.0
 10
13375.0
 20
-62000.0
  0
LWPOLYLINE
  5
5F4
330
17
100
AcDbEntity
  8
S-BEAM
100
AcDbPolyline
 90
4
 70
1
 10
17875.0
 20
-62500.0
 10
18125.0
 20
-62500.0
 10
18125.0
 20
-62000.0
 10
17875.0
 20
-62000.0
  0
LWPOLYLINE
  5
5F5
330
17
100
AcDbEntity
  8
S-BEAM
100
AcDbPolyline
 90
4
 70
1
 10
22375.0
 20
-62500.0
 10
22625.0
 20
-62500.0
 10
22625.0
 20
-62000.0
 10
22375.0
 20
-62000.0
  0
LINE
  5
5F6
330
17
100
AcDbEntity
  8
S-SLAB
100
AcDbLine
 10
0.0
 20
-62150.0
 30
0.0
 11
22500.0
 21
-62150.0
 31
0.0
  0
LINE
  5
5F7
330
17
100
AcDbEntity
  8
S-FDN
100
AcDbLine
 10
-2500.0
 20
-81500.0
 30
0.0
 11
25000.0
 21
-81500.0
 31
0.0
  0
TEXT
  5
5F8
330
17
100
AcDbEntity
  8
S-TEXT
100
AcDbText
 10
-2500.0
 20
-81200.0
 30
0.0
 40
300.0
  1
GROUND
 11
-2500.0
 21
-81200.0
 31
0.0
100
AcDbText
  0
DIMENSION
  5
5F9
330
17
100
AcDbEntity
  8
S-DIMS
100
AcDbDimension
  2
*D23
  3
EZDXF
 10
-4500.0
 20
-81500.0
 30
0.0
 11
-4860.0
 21
-80750.0
 31
0.0
 70
32
 71
5
  1
<>
100
AcDbAlignedDimension
 13
-3300.0
 23
-81500.0
 33
0.0
 14
-3300.0
 24
-80000.0
 34
0.0
 50
90.0
100
AcDbRotatedDimension
1001
ACAD
1000
DSTYLE
1002
{
1070
140
1040
300.0
1070
41
1040
180.0
1070
44
1040
150.0
1070
42
1040
90.0
1070
147
1040
60.0
1070
271
1070
0
1070
77
1070
1
1070
73
1070
1
1070
74
1070
1
1002
}
  0
DIMENSION
  5
609
330
17
100
AcDbEntity
  8
S-DIMS
100
AcDbDimension
  2
*D24
  3
EZDXF
 10
-4500.0
 20
-80000.0
 30
0.0
 11
-4710.0
 21
-78500.0
 31
0.0
 70
32
 71
5
  1
<>
100
AcDbAlignedDimension
 13
-3300.0
 23
-80000.0
 33
0.0
 14
-3300.0
 24
-77000.0
 34
0.0
 50
90.0
100
AcDbRotatedDimension
1001
ACAD
1000
DSTYLE
1002
{
1070
140
1040
300.0
1070
41
1040
180.0
1070
44
1040
150.0
1070
42
1040
90.0
1070
147
1040
60.0
1070
271
1070
0
1070
77
1070
1
1070
73
1070
1
1070
74
1070
1
1002
}
  0
DIMENSION
  5
619
330
17
100
AcDbEntity
  8
S-DIMS
100
AcDbDimension
  2
*D25
  3
EZDXF
 10
-4500.0
 20
-77000.0
 30
0.0
 11
-4710.0
 21
-75500.0
 31
0.0
 70
32
 71
5
  1
<>
100
AcDbAlignedDimension
 13
-3300.0
 23
-77000.0
 33
0.0
 14
-3300.0
 24
-74000.0
 34
0.0
 50
90.0
100
AcDbRotatedDimension
1001
ACAD
1000
DSTYLE
1002
{
1070
140
1040
300.0
1070
41
1040
180.0
1070
44
1040
150.0
1070
42
1040
90.0
1070
147
1040
60.0
1070
271
1070
0
1070
77
1070
1
1070
73
1070
1
1070
74
1070
1
1002
}
  0
DIMENSION
  5
629
330
17
100
AcDbEntity
  8
S-DIMS
100
AcDbDimension
  2
*D26
  3
EZDXF
 10
-4500.0
 20
-74000.0
 30
0.0
 11
-4710.0
 21
-72500.0
 31
0.0
 70
32
 71
5
  1
<>
100
AcDbAlignedDimension
 13
-3300.0
 23
-74000.0
 33
0.0
 14
-3300.0
 24
-71000.0
 34
0.0
 50
90.0
100
AcDbRotatedDimension
1001
ACAD
1000
DSTYLE
1002
{
1070
140
1040
300.0
1070
41
1040
180.0
1070
44
1040
150.0
1070
42
1040
90.0
1070
147
1040
60.0
1070
271
1070
0
1070
77
1070
1
1070
73
1070
1
1070
74
1070
1
1002
}
  0
DIMENSION
  5
639
330
17
100
AcDbEntity
  8
S-DIMS
100
AcDbDimension
  2
*D27
  3
EZDXF
 10
-4500.0
 20
-71000.0
 30
0.0
 11
-4710.0
 21
-69500.0
 31
0.0
 70
32
 71
5
  1
<>
100
AcDbAlignedDimension
 13
-3300.0
 23
-71000.0
 33
0.0
 14
-3300.0
 24
-68000.0
 34
0.0
 50
90.0
100
AcDbRotatedDimension
1001
ACAD
1000
DSTYLE
1002
{
1070
140
1040
300.0
1070
41
1040
180.0
1070
44
1040
150.0
1070
42
1040
90.0
1070
147
1040
60.0
1070
271
1070
0
1070
77
1070
1
1070
73
1070
1
1070
74
1070
1
1002
}
  0
DIMENSION
  5
649
330
17
100
AcDbEntity
  8
S-DIMS
100
AcDbDimension
  2
*D28
  3
EZDXF
 10
-4500.0
 20
-68000.0
 30
0.0
 11
-4710.0
 21
-66500.0
 31
0.0
 70
32
 71
5
  1
<>
100
AcDbAlignedDimension
 13
-3300.0
 23
-68000.0
 33
0.0
 14
-3300.0
 24
-65000.0
 34
0.0
 50
90.0
100
AcDbRotatedDimension
1001
ACAD
1000
DSTYLE
1002
{
1070
140
1040
300.0
1070
41
1040
180.0
1070
44
1040
150.0
1070
42
1040
90.0
1070
147
1040
60.0
1070
271
1070
0
1070
77
1070
1
1070
73
1070
1
1070
74
1070
1
1002
}
  0
DIMENSION
  5
659
330
17
100
AcDbEntity
  8
S-DIMS
100
AcDbDimension
  2
*D29
  3
EZDXF
 10
-4500.0
 20
-65000.0
 30
0.0
 11
-4710.0
 21
-63500.0
 31
0.0
 70
32
 71
5
  1
<>
100
AcDbAlignedDimension
 13
-3300.0
 23
-65000.0
 33
0.0
 14
-3300.0
 24
-62000.0
 34
0.0
 50
90.0
100
AcDbRotatedDimension
1001
ACAD
1000
DSTYLE
1002
{
1070
140
1040
300.0
1070
41
1040
180.0
1070
44
1040
150.0
1070
42
1040
90.0
1070
147
1040
60.0
1070
271
1070
0
1070
77
1070
1
1070
73
1070
1
1070
74
1070
1
1002
}
  0
TEXT
  5
669
330
17
100
AcDbEntity
  8
S-TEXT
100
AcDbText
 10
11250.0
 20
-84800.0
 30
0.0
 40
600.0
  1
SECTION A-A
 72
1
 11
11250.0
 21
-84800.0
 31
0.0
100
AcDbText
 73
2
  0
TEXT
  5
66A
330
17
100
AcDbEntity
  8
S-TEXT
100
AcDbText
 10
11250.0
 20
-85700.0
 30
0.0
 40
350.0
  1
SECTIONS  |  STOREY HEIGHTS PER LEVEL STACK, SEE GENERAL NOTES
 72
1
 11
11250.0
 21
-85700.0
 31
0.0
100
AcDbText
 73
2
  0
TEXT
  5
66B
330
17
100
AcDbEntity
  8
S-TEXT
100
AcDbText
 10
49000.0
 20
-78800.0
 30
0.0
 40
600.0
  1
GENERAL NOTES
 72
1
 11
49000.0
 21
-78800.0
 31
0.0
100
AcDbText
 73
2
  0
MTEXT
  5
66C
330
17
100
AcDbEntity
  8
S-TEXT
100
AcDbMText
 10
40000.0
 20
-80000.0
 30
0.0
 40
320.0
 41
18000.0
 71
1
  1
1. CONCRETE\PM25 FOR ALL RCC WORK (fck = 25 N/mm2). CEMENT OPC 43 GRADE.\PMAXIMUM AGGREGATE 20 mm, SLUMP 75 TO 100 mm.
  0
MTEXT
  5
66D
330
17
100
AcDbEntity
  8
S-TEXT
100
AcDbMText
 10
40000.0
 20
-82200.0
 30
0.0
 40
320.0
 41
18000.0
 71
1
  1
2. REINFORCEMENT\PFe500 HIGH YIELD DEFORMED BARS, fy = 500 N/mm2.\PBAR MARKS: T = Fe500.
  0
MTEXT
  5
66E
330
17
100
AcDbEntity
  8
S-TEXT
100
AcDbMText
 10
40000.0
 20
-84400.0
 30
0.0
 40
320.0
 41
18000.0
 71
1
  1
3. CLEAR COVER\PFOOTINGS AND PILE CAPS 50 mm, COLUMNS 40 mm, BEAMS 25 mm,\PSLABS 20 mm.
  0
MTEXT
  5
66F
330
17
100
AcDbEntity
  8
S-TEXT
100
AcDbMText
 10
40000.0
 20
-86600.0
 30
0.0
 40
320.0
 41
18000.0
 71
1
  1
4. LAPS\PLAP LENGTH 50d FOR BARS IN TENSION, STAGGERED, NOT MORE THAN\P50% OF BARS LAPPED AT ONE SECTION. NO LAPS AT BEAM-COLUMN JOINTS.
  0
MTEXT
  5
670
330
17
100
AcDbEntity
  8
S-TEXT
100
AcDbMText
 10
40000.0
 20
-88800.0
 30
0.0
 40
320.0
 41
18000.0
 71
1
  1
5. LEVELS\PGF AT +0.000. FOOTING TOP AT -1.500. TYPICAL STOREY 3.000 m,\PROOF MACHINE ROOM 2.400 m.
  0
MTEXT
  5
671
330
17
100
AcDbEntity
  8
S-TEXT
100
AcDbMText
 10
40000.0
 20
-91000.0
 30
0.0
 40
320.0
 41
18000.0
 71
1
  1
6. DIMENSIONS\PALL DIMENSIONS IN mm UNLESS NOTED. LEVELS IN m. DO NOT SCALE.\PGRID A TO F AND 1 TO 6 AS PLANS.
  0
TEXT
  5
672
330
17
100
AcDbEntity
  8
S-TEXT
100
AcDbText
 10
49000.0
 20
-93800.0
 30
0.0
 40
400.0
  1
SIX-STOREY RCC RESIDENTIAL BUILDING
 72
1
 11
49000.0
 21
-93800.0
 31
0.0
100
AcDbText
 73
2
  0
INSERT
  5
678
330
673
100
AcDbEntity
 67
1
  8
S-TITLE
100
AcDbBlockReference
  2
TITLE_BLOCK
 10
0.0
 20
0.0
 30
0.0
  0
TEXT
  5
67A
330
673
100
AcDbEntity
 67
1
  8
S-TEXT
100
AcDbText
 10
220.0
 20
28.0
 30
0.0
 40
6.0
  1
FOUNDATION PLAN
 11
220.0
 21
28.0
 31
0.0
100
AcDbText
  0
TEXT
  5
67B
330
673
100
AcDbEntity
 67
1
  8
S-TEXT
100
AcDbText
 10
220.0
 20
21.0
 30
0.0
 40
3.5
  1
F-RCC6  SAMPLE  SIX-STOREY RCC RESIDENTIAL BUILDING
 11
220.0
 21
21.0
 31
0.0
100
AcDbText
  0
TEXT
  5
67C
330
673
100
AcDbEntity
 67
1
  8
S-TEXT
100
AcDbText
 10
220.0
 20
14.0
 30
0.0
 40
3.0
  1
SHEET 1 OF 8  |  A3  |  ALL DIMENSIONS IN mm
 11
220.0
 21
14.0
 31
0.0
100
AcDbText
  0
ENDSEC
  0
SECTION
  2
OBJECTS
  0
DICTIONARY
  5
A
330
0
100
AcDbDictionary
281
1
  3
ACAD_COLOR
350
B
  3
ACAD_GROUP
350
C
  3
ACAD_LAYOUT
350
D
  3
ACAD_MATERIAL
350
E
  3
ACAD_MLEADERSTYLE
350
F
  3
ACAD_MLINESTYLE
350
10
  3
ACAD_PLOTSETTINGS
350
11
  3
ACAD_PLOTSTYLENAME
350
12
  3
ACAD_SCALELIST
350
14
  3
ACAD_TABLESTYLE
350
15
  3
ACAD_VISUALSTYLE
350
16
  3
EZDXF_META
350
2D
  0
DICTIONARY
  5
B
330
A
100
AcDbDictionary
281
1
  0
DICTIONARY
  5
C
330
A
100
AcDbDictionary
281
1
  0
DICTIONARY
  5
D
330
A
100
AcDbDictionary
281
1
  3
Model
350
1A
  3
FOUNDATION PLAN
350
676
  3
TYPICAL FLOOR PLAN
350
680
  3
ROOF PLAN
350
68A
  3
COLUMN SCHEDULE
350
694
  3
BEAM SCHEDULE
350
69E
  3
FOOTING SCHEDULE
350
6A8
  3
SECTIONS
350
6B2
  3
GENERAL NOTES
350
6BC
  0
DICTIONARY
  5
E
330
A
100
AcDbDictionary
281
1
  3
ByBlock
350
1F
  3
ByLayer
350
20
  3
Global
350
21
  0
DICTIONARY
  5
F
330
A
100
AcDbDictionary
281
1
  3
Standard
350
2C
  0
DICTIONARY
  5
10
330
A
100
AcDbDictionary
281
1
  3
Standard
350
22
  0
DICTIONARY
  5
11
330
A
100
AcDbDictionary
281
1
  0
ACDBDICTIONARYWDFLT
  5
12
330
A
100
AcDbDictionary
281
1
  3
Normal
350
13
100
AcDbDictionaryWithDefault
340
13
  0
ACDBPLACEHOLDER
  5
13
330
12
  0
DICTIONARY
  5
14
330
A
100
AcDbDictionary
281
1
  0
DICTIONARY
  5
15
330
A
100
AcDbDictionary
281
1
  0
DICTIONARY
  5
16
330
A
100
AcDbDictionary
281
1
  3
2dWireframe
350
5A
  3
Basic
350
5B
  3
Brighten
350
5C
  3
ColorChange
350
5D
  3
Conceptual
350
5E
  3
Dim
350
5F
  3
EdgeColorOff
350
60
  3
Facepattern
350
61
  3
Flat
350
62
  3
FlatWithEdges
350
63
  3
Gouraud
350
64
  3
GouraudWithEdges
350
65
  3
Hidden
350
66
  3
JitterOff
350
67
  3
Linepattern
350
68
  3
Modeling
350
69
  3
OverhangOff
350
6A
  3
Realistic
350
6B
  3
Shaded
350
6C
  3
Shaded with edges
350
6D
  3
Shades of Gray
350
6E
  3
Sketchy
350
6F
  3
Thicken
350
70
  3
Wireframe
350
71
  3
X-Ray
350
72
  0
LAYOUT
  5
1A
330
D
100
AcDbPlotSettings
  1

  4
A3
  6

 40
7.5
 41
20.0
 42
7.5
 43
20.0
 44
420.0
 45
297.0
 46
0.0
 47
0.0
 48
0.0
 49
0.0
140
0.0
141
0.0
142
1.0
143
1.0
 70
1024
 72
1
 73
0
 74
5
  7

 75
16
 76
0
 77
2
 78
300
147
1.0
148
0.0
149
0.0
100
AcDbLayout
  1
Model
 70
1
 71
0
 10
0.0
 20
0.0
 11
420.0
 21
297.0
 12
0.0
 22
0.0
 32
0.0
 14
1e+20
 24
1e+20
 34
1e+20
 15
-1e+20
 25
-1e+20
 35
-1e+20
146
0.0
 13
0.0
 23
0.0
 33
0.0
 16
1.0
 26
0.0
 36
0.0
 17
0.0
 27
1.0
 37
0.0
 76
1
330
17
  0
MATERIAL
  5
1F
102
{ACAD_REACTORS
330
E
102
}
330
E
100
AcDbMaterial
  1
ByBlock
  2

 70
0
 40
1.0
 71
1
 41
1.0
 91
-1023410177
 42
1.0
 72
1
  3

 73
1
 74
1
 75
1
 44
0.5
 73
0
 45
1.0
 46
1.0
 77
1
  4

 78
1
 79
1
170
1
 48
1.0
171
1
  6

172
1
173
1
174
1
140
1.0
141
1.0
175
1
  7

176
1
177
1
178
1
143
1.0
179
1
  8

270
1
271
1
272
1
145
1.0
146
1.0
273
1
  9

274
1
275
1
276
1
 42
1.0
 72
1
  3

 73
1
 74
1
 75
1
 94
63
  0
MATERIAL
  5
20
102
{ACAD_REACTORS
330
E
102
}
330
E
100
AcDbMaterial
  1
ByLayer
  2

 70
0
 40
1.0
 71
1
 41
1.0
 91
-1023410177
 42
1.0
 72
1
  3

 73
1
 74
1
 75
1
 44
0.5
 73
0
 45
1.0
 46
1.0
 77
1
  4

 78
1
 79
1
170
1
 48
1.0
171
1
  6

172
1
173
1
174
1
140
1.0
141
1.0
175
1
  7

176
1
177
1
178
1
143
1.0
179
1
  8

270
1
271
1
272
1
145
1.0
146
1.0
273
1
  9

274
1
275
1
276
1
 42
1.0
 72
1
  3

 73
1
 74
1
 75
1
 94
63
  0
MATERIAL
  5
21
102
{ACAD_REACTORS
330
E
102
}
330
E
100
AcDbMaterial
  1
Global
  2

 70
0
 40
1.0
 71
1
 41
1.0
 91
-1023410177
 42
1.0
 72
1
  3

 73
1
 74
1
 75
1
 44
0.5
 73
0
 45
1.0
 46
1.0
 77
1
  4

 78
1
 79
1
170
1
 48
1.0
171
1
  6

172
1
173
1
174
1
140
1.0
141
1.0
175
1
  7

176
1
177
1
178
1
143
1.0
179
1
  8

270
1
271
1
272
1
145
1.0
146
1.0
273
1
  9

274
1
275
1
276
1
 42
1.0
 72
1
  3

 73
1
 74
1
 75
1
 94
63
  0
MLINESTYLE
  5
22
102
{ACAD_REACTORS
330
10
102
}
330
10
100
AcDbMlineStyle
  2
Standard
 70
0
  3

 62
256
 51
90.0
 52
90.0
 71
2
 49
0.5
 62
256
  6
BYLAYER
 49
-0.5
 62
256
  6
BYLAYER
  0
MLEADERSTYLE
  5
2C
102
{ACAD_REACTORS
330
F
102
}
330
F
100
AcDbMLeaderStyle
179
2
170
2
171
1
172
0
 90
2
 40
0.0
 41
0.0
173
1
 91
-1056964608
 92
-2
290
1
 42
2.0
291
1
 43
8.0
  3
Standard
 44
4.0
300

342
29
174
1
175
1
176
0
178
1
 93
-1056964608
 45
4.0
292
0
297
0
 46
4.0
 94
-1056964608
 47
1.0
 49
1.0
140
1.0
294
1
141
0.0
177
0
142
1.0
295
0
296
0
143
3.75
271
0
272
9
273
9
  0
DICTIONARY
  5
2D
330
A
100
AcDbDictionary
280
1
281
1
  3
CREATED_BY_EZDXF
350
2E
  3
WRITTEN_BY_EZDXF
350
6C5
  0
DICTIONARYVAR
  5
2E
330
2D
100
DictionaryVariables
280
0
  1
0.0 @ 2000-01-01T00:00:00.000000+00:00
  0
VISUALSTYLE
  5
5A
102
{ACAD_REACTORS
330
16
102
}
330
16
100
AcDbVisualStyle
  2
2dWireframe
 70
4
 90
0
 40
0.6
 62
7
290
0
291
0
  0
VISUALSTYLE
  5
5B
102
{ACAD_REACTORS
330
16
102
}
330
16
100
AcDbVisualStyle
  2
Basic
 70
7
 90
1
 40
0.6
 62
7
290
0
291
1
  0
VISUALSTYLE
  5
5C
102
{ACAD_REACTORS
330
16
102
}
330
16
100
AcDbVisualStyle
  2
Brighten
 70
12
 90
2
 40
0.6
 62
7
290
0
291
1
  0
VISUALSTYLE
  5
5D
102
{ACAD_REACTORS
330
16
102
}
330
16
100
AcDbVisualStyle
  2
ColorChange
 70
16
 90
2
 40
0.6
 62
8
290
0
291
1
  0
VISUALSTYLE
  5
5E
102
{ACAD_REACTORS
330
16
102
}
330
16
100
AcDbVisualStyle
  2
Conceptual
 70
9
 90
3
 40
0.6
 62
7
290
0
291
0
  0
VISUALSTYLE
  5
5F
102
{ACAD_REACTORS
330
16
102
}
330
16
100
AcDbVisualStyle
  2
Dim
 70
11
 90
2
 40
0.6
 62
7
290
0
291
1
  0
VISUALSTYLE
  5
60
102
{ACAD_REACTORS
330
16
102
}
330
16
100
AcDbVisualStyle
  2
EdgeColorOff
 70
22
 90
2
 40
0.6
 62
7
290
0
291
1
  0
VISUALSTYLE
  5
61
102
{ACAD_REACTORS
330
16
102
}
330
16
100
AcDbVisualStyle
  2
Facepattern
 70
15
 90
2
 40
0.6
 62
7
290
0
291
1
  0
VISUALSTYLE
  5
62
102
{ACAD_REACTORS
330
16
102
}
330
16
100
AcDbVisualStyle
  2
Flat
 70
0
 90
2
 40
0.6
 62
7
290
0
291
1
  0
VISUALSTYLE
  5
63
102
{ACAD_REACTORS
330
16
102
}
330
16
100
AcDbVisualStyle
  2
FlatWithEdges
 70
1
 90
2
 40
0.6
 62
7
290
0
291
1
  0
VISUALSTYLE
  5
64
102
{ACAD_REACTORS
330
16
102
}
330
16
100
AcDbVisualStyle
  2
Gouraud
 70
2
 90
2
 40
0.6
 62
7
290
0
291
1
  0
VISUALSTYLE
  5
65
102
{ACAD_REACTORS
330
16
102
}
330
16
100
AcDbVisualStyle
  2
GouraudWithEdges
 70
3
 90
2
 40
0.6
 62
7
290
0
291
1
  0
VISUALSTYLE
  5
66
102
{ACAD_REACTORS
330
16
102
}
330
16
100
AcDbVisualStyle
  2
Hidden
 70
6
 90
1
 40
0.6
 62
7
290
0
291
0
  0
VISUALSTYLE
  5
67
102
{ACAD_REACTORS
330
16
102
}
330
16
100
AcDbVisualStyle
  2
JitterOff
 70
20
 90
2
 40
0.6
 62
7
290
0
291
1
  0
VISUALSTYLE
  5
68
102
{ACAD_REACTORS
330
16
102
}
330
16
100
AcDbVisualStyle
  2
Linepattern
 70
14
 90
2
 40
0.6
 62
7
290
0
291
1
  0
VISUALSTYLE
  5
69
102
{ACAD_REACTORS
330
16
102
}
330
16
100
AcDbVisualStyle
  2
Modeling
 70
10
 90
2
 40
0.6
 62
7
290
0
291
0
  0
VISUALSTYLE
  5
6A
102
{ACAD_REACTORS
330
16
102
}
330
16
100
AcDbVisualStyle
  2
OverhangOff
 70
21
 90
2
 40
0.6
 62
7
290
0
291
1
  0
VISUALSTYLE
  5
6B
102
{ACAD_REACTORS
330
16
102
}
330
16
100
AcDbVisualStyle
  2
Realistic
 70
8
 90
2
 40
0.6
 62
7
290
0
291
0
  0
VISUALSTYLE
  5
6C
102
{ACAD_REACTORS
330
16
102
}
330
16
100
AcDbVisualStyle
  2
Shaded
 70
27
 90
2
 40
0.6
 62
7
290
0
291
0
  0
VISUALSTYLE
  5
6D
102
{ACAD_REACTORS
330
16
102
}
330
16
100
AcDbVisualStyle
  2
Shaded with edges
 70
26
 90
2
 40
0.6
 62
7
290
0
291
0
  0
VISUALSTYLE
  5
6E
102
{ACAD_REACTORS
330
16
102
}
330
16
100
AcDbVisualStyle
  2
Shades of Gray
 70
23
 90
2
 40
0.6
 62
7
290
0
291
0
  0
VISUALSTYLE
  5
6F
102
{ACAD_REACTORS
330
16
102
}
330
16
100
AcDbVisualStyle
  2
Sketchy
 70
24
 90
1
 40
0.6
 62
7
290
0
291
0
  0
VISUALSTYLE
  5
70
102
{ACAD_REACTORS
330
16
102
}
330
16
100
AcDbVisualStyle
  2
Thicken
 70
13
 90
2
 40
0.6
 62
7
290
0
291
1
  0
VISUALSTYLE
  5
71
102
{ACAD_REACTORS
330
16
102
}
330
16
100
AcDbVisualStyle
  2
Wireframe
 70
5
 90
0
 40
0.6
 62
7
290
0
291
0
  0
VISUALSTYLE
  5
72
102
{ACAD_REACTORS
330
16
102
}
330
16
100
AcDbVisualStyle
  2
X-Ray
 70
25
 90
2
 40
0.5
 62
7
290
0
291
0
  0
LAYOUT
  5
676
330
D
100
AcDbPlotSettings
  1

  2
DWG to PDF.pc3
  4
ezdxf_(420.00_x_297.00_MM)
  6

 40
0.0
 41
0.0
 42
0.0
 43
0.0
 44
420.0
 45
297.0
 46
0.0
 47
0.0
 48
0.0
 49
0.0
140
0.0
141
0.0
142
1.0
143
1.0
 70
672
 72
1
 73
0
 74
5
  7

 75
16
 76
0
 77
2
 78
300
147
1.0
148
0.0
149
0.0
100
AcDbLayout
  1
FOUNDATION PLAN
 70
1
 71
3
 10
-0.0
 20
-0.0
 11
420.0
 21
297.0
 12
0.0
 22
0.0
 32
0.0
 14
1e+20
 24
1e+20
 34
1e+20
 15
-1e+20
 25
-1e+20
 35
-1e+20
146
0.0
 13
0.0
 23
0.0
 33
0.0
 16
1.0
 26
0.0
 36
0.0
 17
0.0
 27
1.0
 37
0.0
 76
1
330
673
  0
LAYOUT
  5
680
330
D
100
AcDbPlotSettings
  1

  2
DWG to PDF.pc3
  4
ezdxf_(420.00_x_297.00_MM)
  6

 40
0.0
 41
0.0
 42
0.0
 43
0.0
 44
420.0
 45
297.0
 46
0.0
 47
0.0
 48
0.0
 49
0.0
140
0.0
141
0.0
142
1.0
143
1.0
 70
672
 72
1
 73
0
 74
5
  7

 75
16
 76
0
 77
2
 78
300
147
1.0
148
0.0
149
0.0
100
AcDbLayout
  1
TYPICAL FLOOR PLAN
 70
1
 71
4
 10
-0.0
 20
-0.0
 11
420.0
 21
297.0
 12
0.0
 22
0.0
 32
0.0
 14
1e+20
 24
1e+20
 34
1e+20
 15
-1e+20
 25
-1e+20
 35
-1e+20
146
0.0
 13
0.0
 23
0.0
 33
0.0
 16
1.0
 26
0.0
 36
0.0
 17
0.0
 27
1.0
 37
0.0
 76
1
330
67D
  0
LAYOUT
  5
68A
330
D
100
AcDbPlotSettings
  1

  2
DWG to PDF.pc3
  4
ezdxf_(420.00_x_297.00_MM)
  6

 40
0.0
 41
0.0
 42
0.0
 43
0.0
 44
420.0
 45
297.0
 46
0.0
 47
0.0
 48
0.0
 49
0.0
140
0.0
141
0.0
142
1.0
143
1.0
 70
672
 72
1
 73
0
 74
5
  7

 75
16
 76
0
 77
2
 78
300
147
1.0
148
0.0
149
0.0
100
AcDbLayout
  1
ROOF PLAN
 70
1
 71
5
 10
-0.0
 20
-0.0
 11
420.0
 21
297.0
 12
0.0
 22
0.0
 32
0.0
 14
1e+20
 24
1e+20
 34
1e+20
 15
-1e+20
 25
-1e+20
 35
-1e+20
146
0.0
 13
0.0
 23
0.0
 33
0.0
 16
1.0
 26
0.0
 36
0.0
 17
0.0
 27
1.0
 37
0.0
 76
1
330
687
  0
LAYOUT
  5
694
330
D
100
AcDbPlotSettings
  1

  2
DWG to PDF.pc3
  4
ezdxf_(420.00_x_297.00_MM)
  6

 40
0.0
 41
0.0
 42
0.0
 43
0.0
 44
420.0
 45
297.0
 46
0.0
 47
0.0
 48
0.0
 49
0.0
140
0.0
141
0.0
142
1.0
143
1.0
 70
672
 72
1
 73
0
 74
5
  7

 75
16
 76
0
 77
2
 78
300
147
1.0
148
0.0
149
0.0
100
AcDbLayout
  1
COLUMN SCHEDULE
 70
1
 71
6
 10
-0.0
 20
-0.0
 11
420.0
 21
297.0
 12
0.0
 22
0.0
 32
0.0
 14
1e+20
 24
1e+20
 34
1e+20
 15
-1e+20
 25
-1e+20
 35
-1e+20
146
0.0
 13
0.0
 23
0.0
 33
0.0
 16
1.0
 26
0.0
 36
0.0
 17
0.0
 27
1.0
 37
0.0
 76
1
330
691
  0
LAYOUT
  5
69E
330
D
100
AcDbPlotSettings
  1

  2
DWG to PDF.pc3
  4
ezdxf_(420.00_x_297.00_MM)
  6

 40
0.0
 41
0.0
 42
0.0
 43
0.0
 44
420.0
 45
297.0
 46
0.0
 47
0.0
 48
0.0
 49
0.0
140
0.0
141
0.0
142
1.0
143
1.0
 70
672
 72
1
 73
0
 74
5
  7

 75
16
 76
0
 77
2
 78
300
147
1.0
148
0.0
149
0.0
100
AcDbLayout
  1
BEAM SCHEDULE
 70
1
 71
7
 10
-0.0
 20
-0.0
 11
420.0
 21
297.0
 12
0.0
 22
0.0
 32
0.0
 14
1e+20
 24
1e+20
 34
1e+20
 15
-1e+20
 25
-1e+20
 35
-1e+20
146
0.0
 13
0.0
 23
0.0
 33
0.0
 16
1.0
 26
0.0
 36
0.0
 17
0.0
 27
1.0
 37
0.0
 76
1
330
69B
  0
LAYOUT
  5
6A8
330
D
100
AcDbPlotSettings
  1

  2
DWG to PDF.pc3
  4
ezdxf_(420.00_x_297.00_MM)
  6

 40
0.0
 41
0.0
 42
0.0
 43
0.0
 44
420.0
 45
297.0
 46
0.0
 47
0.0
 48
0.0
 49
0.0
140
0.0
141
0.0
142
1.0
143
1.0
 70
672
 72
1
 73
0
 74
5
  7

 75
16
 76
0
 77
2
 78
300
147
1.0
148
0.0
149
0.0
100
AcDbLayout
  1
FOOTING SCHEDULE
 70
1
 71
8
 10
-0.0
 20
-0.0
 11
420.0
 21
297.0
 12
0.0
 22
0.0
 32
0.0
 14
1e+20
 24
1e+20
 34
1e+20
 15
-1e+20
 25
-1e+20
 35
-1e+20
146
0.0
 13
0.0
 23
0.0
 33
0.0
 16
1.0
 26
0.0
 36
0.0
 17
0.0
 27
1.0
 37
0.0
 76
1
330
6A5
  0
LAYOUT
  5
6B2
330
D
100
AcDbPlotSettings
  1

  2
DWG to PDF.pc3
  4
ezdxf_(420.00_x_297.00_MM)
  6

 40
0.0
 41
0.0
 42
0.0
 43
0.0
 44
420.0
 45
297.0
 46
0.0
 47
0.0
 48
0.0
 49
0.0
140
0.0
141
0.0
142
1.0
143
1.0
 70
672
 72
1
 73
0
 74
5
  7

 75
16
 76
0
 77
2
 78
300
147
1.0
148
0.0
149
0.0
100
AcDbLayout
  1
SECTIONS
 70
1
 71
9
 10
-0.0
 20
-0.0
 11
420.0
 21
297.0
 12
0.0
 22
0.0
 32
0.0
 14
1e+20
 24
1e+20
 34
1e+20
 15
-1e+20
 25
-1e+20
 35
-1e+20
146
0.0
 13
0.0
 23
0.0
 33
0.0
 16
1.0
 26
0.0
 36
0.0
 17
0.0
 27
1.0
 37
0.0
 76
1
330
6AF
  0
LAYOUT
  5
6BC
330
D
100
AcDbPlotSettings
  1

  2
DWG to PDF.pc3
  4
ezdxf_(420.00_x_297.00_MM)
  6

 40
0.0
 41
0.0
 42
0.0
 43
0.0
 44
420.0
 45
297.0
 46
0.0
 47
0.0
 48
0.0
 49
0.0
140
0.0
141
0.0
142
1.0
143
1.0
 70
672
 72
1
 73
0
 74
5
  7

 75
16
 76
0
 77
2
 78
300
147
1.0
148
0.0
149
0.0
100
AcDbLayout
  1
GENERAL NOTES
 70
1
 71
10
 10
-0.0
 20
-0.0
 11
420.0
 21
297.0
 12
0.0
 22
0.0
 32
0.0
 14
1e+20
 24
1e+20
 34
1e+20
 15
-1e+20
 25
-1e+20
 35
-1e+20
146
0.0
 13
0.0
 23
0.0
 33
0.0
 16
1.0
 26
0.0
 36
0.0
 17
0.0
 27
1.0
 37
0.0
 76
1
330
6B9
  0
DICTIONARYVAR
  5
6C5
330
2D
100
DictionaryVariables
280
0
  1
0.0 @ 2000-01-01T00:00:00.000000+00:00
  0
ENDSEC
  0
EOF
